-271.5764113269068,-156.6296101174897,288.8666831285001,229.29105308004046,-127.70180628485701,93.64782785114032,-130.08642967502112,-69.73564946444837,72.75700182971802,-0.12272092036669832,-106.42042937263484,-124.55477113353601,10.101003274268752,40.65326302027215,37.109419536374574,190.2093436308186,-182.13349325995912,-63.74539808952567,-35.5192158504481,69.8232119373667,-115.24379605045172,-2.8310449221132794,-86.11492570895767,59.62827256361928,-133.1009765739092,-18.957630619522984,65.26700039881652,61.30590831664014,-125.7452071435352,-38.3001222132264,-28.457262979923104,13.409425539943221,-5.0798786667116325,120.73638177366259,-13.634797258374125,29.15383839281002,12.80108989133079,52.888736470436235,23.520515855603005,-40.49384525662143,106.95247412959718,31.88812018347309,-35.8310044007605,0.5690980903785593,19.10005207884159,-12.830005883623608,-37.833390229686444,52.44598240080462,-76.94278749020066,13.78455781129889
-334.63970798484274,-150.5293817891015,268.60812078171284,187.6943245338833,-102.52761019706975,131.92729035629114,-142.2610644104926,-46.22687003018001,70.99353603832425,22.20142320618114,-84.93090529230778,-143.65654519209056,-12.065156666856492,71.90698155174147,40.656116062327925,161.05880350590093,-160.48538172641207,-41.231548117023436,-49.73082568353365,86.3252040090347,-85.54645005142923,37.79286494571328,-79.4605583713545,55.019107743795026,-19.645603530812394,-45.259927058739265,3.7858311729075926,27.703783044493534,-40.652116850239274,-8.016252571375748,-20.2762027519056,-15.102128726977377,-26.48946434739622,20.35313151915458,17.50890813858474,3.610042446473363,11.776886211084042,20.664837710265363,9.166698124164224,25.944860390741017,-18.785643263423616,24.997632322977868,9.725291811192498,7.510511143914369,10.43559994033998,-14.959962244963624,13.844950031873646,-40.76134740956901,57.91467561551234,-15.189892980517845
-370.96315742587046,-133.02235801421057,266.74173077100573,179.66663346499482,-77.1882179356035,155.4613514860887,-147.6768587660354,-4.557406656554278,51.970121094298456,14.775024487203275,-78.71090719858033,-174.47545776089606,-12.791593314352989,76.82167992582234,37.97470687346352,115.37428921417207,-61.911399534563145,31.85540430745998,-25.329089002319307,62.51580585638192,-27.33302976212213,33.65678903884033,-25.917040634370792,14.808915430381985,69.87962436642209,-10.853829289740126,-35.188883460868894,-37.905705541437634,65.32100154427835,53.388413638324366,-10.265595320969227,-27.380254342158533,-9.67305908720324,-105.74089175967448,27.3387860362662,-30.33461699841079,-19.569635734800826,-19.133443920199433,-22.027885828983898,36.100888274778605,-101.39606903160595,4.924108312199795,26.79113326712438,-1.7331492060703904,-32.80480787347563,-16.551261968115533,36.81183950263624,-50.287948872931665,74.91243282001047,2.8724005267119894
-384.9993271695179,-140.7192098208543,268.68907296924135,174.22972903715316,-71.1548931148341,179.96411126697097,-127.11774104426776,23.372971421467476,42.79349660665401,-10.486837950569196,-68.78696994330795,-167.20431766908763,2.860286757290689,60.92221871319502,18.210424818697067,55.017210032814376,35.94398990557807,60.96502689243975,19.852782196980915,19.442748420474384,14.214223557042363,12.146677172240265,25.02021621473608,-24.303351661849202,72.28381890856141,9.62494231931694,-23.596246306449196,-63.82811823770096,84.0234192666718,52.010768413073656,11.752801782185987,-16.52050972470568,9.788244740256033,-99.84843451986667,21.26532402486577,-27.659362561512953,-24.555497337904477,-34.69280440250377,-20.177555122725696,-4.489332509350744,-60.67614126819191,-28.266612661966132,-5.322984558864576,-11.058049458727426,-19.24421564845887,10.28953731012071,7.131003986976002,0.1759258881620236,-26.461611248315243,20.182383548131448
-381.0237742015202,-158.2904336472362,285.0658991391657,161.6862027832131,-54.562202431477466,197.87263535175546,-85.90972406267394,35.454237111407146,30.52733779761638,-8.486992953829402,-68.29735213119007,-134.33688799294947,19.826843332514972,15.903923229092369,-15.465459401046532,2.5455331508709316,110.36664095005584,52.67374774369642,34.24292204275626,-7.799226317272031,44.7330054117445,-16.397770834779163,67.28447993775416,-47.62804539317754,60.52050002747956,32.942382878666216,-10.332201098018729,-49.41814132082955,84.86539765737086,27.55269295382441,30.455300846914184,39.75189213672231,0.5181325755604053,-44.35694546833011,11.043031341202198,-7.5646458633351,17.38283424507221,-28.65291634824321,-14.887797453966026,-24.937066715739245,-1.1965004488295248,-40.77927210184841,-34.482945442078666,-3.6244250215751395,-1.4817024337128046,34.8345360477707,-23.80948431266673,63.87049218597512,-73.74830778860661,-15.420338713574367
-382.950580688178,-169.14310388941539,291.7737728949976,144.97610928717253,-30.18066980775997,200.37987253845267,-60.960420094533816,71.37991291964568,-8.595628871557455,-0.07346252375730287,-53.666215228159395,-100.02517896232696,29.764736687994084,-14.969557601089631,-38.56984787818966,-36.22511582757524,169.94907537861008,10.230601842257427,29.142083554526046,-24.80852324256756,83.44087311286225,-48.380215231768375,81.96303928257615,-63.29181419976458,23.416739787607117,39.37327696986932,3.9284931033925186,4.411101642151124,36.8592048160244,-3.754597072338095,16.51963953398718,37.87866323545365,10.719782075165595,53.347292211452384,6.90773145568171,44.680679353823024,30.778343356027907,-4.02657778951354,2.8195186609594023,-22.850372732815494,42.205292439840775,5.449177626170903,-22.52220855336635,25.685008818186898,3.9426040945364806,13.75522910155312,-22.587086047815443,38.005930414116456,-23.66292743295811,-39.319830142438015
-385.88490955408713,-180.57662583358098,291.7439230431823,104.94194985986722,-23.06438920291976,176.3826434700109,-44.91553593085312,108.94538070409149,-38.92305108546749,13.406578986666554,-32.168842406720906,-57.3682337476658,35.09742894612585,-66.82805392588747,-18.15882310659538,-61.20497414177517,190.86576880685664,-11.593666130564388,29.060692638122234,-39.37499205455228,91.184634387599,-36.98736670878129,67.1963057710312,-42.56464020380502,-19.85357438589695,37.82923023769569,7.543641420923787,42.101547192240126,-19.89490447305889,-20.29014790960684,7.690587356082961,19.59692089504528,32.01332239806683,85.34272139143354,-7.283874616794388,46.01179644498207,7.495447308760607,20.68198834790292,19.14232058427198,10.746917492715998,57.257609511271234,13.224444168705894,1.3270325661844076,19.672595120938087,12.070456368322356,-22.616112983905197,-9.389196497681038,-30.932731698109848,40.9657263480221,-0.038289742478180636
-355.2905942714781,-201.2413875454315,312.022418032913,77.81498340353124,10.95906421616987,152.30315604594995,-42.30341382805092,132.8054835853716,-69.79052232890753,51.98110804448643,-18.484363845040274,1.3289316890782572,33.598289946211345,-104.44074065195218,1.3840410788053814,-73.71506212732746,186.11471656619437,-19.51877134963692,27.452873832297723,-61.848969262193286,50.44770934711773,11.192836397336688,49.751426592664856,-0.5384213757352426,-61.36250074052947,22.876763263378155,43.55618048158688,66.76223136770128,-47.297919118855276,-37.53420897212463,-0.4616655466629729,-3.1877102117158227,43.94866184928014,92.84167653945748,-42.94406642064789,32.31921781281898,-12.621423298455777,10.246303387075704,5.3464115046037,14.786267994950457,38.757269994416816,7.906623065110811,41.919312294625264,-10.222204723726835,22.97077303815663,-15.294510157478129,18.195988924892223,-71.23728119635473,65.43478407156209,30.1571434520169
422.9164517042987,-165.54926127911392,496.27771737709037,222.39274857425355,231.39804898308628,52.51940343233284,-220.91629816968216,108.65396184639731,-24.29053013983514,16.875472844884964,113.55095466344741,145.51179754398134,69.60965438133645,-145.23559535421288,-74.99029417537209,-47.53931091752017,-0.11963808503657769,96.65579854758509,-35.66156585590458,-135.83194903785366,41.47645155028027,145.08031958852948,-41.31016847574414,99.24623579553266,-147.42403550271337,-32.06968997525458,92.53415679400896,-18.94482283644745,-66.69949229453655,-67.28683396478763,-34.833661162911554,-61.51418125847884,-21.316311252105983,-51.78821390326277,-23.16880981223804,-91.0325934565664,-123.39883450149317,-33.733773382014526,34.75549737354879,34.54250115998647,-73.0167487076407,-7.51901604600075,59.31759855727261,-87.88842264185611,26.779154438000287,51.66869964237284,42.253458776177276,11.423634256498977,-27.352251570598376,-21.41454841457473
489.9334822455871,-157.5988077003174,412.78413086603837,31.539112828526502,41.491282443420054,88.94473693344322,-25.014967008176693,94.59811724994535,-157.0309235219623,242.1106146754332,-4.851305859479664,185.40276495927557,119.3761028837479,-66.59271791055794,-84.44957479789367,-101.95715907612359,-124.6665130815078,8.205153477172624,-90.69856595381081,-143.79740059137268,-92.44967614290032,85.45818065377932,15.384833200710473,54.74765453928709,7.784243276527042,-54.50726420545846,-35.420339787001005,35.800095534777704,26.196280111108415,42.62177562538839,29.169100602434177,-11.006502634663237,-14.849438819404787,-95.58939299661104,-11.785474777529116,12.692636839054144,135.1293392017861,56.49386538708517,-35.01696831331344,-36.83560750329596,4.717433182984821,-41.781901158631875,-71.25079437530059,148.93980685121878,-105.68309205579081,-58.93139670285522,-33.114097418363514,29.308720164912103,-24.206060181969747,-4.5526473043774365
384.16926890803023,-180.49503517940755,386.75174403264765,21.459563909172946,6.094803209894314,50.21245755564345,18.78603402625776,50.47638703146355,-194.0149831884145,162.84629572163232,13.165872088113126,127.3954392589897,5.524325437551645,22.273223963681218,-2.3496226484153646,-128.9612596612621,-157.7818051146058,-77.42418286694051,-47.95649390287756,0.9304255845209486,-108.83064904888651,-46.74078825553522,15.575740138962379,-34.86384647704602,117.9917671369783,-53.074154234918076,-107.0184457227536,-13.466116428251032,-11.029796974664348,30.355015228833597,38.89157170814442,19.73753889368675,10.438055027724028,32.0305526994158,68.38336936671773,92.11761792308319,36.80218533454118,-36.11639718549123,-26.258069169749973,21.085892181687374,26.88177145708195,39.6488517341514,-10.052336354425234,-87.75948265576304,70.66232674063654,51.28460160719646,-31.042991844365247,-75.95443723079447,53.898441514666004,28.806786371144575
417.05795240136496,-181.78444424037136,383.8111864131033,10.354130238384682,-43.90531490141005,19.35577295441275,49.93782345347814,9.641292889470037,-189.2034992794188,79.14525582479406,17.550065810825362,115.93393129799122,-53.121429800629976,62.34376603789546,83.40776597065933,-123.79323998633188,-108.80263464446243,-62.230167318142705,8.328483853132681,88.7901868643819,-1.719621207114908,-136.73151677247682,7.1401733275833745,-74.70015435427331,91.2389279887437,-6.101445303797699,-58.518717729989035,-48.450983124818286,-2.3202211119997416,-1.1489960061363358,-24.07208458126822,47.395532450172716,-1.0071300755114536,57.58109017444902,23.55655676229227,-19.589628164082903,-77.52583961772993,-25.629507486316403,-2.488874554923765,20.48191702347745,-2.9387309478029495,13.295724126250633,50.25010856940857,-79.06599687886224,75.7523014373905,22.522906348361026,45.103960409401026,42.336255804321326,-37.21103487174789,7.059157930337438
499.0077440353335,-179.70349848203338,397.69953258406156,-14.08596391250538,-71.79022773463194,-14.555137443565162,64.62559104603328,-28.89178955241552,-161.60814288584066,0.5101523592021148,26.238145689176257,108.43467822087281,-68.51384740117979,107.68447642797628,163.47649590993348,-49.0909613273186,-47.102773616744486,-8.337582732343666,33.51131718533422,128.08354070890599,65.54195763686515,-138.80267742229137,-25.787000805004556,-69.81025466312161,-21.44706921570155,58.00640184157682,27.613985082743007,-30.369442310041222,0.16026597693606567,-43.436468052276346,-56.572440561543374,33.10049988116668,-12.093516740002713,37.9760482776101,-30.222047592392034,-114.25046891993833,-72.34257257700841,1.803060412528475,36.43186056201196,-20.105012032436292,-24.6323579082594,-25.641090238162423,1.19816953214337,83.99308576753003,-82.52488942722215,-20.005748058950044,16.292027938618553,69.58680833836397,-53.27698948168965,11.086027866245622
552.8294195130371,-200.80612204733464,383.6433406939691,-55.862063570574584,-100.87977189569732,-76.61913933495808,126.94617362685311,-126.94200923275929,-108.58115309548978,-77.02649775034043,70.94613782326806,99.27881704530267,-84.67091495622843,57.975385943774306,223.21689789520238,56.74002120892521,27.57546633980009,59.08157645892643,74.7951362808301,101.41753409193174,61.140126554550775,-53.68771522385345,-16.272043672116485,-50.15408722432453,-111.50167681731384,65.07516625525759,97.91105884859456,23.15456475245052,9.934991607664585,-49.744667818116206,37.87464454506716,-56.24541269755623,1.3856454195191372,-100.69425581131446,-44.1209619074702,11.309297870963153,17.25852158741003,3.2102039607254027,21.930659069859804,-39.93446238789301,7.386833712227158,-28.615185500409165,-31.904459441444516,52.67406633973511,-45.85538046389353,-14.922770420765378,-43.02778197436634,-93.88832776866572,103.50847425733633,-65.5218823604581
592.3847820996303,-244.26626038749146,347.4756550120816,-78.18205692824597,-110.19198057332603,-86.09492399264222,201.54262086868906,-210.2867846897418,-17.117191827963953,-144.23096576045586,69.50053385082806,62.91309167541175,-1.9934780948040727,-59.258393656218914,174.63062326616316,162.59695656860168,93.43649633441785,54.37990605677134,84.1888942499319,-29.374554815551,-15.965859873867288,74.7917228136747,12.364205040923196,20.330713334592186,-59.28602314389976,-4.09683746088244,37.38387509371304,38.4556758794322,51.01378699428714,43.340525744252304,60.823667379765745,-68.36044565120227,50.26380322886476,-63.35745484961216,11.065365986277602,118.50137030889972,149.8630842907557,-10.871379770861614,-57.26646853020427,-4.323858339692609,-22.634001786702562,48.40111495172189,1.8792300660075407,-107.91011936907343,85.30613383172685,20.316840611980677,36.91299824003469,52.39459456260145,-75.20804789887539,38.2873173780243
687.1299357732054,-258.2472423798125,294.0214581299376,-90.31709298557759,-128.73499514677766,-85.00438702224896,223.1355188646445,-245.3267351468335,78.65168452344112,-165.6708916464007,28.19255140222653,31.034591658652865,57.201196223619675,-172.07168308622053,4.725417943261488,189.67815454865374,53.210601074456555,-15.614096370282914,20.3707019814694,-101.48108369532535,-46.588708382815874,144.14817856530405,31.81372685833375,53.23440384254196,73.99303466090879,-43.36482691430658,-79.72058961225635,-27.49040674140682,47.15533636127654,69.17900718332572,-54.003146823025425,126.48243258138127,-5.815202195587003,195.28270755271555,55.62495949062717,-36.4311943295721,-87.67792068081717,-25.438721455787057,-35.82183005858796,34.03711465412845,-20.745252759016964,-66.05259977756825,13.917273213410144,76.88340249912277,-65.04910471415356,26.21489484596137,1.8654027370907078,-38.518134037163,5.106272926127236,-0.621721724740939
-44.830035351069995,-342.7622639854005,161.6467963626859,-136.82289071898364,-284.00384594016526,-23.01202098153347,286.88064714449933,-111.56397558985066,112.59409294651263,-53.53656997993114,-62.25849164299824,-18.205174150221172,34.93259919429079,-128.0923228012896,-131.77902708570093,28.677749715574304,73.96927322098874,-158.01123116675805,-52.759934828884404,-96.72695854660111,-52.23401782712594,-42.802161163538116,0.19176273778698738,0.7253562315068072,93.62702556326504,-16.489379005443713,-46.549412594684,-48.46328513826453,-31.777965220603082,-56.390654762877865,-15.289536121881175,-10.812669283579655,-19.686305905977033,-113.50562756812879,-65.14579488055175,-69.3696666640588,-31.32789340067831,35.64815207914922,104.38796031147464,-30.64469274532153,27.041433308256842,55.77092448135211,-16.7000578153722,-63.89413235758354,22.051344415071963,-77.2974843968581,-31.16759201758914,27.680095312554673,78.41839332347101,-54.01532181999059
-236.37203624850778,-353.01150349977564,203.7951034935592,-91.85483552642427,-179.3995441883456,-98.72439819368354,155.32437937984994,-35.22101632437194,177.7552664888664,-92.28477588847046,-13.381221833348732,-26.876115519119015,-66.89616607451653,-96.18264517168369,-213.36497458601949,-58.50342359320184,-43.23225947449282,-154.5951469232159,-53.34801830592135,20.48454427479843,99.57838512544345,-49.57482343413799,-7.797544058571107,-15.901639572795093,19.143499718282772,-15.884815122426588,18.23461714299779,-48.67255309015019,-67.6585872389923,-36.48195996106611,4.591346824374428,-85.46630805300482,-21.639877548965067,-75.34452995735033,20.70749282526946,-5.729030171553455,-8.274918110085721,-11.952576574583547,40.83077652479955,11.487761663093947,4.237251737121085,22.338822139067936,-32.93712424479682,-9.385915382479952,-14.021108293985543,25.597627015593492,16.350095080955683,-13.72749927382547,-49.775113987967494,33.45364043592437
-303.79253481227346,-322.9160967133471,167.1411703719802,-147.7701782383544,-118.77781623257293,-117.25942470957435,86.23258842271694,42.92968426811541,195.3248352789849,-13.207387505777834,14.639277227373547,-20.23887372694792,-109.86027272622275,0.3652451117718977,-199.4155399523315,-95.2404143970128,-87.9930435823369,-74.6055053518343,-35.562827945238986,60.65060137995041,113.18493759254697,-6.088851812816978,-10.720187584231828,-11.892959200985192,-45.61333483821312,39.92660183987148,63.368254085899096,-6.376290265088288,-14.437256832208485,12.367082926334984,-12.748259083721804,-44.312504160251635,-44.721796946642506,-4.782163388000602,40.70907709685562,29.40374384715516,23.966141877049917,-19.162922367906642,-80.2785304104959,-1.228478026204567,4.749802845541902,-60.43473716349924,19.65209463566249,38.13738923084166,5.375461386949333,32.32600764969464,15.619063667340038,-20.43780347683979,-68.12374968766403,51.979603203727464
-336.222278319101,-304.13285186991703,136.02835128324998,-185.60869773062836,-31.670323839440325,-153.43769691961901,75.8294809626974,85.0922649531124,187.3612483254912,39.13564356893808,32.632538909842516,-6.875645555686472,-105.73473938705781,80.4242009642823,-121.2845963819534,-100.06994023452066,-77.91873763444208,7.668638771198684,-33.590942520397846,52.113014588349934,76.31734109555967,61.406463717299765,-24.957613555816703,22.37641481047412,-64.62779775133649,66.84073851898947,33.95197236190018,35.90102738977766,60.301972390067014,42.82288798804798,-7.9012588717902155,22.89358353899969,10.118608883873254,47.465849175589675,0.48158041879575514,20.79633896815456,33.63969961140044,9.939576255616823,-93.84284991859887,-11.518752501544508,-11.741703169400212,-39.538569118936,45.40896027993869,38.903465379786596,27.795671631227574,13.79107367093877,-11.770507465819632,9.253544564005253,25.12477284476048,-18.452897088775156
-339.4930780879468,-299.13915896434685,113.07388397005728,-192.77904520626103,35.75373411535929,-168.5546810873127,77.8929893522592,88.65600746147521,153.24937753817335,83.46976365094339,9.621628162971959,4.659023102494265,-79.35470679049132,149.20388940834314,-54.51437164643192,-65.01714263571459,-43.370865057870716,91.29353284382327,-39.525598777572235,19.754069579372963,21.880644790118964,91.49479041147939,-19.350211252749293,46.33769387633001,-35.05594185625104,62.901768482062835,-15.995864658141253,50.127271141422995,89.62070785727883,24.2446271505508,17.767092979404715,71.5820678108003,49.580594975051156,58.350319514884475,-34.95945232298727,19.534786421238095,5.407578235679429,19.33053376673344,-6.183308680576314,-12.457477295446433,-30.728906096422214,29.682726352953342,9.365562151120836,-34.4910938114251,13.749356752643898,-33.267072432929155,-2.9694967737071702,36.785796796480454,98.44922492418074,-69.17010759603959
-329.741683581638,-308.5070009236802,89.05533905540676,-184.21308353817602,107.75432276506515,-174.05551327564564,78.87233299272731,85.15848684587164,93.75937438021266,84.28822158978988,-14.522420056075838,-0.07667936545739143,-23.919869372164687,195.38232148124948,25.915750168978864,-14.617976194565921,18.951314527965184,130.2823639128161,-64.8457457249327,-10.982162452463879,-15.029944262343163,74.08205142665415,-2.5114947393776212,42.61343066369063,10.546357198441562,11.92805651192902,-38.271132640075116,21.06840135186885,51.432947844091984,6.874069162638016,29.834203761949137,39.45529965350489,40.0829658677859,19.15739967258727,-39.608519225744594,2.366533973045859,-30.738157917457684,28.934675564905596,113.71775994026275,6.9786986181800295,-15.795065000231903,52.36221225589633,6.5717402070816515,-64.44072490625234,-21.726200214024278,-36.4046260991972,2.53365604110564,4.135212945182021,-13.820629480371107,2.3447721200034266
-322.6867523687823,-319.33505494885736,48.07478596059427,-174.33857928112502,156.00076929476145,-155.64553265150656,80.6528886128208,82.13156900484753,36.72990229740862,58.62594778461349,-7.833893512475411,-8.949730364205635,15.344177677587071,172.85405835057438,71.26330709604743,8.397597743813003,95.0956721983609,106.39689306607364,-58.31849925520228,-21.893502976937437,-56.864405541845535,16.98190563367036,17.7080308439659,49.842351082953144,49.58432267254026,-28.43077650595429,-33.993161068356386,19.783801845339564,-35.20220674798298,-2.8504780290787894,15.398174991153057,-19.16090965340098,11.668113046420945,2.8714720214342426,8.502549518092097,-26.176448660274325,-25.41504202843719,3.4625822978716374,113.0734768219529,49.26367120126575,27.73106258500343,6.963313576538675,7.0771855625121916,-7.789923162304054,-31.962188702113398,-10.396318251636135,-5.5452404688989025,-26.415255088692877,-77.43061716160864,49.28347249684947
-331.31394146680105,-326.30238780013786,0.14793770884562285,-157.17739941235303,176.3311989353263,-145.76431937690063,70.28992367596929,75.52650159544177,28.556755561039687,19.32644508615335,-5.39634650786126,-34.29218489789388,39.58081590248356,130.862899520724,96.83944002294197,30.71630792892953,138.63789053837883,66.26956617106609,-34.73081547076057,-32.61063893400493,-76.69347653549568,-32.429393452651816,30.711843779225855,18.871209322627312,43.53753095947016,-40.27393405479733,-12.900750732171423,-5.402951609480838,-101.77619628158594,-17.00800730247879,-8.964468824418345,-52.78926885011282,-33.9699603611265,-27.626032342465557,53.29822497615962,-56.517809864115435,12.355441218405716,0.43395205493210687,-15.294124426926198,41.15618920427335,44.95817973219853,-11.639113984466682,-23.21027191399346,57.19362921891795,15.570971559630761,47.953053395615086,-9.427565340934315,-21.74342671206684,-46.64992653795296,42.583177915922
-327.1240184554424,-321.36574121471114,-24.363329784305755,-143.03762399030964,205.7186432380063,-145.48661586612153,62.37566599138287,88.24210092346993,32.85699738566645,8.694656604922598,-6.799378095434372,-50.756522091289845,67.9304819182748,91.36324197772052,88.04257074475008,39.93992921897491,118.81569898754175,25.784907817899857,8.051499212512153,-52.23235815883411,-93.87863582099565,-52.07693108099939,18.644700227127412,-20.65654326593531,20.542504052013165,-24.52005990345298,-10.502888106612202,-24.481826786546577,-119.0897680736722,-12.789569494811522,-47.92803540635082,-48.22766503130457,-73.49506229353861,-20.974662005031284,48.840231846352864,-49.733295859917035,17.570428356205262,7.416494578998158,-109.25519246761225,-1.6939354759070595,26.156457663390047,-1.4460570918901003,-40.53657933561577,46.99337649858714,42.061894834772644,38.661596448911816,-5.875943920128704,7.213778398202812,17.83674688380119,-1.0070511381151872
136.5208880229774,-263.7941915561087,96.44223868793648,4.257093882956787,441.4402980166436,-99.56484265857827,-104.96702879871744,115.10330864803943,116.34621858550324,-194.86212199344328,115.6630591113896,-62.55138299567446,7.501856842128351,-49.34324170777842,-17.15197713924576,-23.286391285391677,18.854282286195666,-15.784046188179518,76.84427874607712,-43.19150662941684,-132.73199618606043,-118.96441701071208,-72.77412138457161,-91.33496309260356,-33.572961707676264,14.187068399494153,-63.78445339031711,-17.507844864041324,-58.52680355126102,28.38386058115044,-102.98948549061438,19.277631754445395,-78.80199689168106,1.477530090173982,-28.821252277179155,56.512093144925245,-2.4090676520266796,-19.903814175401916,-105.32615319085403,-100.92073878259161,-42.23794920483832,-30.845996420721516,-18.661858988577233,-32.59440057564939,-3.5700284872933414,-77.23408576859772,5.637263160314544,8.824946752935597,58.85337575333124,-83.40925440618808
561.2341909096742,-228.88813561667158,-79.52983982476594,-168.30613208272064,214.4514365340018,-179.9585482212802,-47.1140939058285,74.05532172835562,-32.172656119940704,91.29487616416931,-76.1539244966989,-118.30205469506137,211.59542486170054,-88.63051450190173,-92.8292313050907,88.02330731914373,-48.93706080132391,-17.94464316797153,97.98783467174017,-25.83871000530652,-76.11040430767456,-101.78556341398972,-79.59473401736113,-96.99579828429087,-34.12950266344673,36.27859574928615,75.50480617884544,-52.272678265663885,133.63584145618458,39.63646827380232,-64.22005460479505,17.64687492802329,11.307865630321853,-21.36646325890921,-86.04648442375435,107.98991207913838,-36.71597183080401,15.892492361623805,60.14189006879438,-58.818471842741886,-4.810562569614634,30.188720724493077,100.64277514729727,8.527582785750717,-35.10675499259095,46.433047666510134,13.671266552076851,-22.658361384879765,-46.90398807612256,120.86221958524689
463.2435993207532,-288.68865783821985,-116.23982038914232,-208.78835547777715,167.28437392478926,-139.6800210652818,-43.56097827610162,43.90363743804892,-77.6896973836272,83.63192455254513,-86.87728813402052,-146.77581513492035,129.08213080989574,-98.21873592037882,-57.10449349717315,32.613777003628186,-43.32132257080942,-62.611971319844535,126.40484338694503,59.39151974396048,-9.80851466020825,-61.9114889283921,-36.765549546120965,6.804290506821698,-3.039954102688433,-51.87234466783431,71.75682644339199,8.48317524248427,28.424270154742146,15.496188431458727,93.04107977139752,-51.96962690226459,89.1582035616974,40.68435004018997,6.989848540086951,14.188146108102888,5.837952771462636,-16.363168028637727,61.141780768661256,116.15664475075498,-6.9928208237251885,33.583847937599444,-39.706556926808275,32.603664177149064,-3.5924319597635765,31.473633403503744,-25.213406623454603,16.132059759330932,48.98522309752554,-85.32440771229777
510.1313545326072,-291.56611419446944,-145.50667315005668,-214.24368572674078,93.78150061517712,-118.72919944320503,-106.88851763110084,49.95507821254406,-109.80431782500058,22.016285296427856,-113.73893624398296,-128.78550354992774,40.92355325948922,-86.21643274815169,1.50677190185424,-7.482266646798931,-31.99266186421547,-70.56819731058424,104.98810138523471,68.54821453474304,69.19339439081803,1.2839410745416535,-0.07785280363614837,52.26877054781849,37.168681693539725,-74.02879150949839,25.92496778362512,25.131528799161046,-35.797876237976006,-36.918715996827835,123.97204154949833,-10.417729248832323,81.65621798746419,1.3810672219501476,19.833003672688672,-76.8191168785839,27.153510763079833,-54.65496064177593,-24.35397515331139,61.337330308153085,-8.240910339736224,-68.05454402268386,-33.8960704210454,-1.725455406776964,-19.944385847065444,-30.805033024422382,26.09537843339275,41.23091203521236,6.207746749170014,-46.57674807832807
548.6418036783045,-266.25479229370427,-191.71299264348045,-212.45867919161464,47.45293803493274,-78.863623565929,-163.9277805087757,28.89578151543625,-143.2298107344387,-24.759384327046828,-127.4601093697796,-105.7857268711749,-34.386739302054494,-35.458277143709275,50.0985379827033,-4.484075262704901,-17.470564890174224,-46.26973004173916,26.49890479607358,35.078064531296704,135.46368479706575,51.98490246513083,40.569842579064904,61.984556795414576,52.88209018377183,-46.707779078010574,-16.294980900145312,40.997770920206875,-19.866467527898642,-59.85950081989159,32.768630593331785,47.58108009926525,-11.583095020218703,9.161850046387729,5.7873285878329455,-75.64014636925212,16.195814622129667,7.367419314619924,-77.54690877671896,-71.11742752021296,-23.541840707480272,-36.82526158962503,25.978508881068088,-53.08905576043387,19.417729142028342,-79.12584410967006,-2.051737111714645,4.389730225824397,-14.418938044098335,49.90519204890108
572.7602972239682,-246.50033070703336,-206.68879540051864,-202.45052850022608,2.4492661193370164,-57.570245656118,-186.92331544653592,27.815021140213677,-161.9155464809313,-76.79836606730417,-133.32535322218595,-89.6934848224249,-87.99463506055757,-46.719968336188614,94.63341080274904,-7.957754579189608,-34.7706486023835,-23.935796156609012,-53.5897449688604,-27.120707547349323,147.70900824859424,77.89516854676796,71.85906794388889,77.51800567034178,12.834885960584092,1.5059205484388511,-63.67761952501991,46.879198880859015,2.539531671867915,-49.38186956217323,-31.903640529145434,58.11423344324738,-116.3718557081936,-29.802483147861594,-17.702815612234822,11.832255895211842,-2.531096929331821,68.73326223572725,-26.939314172844863,-90.0886275403171,-1.911708370899865,63.65637741134746,1.7639863223695773,-29.18730408862773,12.957398008210692,-18.289152284380556,-10.295574628148938,-88.82472843381797,-20.360275849489806,40.754187830730245
614.8913273898307,-207.8114575632935,-228.45920210211113,-188.87763654184744,-67.97749917444575,-3.418236750944147,-211.95415007260087,27.851565905274242,-157.15468677266045,-168.91845038493736,-80.15631421221009,-63.15416502356878,-150.26917361195942,-36.52117898495911,65.01446866946723,-24.51764352313585,-19.687430180304126,-2.656262053782123,-155.68037588201634,-63.588181391078265,34.69943640611408,47.33150853902836,56.06859904848799,-8.287921237773642,-21.647533254345344,96.07395559986104,-94.78099058614305,-10.539595006526168,-23.122202085846375,71.23337483278732,-61.86131303058324,-45.23762420332177,-73.61768937408249,-21.04005385576784,-12.417843105026845,102.31821682427432,6.803299481385355,3.145829145997225,119.74543135757882,23.028003802109616,19.052889307818695,52.00141977415588,3.5489924321082285,78.55494398161906,-13.102523349441201,137.64481080777483,11.400419308823585,110.6997902019165,36.71811094815648,-55.36730845022529
694.0936368143776,-201.7378784372636,-238.20737927948312,-145.8848267121067,-166.23330006856642,54.718830339890474,-228.52065457645404,11.99641071768959,-109.30020265433576,-196.30170063548317,17.008131170058597,8.37738001478496,-122.00768351506592,1.2997251192443586,-83.49041846854226,-9.592803775876892,42.76398511243486,65.85015390868493,-201.99154495700932,-16.729903427053838,-124.50425990142445,-36.66839838867013,-25.00805578985108,-90.28780275226124,-66.85478701518775,84.20092582472516,-12.53830848459558,-29.1326194434876,-11.202842285154887,83.86383231288418,-28.974924530386012,-67.94902687389197,132.48878722917138,11.431605941249707,44.43288568968381,-3.6622539493111375,7.858436524530499,-21.53496925256817,-1.4651474350895093,123.22774810097792,40.730735971618984,-123.76666479578002,12.747806705782311,-47.3635815668672,11.010731391960753,-131.31175719367982,-9.89519543163662,-52.32675612405105,-37.75944615550442,6.457960695065675
245.6000508783032,-164.85847401502434,-328.3187937961301,-254.04975872499114,-423.03956150749076,87.2944277211313,-110.02083099303333,5.698789525157053,-135.65951405044464,88.36213326065545,-38.412905624217,69.57578689361118,7.450573992881512,61.746477834682956,-125.3728509199853,51.43366582976204,138.1187122732044,48.065426447751136,-107.92448430269339,-27.914577561020803,-173.8881562733686,-44.63035761523071,-31.60018905759139,-31.39161843137349,-37.362599010800785,15.208142563317823,111.96618234546881,-31.640326890287877,3.016501594750885,-53.1700852976405,39.48288311664279,48.18128044855067,46.22534409693684,39.99059569099449,-26.802762772685245,-85.35901978652754,-7.270049676011505,10.33580003381096,-78.99136845356259,-104.85135615671334,-48.877635272641356,76.2291010189665,-18.10993907511528,4.907386592034912,22.77306759516036,53.59670235891861,-6.855965709355597,-5.9382086503176055,3.251911074337907,-18.290335220102566
-182.23717390895723,-300.7734061959674,-216.31167453273514,-187.6676236455981,-276.47303739445783,74.48004897589054,-227.73109432323355,25.78930119518508,39.39044274797201,-54.86176051308215,130.52631253643818,139.85447488057994,-72.6406048529775,51.362469703636634,-80.42311919368301,-5.898284078592579,87.52650715985231,60.65502794217468,71.33076949198274,43.98056747848479,-64.4585763675483,-37.346945986865954,-64.09560054424715,43.051030599687536,12.746993647177455,-150.3690178988987,13.64026314128944,-18.133546374193063,24.095590924756124,-60.9349462098618,31.08734089077296,36.715021846912904,-25.18419069442851,0.6856766113194687,-0.27860772366354397,37.659364587175936,-21.039817586033802,-64.52890576868253,-6.522839918613022,-39.05290557102014,-48.32041090784183,25.679748236085192,-23.712544270649968,9.704445517908606,-37.79825246316147,73.14121754153507,20.28875865870248,18.222361159775357,36.18403099473336,11.442914776434414
-253.95492913371453,-266.8426798650642,-196.06309244540037,-158.76938380939595,-183.12320887352237,108.15612528090254,-198.6152920849639,-17.465645237208452,57.79252947919337,-11.286982922766525,171.73879917298262,138.89763805344984,-14.605657802268965,40.604972243291854,-54.20018020362467,-1.016239587366968,33.88260598060756,24.01603043549384,180.96097852545986,66.67325311200769,-0.355960983792771,21.91597445893283,-33.43004631856391,32.33935930050713,30.036849577833163,-113.53314379865218,-13.910027419600253,25.1679985479235,34.83742417309695,-5.623341196162677,-13.430173360895363,6.196873611688735,-64.6078680436083,-18.44221578146145,13.446130592706336,63.8377877322844,5.504074618195139,-4.709210446198968,43.734049637833444,18.17257565267272,40.48072513205027,-33.7909935707305,10.866592971381749,6.95028337866288,-15.140582121347503,0.7902823215297641,-2.026367098051728,-9.441862606206797,-14.49662883270823,16.44123496280134
-308.3535961856154,-252.75365683372374,-189.1409953937521,-103.00796218548297,-88.90503309835883,108.64094653047164,-168.98826794193835,-74.04088196599696,39.048415480431515,20.998563461814886,165.44146735365706,116.10135636093185,39.860102396469756,16.17098522287113,-25.641757107942688,-2.900386880977038,-6.344632995206028,-21.081428485606246,205.24400127276877,47.69055581779272,24.76220269776539,45.363474407854966,5.470034390256782,-17.65655237048662,40.38294898102864,2.6252989336219303,-35.37438839390809,44.555675073061046,-16.51247322376553,25.74049524734783,-44.53091668136942,-13.95433880226169,-48.865515655000834,-12.701764465896229,13.771922794688365,11.497558897129402,21.97840156053932,74.97155176611896,47.38588745210001,49.44701601513559,50.13906596972705,-24.19404640662767,39.999735389255704,4.9108908871740065,16.495195288782686,-50.459060840869114,-5.235153020591351,-2.4983798057569637,-28.68736393464244,-18.934151331445392
-349.43128160612486,-249.03887963634335,-198.82550751582616,-63.91053671909398,-7.3581019730175266,79.74103878582716,-132.9778831942976,-123.51430287235584,44.24080680892195,41.31718519488634,123.84038999934252,89.21012757320952,74.00953655207506,7.072639276593848,21.26950890789613,-1.628492253935239,-39.3883336861948,-58.262361822410696,147.8385031502291,1.1827645173997932,-2.062611209894027,58.36610053360087,40.81290935708208,-38.6040841637791,41.23282039046714,116.91116760650216,-30.03166218127256,31.873969976299474,-63.944628100598635,54.8547221791701,-25.838711481801106,-23.595781442845002,-2.1581503425812243,-5.7376372979183365,-10.796969861114658,-56.9989158428175,5.278881265418512,67.98293473985906,12.56997687564448,26.43565803618801,3.2760840484394147,37.79548418371862,15.639543295302285,8.573949049457166,15.139183657266543,-31.72936170908838,-21.755908696378313,-8.019570946012065,10.275461348825807,17.10298838712361
-359.4309851355807,-254.3530220527086,-224.6612454261341,-8.881223149275346,50.34910901058672,50.16540429959802,-110.54297901580371,-153.35764837422803,81.51368182055445,47.11639377068335,100.19170635204087,55.82835980301454,101.7190955672904,19.737045505520868,65.4622435509385,-12.395297332168022,-78.93181673336015,-88.92249864610582,58.08906043152183,-58.644720710693946,8.151985373884303,19.45431300277597,60.48607677570937,-17.043348208016155,14.805259965370347,156.0168355189131,-1.916263102000331,-7.289070903783702,-30.922454835785793,62.17912780691805,1.624802725642322,-12.565724716833847,59.99160719703445,-7.977693794207751,-25.802766176571645,-54.66308198675526,-23.52929181310922,26.813997402228242,-11.294149099690848,3.2599385210432423,-48.94435224592563,40.062230646873964,-24.860328858229312,-5.8006735716778115,-1.6388724623148203,6.315841160387794,-16.55754716582759,0.26705403159732183,4.8678207078161675,24.07582745850003
-352.58656881903005,-246.94058309253484,-252.401859195585,32.89397224777183,78.51065766867137,35.54117876421853,-85.0173421023804,-188.85774493801958,92.2952245160976,52.52370972105847,69.7851403650444,39.32520461347016,100.46808849516555,11.438516491205334,93.56871089844284,-15.799829953475117,-92.01255102948745,-93.33132640956767,-47.99857085537677,-93.29388725408593,21.252212742234253,-3.676699997636158,58.843052416801626,10.469007657746209,-18.112494926653547,99.47518631737827,9.246186127695037,-40.6091627533677,18.733198761172734,2.3763732361855916,26.959531556030853,-13.226096584868776,66.6498302255233,11.308002981413882,2.0528206005126948,-22.286295217874148,-32.63934245134551,-28.704885508201123,-22.336474076158797,-21.145645082713692,-27.047189135065878,7.122898753536481,-33.28966849189405,-9.13948315173617,0.023578573359545774,21.42979103534895,-5.701474676953492,11.479443465673137,-4.934091775306224,-0.5725413979737318
-346.4733906400588,-238.48483307944093,-264.7817986419002,53.6190170412826,81.68341283548222,31.135550956197807,-45.607467468927,-212.17891235609832,87.47369182734946,55.34158690033534,41.94678997732471,23.23893317516151,89.1766600590611,26.693216181560945,96.60369005192865,-22.35750624409587,-73.05375021926137,-51.35065785853983,-101.48873599570503,-89.98899736736628,37.93961143718292,-42.152829843888654,44.55333614547962,13.33568458668012,-33.094982012481196,12.042108946833762,19.77532773050855,-50.16429338002018,37.90354877659596,-57.0296943321537,57.28717202681108,-3.2964338267245408,30.031839183369396,10.96031525180279,24.547070265165114,22.576294374060186,-14.375125460080454,-59.71925044205716,-29.178491569061585,-45.46099360058277,0.32059632208217187,-31.79405163416268,-1.617403984637791,-0.49375982138430713,0.5706021476580893,30.441311469722276,10.05940488263734,2.1221927963753946,-3.1702174309992235,-34.48626416326263
-347.4254439619348,-205.4509703917316,-252.5254508418924,71.51865877496016,102.06537787682907,25.812776938732416,-8.726925493977621,-229.08656485671793,76.08193116353131,58.460293373320255,41.52680222712582,9.817946841958491,58.68132320969981,11.289164082116288,103.97888484858524,-24.713993008137823,-31.995600511770117,-16.376505999553725,-143.8719958242804,-68.12645127228285,49.00387248629188,-65.22120734234834,36.53173652240686,1.3614115354433518,-29.444859793277733,-70.16585066726945,27.312044700096404,-23.599797863782747,38.69929338492127,-84.75948016797966,36.255120037054276,19.12955279560728,-6.399647648945719,8.804501858776923,10.366734968886377,50.05207385055236,19.895976826225557,-43.33508399982903,3.0467907976122803,-12.47500484736626,34.26988061848228,-50.674252949278404,36.63541953324773,-2.53805530296616,-1.4607848918608541,1.0920275011535905,19.57397366618436,0.8471551123368606,2.2791822542147995,-23.14126919522225
-217.17345154938292,-195.17469296714089,-170.90918395882642,112.37452853059334,204.661292525331,103.07336253766343,6.1998574051113025,-224.57568744435062,89.96348830416264,-19.302001732525557,32.611506418636374,1.4687885368708493,-10.925112746624029,-4.149881874606943,54.184990491885735,-54.08022387769945,30.145600216164183,6.011732673587005,-157.24624814446636,-7.9525214843092344,36.595286217327974,-106.24480225909184,4.3646402281389705,-17.31823649258996,-21.915255267356137,-135.39299468274422,13.7547718301844,21.819681412739502,29.89747552385272,-58.678995235345646,-4.560246312858547,35.268804090424226,-45.78562519356368,10.4810835194844,3.9567113284589945,53.8722292600551,55.15182665057206,-13.084548053701743,51.10862424131294,34.172801131337906,2.4941087418054786,-23.917270123743567,54.132043191149464,10.79221697083715,-25.444869569208418,-49.606200273235316,46.83826013054249,-2.5952330929481557,23.739218715889645,16.02092374792208
584.8228691700867,-85.49906867551961,-164.30801921295557,117.86010102224789,122.79356416197025,66.63368575664737,80.41939031423408,-225.98055269942463,-17.329854624863426,121.94546612339721,15.87171399888574,-17.522752616210596,75.30095995205495,-55.40097855833649,-95.43999443676213,15.358476935981454,61.782490626130446,110.69784868758823,-126.33588330630789,103.97587362144479,91.63742371304835,-50.07681554147331,-58.807086203707954,-56.547507033803846,-15.553480018394326,-87.80325579065257,34.205711935082086,81.70168865046855,92.39626870440866,54.92006454069631,-88.16900510316468,24.064679667280046,-79.1728180655076,-31.91535981363547,-24.458212860551015,-72.81839565517711,-22.114468361924892,94.401534887102,-17.90661490031922,73.83831007398425,-16.059799685422966,1.391207285341366,-8.187677228158494,31.94392441331463,135.71702639520385,0.03660666108819908,-101.12786278573478,28.119563541686162,12.781548525387967,-19.709246964018618
426.0680689659396,-100.48523942712632,-224.9161128665762,118.11148968977155,137.21044162076262,137.85146389835992,136.8827216185716,-178.96960685944873,-24.704807043196404,137.41426582136992,10.027134709271905,-46.00620454794986,13.724187079010862,-29.885993864650896,-60.14308128743357,-36.83872561814809,73.97701804670342,79.52450521176337,-53.46440388183562,113.92215031813338,51.351037477977194,13.726496670787192,-84.87792562463238,-28.462591802227493,14.23425165426765,1.1348652646385278,-19.007640637598627,72.41612658057417,-20.00005193569558,80.0145434142162,-56.4555620851491,-8.991822899416649,9.396292614333056,-5.422377930337734,2.747901947533972,-3.395978452262943,-17.248238299486868,28.471189910711455,-28.084931266889072,-13.888306028955466,3.328994330829985,22.96320457173374,-82.6342861384972,-66.68180389432428,-63.70524785478288,41.502421531965474,20.989549084176282,-19.782611456841668,-30.449577641008126,-5.644018020423886
424.26335883034346,-99.599381609458,-233.62461721957092,109.16582624883266,133.92278588625805,167.2068535203008,164.96905567729723,-103.81793491752057,-8.618125729166621,107.89315578494903,-7.477169241196482,-39.143596407752455,-40.22309501369536,-41.042295396424,-44.35140888061258,-80.81457579393606,79.71791217875551,35.66835749907017,9.840500242031359,133.53669961267633,0.24517419268188517,67.10257071047026,-74.82375300536421,43.58468493177775,3.9626355847080936,50.71458385658141,-5.858757633224026,15.059503224606472,-107.10897230747908,65.22493596006483,-10.996526193170507,-5.5386457709400725,18.177510144749217,-1.2875928312208376,34.517017411678886,32.73775264745076,-18.17522279890118,-39.624551246074375,-3.2747331135904076,-58.260426071394555,25.41698599084274,22.00927765335283,-79.86676490522275,-63.76418375664621,-90.91267874518846,16.31905382748905,95.61575267220066,-13.60712890966411,14.252349047672512,21.560064123784898
471.31604021829014,-78.24707226418091,-234.30807868089443,92.05740211041635,151.79593728847433,188.8193886070416,185.08838166608865,-38.64380316458925,-10.259978388112506,92.58513476483841,-9.377241064885737,-41.12881978433075,-83.75258185486256,-37.19641282051291,-23.143952787908923,-74.19497209491712,48.28324004052397,13.433528248448413,42.85548460309324,103.09449903234517,-53.43346099480503,101.4485775440583,-29.16231355145562,78.0177944394943,-6.683484690812734,76.17258641588366,18.766845462752855,-89.77114341197259,-81.00441087061989,9.08142593424213,23.243640813359427,10.922990763676932,-8.607470749546835,-1.6417893799110537,37.58830830824211,22.032708624222654,11.854389423389437,-116.42789118926504,33.331371886581984,-56.809483175436256,17.21598807403511,17.376251312709332,58.71304961744955,43.35045183307052,-11.558464807220181,-16.276539478736765,-30.40735951328465,1.4889825893554616,18.27182899483164,13.487288297008904
499.22885244004505,-63.22787288587893,-224.69680974076022,80.367136818814,153.27974539345144,225.1412578899344,199.85590577240526,57.76030133993429,5.317406927589814,34.43617701978927,22.55742262586268,-67.5969429424135,-146.93116752914074,-1.4741747375900565,-0.9000387843711402,-35.95490683220013,-12.297540526915506,-9.58448462737597,80.44420801667485,34.79933152168723,-113.09549676820927,72.66784663536927,51.43846629297665,62.18866739224424,-30.3662682805856,31.255111100297192,36.191804650374905,-170.99856178264142,37.630367933993654,-68.97275468141886,31.026832817486962,-5.236539767821745,-62.53662927742443,20.91032446204085,19.916585620268357,-5.903572313153237,40.18044179490986,-27.71743543805544,61.115850552509094,4.96349429952924,-42.1252314542036,7.607708405274728,86.20047214112823,85.51770715487336,110.25209969575126,-58.65745793268227,-75.5225285373127,-21.525617104619975,-31.770671885762983,-12.24159072197005
533.7999596621056,-66.43205209724312,-221.6993380003958,91.5944288314567,131.03608707892448,244.56042120768296,208.87386972502196,136.42287204662773,5.96510879562092,-80.75346666553938,78.69292748785595,-72.80179550738818,-160.17220293125234,76.03448589319524,-23.52035832300827,-9.256261505809894,-84.31653917412442,-27.42944026631683,81.02647896124836,-59.37821933843817,-85.53998323965101,2.5443634008749467,124.50599114914553,28.448121915125906,-35.639991040128805,-32.81663403180855,4.728237165201915,-55.940373540473246,134.8891644757244,-111.5849191332145,10.332995550568961,-88.91144967199892,-10.871547267082722,43.90952645037745,-47.89894260355135,-3.2981306811568696,-55.64408451552897,196.29868055399714,-82.8461342341069,72.81303201153952,45.39102342391415,-20.706008182617534,-89.1843995696571,-68.61341110166092,-55.81065909139397,39.961666329336765,62.77051588178824,33.15306638543371,10.50922709301048,14.02142937222569
600.2983751390926,-53.01433960055465,-214.68150036686467,148.67155760168046,63.80894928281265,222.77730158637794,213.13581954471778,206.23240277525343,18.716077593714452,-154.738778752693,156.19594089480304,-38.16675281857551,-63.65735791022807,132.09428719253802,-87.57556914820071,131.2811963625022,-151.5102084156425,-2.4217200626133737,25.641853536688526,-110.39484241568528,43.2707375121373,-84.72512227855648,123.50817802934075,5.131014291012976,37.50785202126367,-76.82082629409355,13.631209852466146,234.6231067202909,-24.723729829701075,52.502584287071144,-47.69788638416969,7.695481170712033,132.76799836388707,-59.45687361622596,-18.71059493842887,-51.19231195645152,-26.979624291037275,-117.37955333945222,27.26386991986859,-76.86233161230379,19.95189753938005,23.34407166268562,43.64087870356338,51.283722800993594,28.2925542546065,37.52431412973148,-24.89790929476811,-27.214390029962164,0.5031567844063641,7.995811910586893
400.43413464383315,1.7072316347047143,-293.7203520420842,78.1246198493881,-184.4449427658913,57.21491622764392,184.63334806565072,283.4605152373285,-64.81287664188571,62.57266914064926,35.96329814752301,68.39674420415884,180.42546652119944,118.67648109714554,-48.6336921585094,239.0554682858572,-88.51281966690331,80.28322222087594,-21.075573473825195,-97.97427424014023,181.2822639423082,3.412744691395888,-27.675330527570974,-89.03946090320764,15.515172524408479,61.131826428760945,91.2491049098183,-61.74758714110628,-114.38760900113819,3.1068438180513898,51.71548514540194,96.9033656847449,-125.4613308573985,5.87117821184872,86.8376565343982,82.76953680871787,3.2993115793314747,5.900135057710106,18.324659089811366,51.26998546847027,-26.11724522231978,-52.344110209858044,-26.915006618318714,-58.888402192423236,-3.785241786139023,-44.38909756771406,27.83502900905241,44.47090438657349,17.1372710853757,-32.706568316686045
-271.21316808417424,-109.62560087222037,-247.56475491471426,135.00735516665392,-45.948984366263744,94.56901685908898,120.78317449650781,264.4477198006487,8.658012456949727,-97.04075223612439,15.775901198779817,83.07145280892617,63.283493196064036,-37.813291993515485,107.47679657057125,59.776354171310174,-3.257270528933476,-34.98861853007709,-59.772351091682324,-22.42656431456555,112.76326465388286,-20.171364610741023,-176.05472539308118,-20.79531277841739,7.266769780622581,-10.769454258087634,-79.24835649850725,-87.65321386303279,13.715924873662768,-13.721472477061607,20.792872790329614,-42.05402711290536,26.4238108830216,41.583147780252794,-57.50357024080342,21.374009911748743,26.048743357433136,6.5044658435413245,-29.922708185719735,52.609069618729436,-73.65342997787785,77.36872361497274,-11.43297650142096,18.74749945751687,-60.55135031828152,-30.16095765740408,-54.648066163086185,-78.59544074488755,-5.586375144667092,32.05271846650466
-344.96431803546596,-83.89862039683403,-207.45731580625616,150.21799206952804,-25.34667513480206,40.68850253389138,65.53900459414201,200.78710802549475,15.568100774283984,-66.5998958881278,-18.868988079789446,105.4743600404171,39.893155560737505,-83.64556391602366,103.89501850309713,27.485627143632897,23.444040586708216,-45.81105380250564,-49.42085821783576,45.73327846961305,79.83544450329862,37.42541079467949,-190.404821411852,-1.832532571101439,-7.346177537187604,-17.740837483131894,-120.42568291639132,-20.271530761819193,59.80273398068517,-21.099749454325888,-1.6693319114713538,-51.12608464522827,59.90396453548435,24.096769063345373,-52.29482385959173,-45.5436100985092,26.32863458159797,4.415644212655565,-28.332883789515748,-33.93003779788586,40.40739720010586,8.130699058089665,9.223288537218822,37.40313852084038,14.91381864051219,25.983851733905574,-0.02959245863116936,-20.918524911021624,-30.33119942646195,3.2120909528031043
-422.4981616811831,-68.97695634253459,-173.13513748286482,162.89552513980277,8.181075486783955,-36.84096986250056,44.316189995881416,143.75883247773004,13.351791828887047,-36.42210243034899,-72.19518521131738,99.91338656199699,13.096766979930022,-85.72802105532772,73.05280245159582,5.208431611126416,5.70704929534292,-25.930480231621207,-12.048945151451548,57.03067140046203,-7.918787107339054,78.66818605087614,-101.33516884712526,-26.22876783799262,-0.811119933622572,-15.618628144226323,-66.65440854061616,10.167605418544463,45.06593416143979,-9.683453857466453,-12.8741851525083,-7.8523330625984835,59.50379153274689,-27.414727698536282,-5.950201782815369,-40.08477417581924,-1.2533240412742914,-10.264657711860345,4.952928573061058,-36.37383344622148,79.58464165981235,-47.76890265925959,21.56859739276768,3.943032426490879,58.029541126643664,22.826956253279356,29.319257187836367,70.13392481378781,1.3105442078751357,-8.340465207476555
-458.74521441551303,-51.536096054107624,-164.63350850840808,171.10915266633276,14.426377297912843,-64.39893705629473,37.172308497531915,102.82952571750221,-4.017404118389462,-40.007354866307836,-85.43410567649329,91.3179361474471,-4.286267131377742,-79.6977034015646,51.88428350730543,0.6594461565725509,-14.547005842236178,-7.307334755261477,19.040898096773518,49.48387429854715,-48.79134382523741,75.43243889363042,-21.116736770429466,-44.76812351981018,-5.956502171245232,-21.561279193424692,-19.51812062397499,13.80894254170061,31.881081722114303,-2.815362449640644,-19.506944178481113,27.004881050672868,28.486917254767658,-40.232474819094776,21.30013404497229,-21.81438966335578,-6.564885949206345,-6.8122138460394925,21.419851945843003,-28.490100772879394,58.30988649681451,-38.799967159692685,2.031582638365054,-17.93520796399363,44.874760178999814,3.693868745817885,27.027580125925812,78.51379643871539,17.376122307807943,-20.857274253009447
-476.3004740651587,-26.856882535322956,-146.54281916410758,177.54539315939795,12.731719344035525,-89.29395993788866,37.727344678883036,73.59967725417644,-25.496537687128058,-48.11253034192753,-108.73846300263037,80.13049767136368,-27.0678415858337,-83.40200869346374,39.022150823166236,-0.3680589706219398,-29.118780513228767,7.962557124952337,32.64636485525744,35.64787616225636,-69.32432528688467,54.09610884318611,39.06442540601155,-44.826927508182116,-5.146396427548519,-22.914658236610975,25.64536973755144,17.043209543044647,9.714743654809359,8.122585674628839,-12.908378451790679,49.24123030660187,0.4534033884272305,-31.728928669917703,19.599945751983945,-5.951651948379278,-7.247535056888075,-7.2691213594009545,16.21101340421307,0.4316134736683947,6.674604923253055,-19.1780459528854,-11.900088925798562,-10.454785452316145,18.75218576564045,9.153749548268966,1.4348969201923365,51.088679311196834,15.008707077263033,-18.785480125920756
-473.47489949934163,-1.8614129991534465,-145.47339277573838,183.6826427058501,2.0020667658070295,-100.19232696203473,45.066224151980165,58.158376410394084,-28.592884604802144,-48.31751816462601,-121.54254350662212,73.06143018010779,-48.59481707332731,-82.15986946016538,27.034652114608075,-4.013807314659819,-27.462549661834633,9.552632946664687,21.953528494724132,36.92933916698695,-69.80067451497914,31.62909050933924,72.21589285739358,-33.49141248234108,-11.920981484491133,3.9789744744687683,51.096248742901984,27.740293812981836,-0.2383561137737495,14.605286284224567,-19.41140942619153,48.47658429477812,-17.803648438705043,-24.43268654112151,15.590154677837633,-4.2303851761527955,1.8538839407708683,-4.670779678802748,-1.7443738288944115,22.558232340288697,-49.688236027476144,-10.898999986313607,-11.749616468887712,-2.850931481089002,4.25943543715461,22.53251764504566,-12.98605982115789,1.9448514734160236,-5.512032105699348,-10.704845719993333
-467.7793834503545,-3.4912488126377905,-144.7437599832978,196.23572667974355,3.007633396919338,-109.80882661913365,31.22358694882437,34.63342299035874,-24.892220803878033,-40.59210493692776,-139.68598620649382,86.95285540240808,-56.538017546403886,-78.07039734070946,10.881286359161207,-22.54086221723306,-29.70676926531108,11.797402633647353,18.37844069532312,24.621890057023318,-62.10478871598582,17.212388614823826,96.89561850316967,-48.68667084945117,-3.8136115843847187,12.621258017787087,67.51005437538454,39.169204140951855,-7.220717354470895,9.22682064711818,-20.67462441030359,45.47089230261787,-22.591210799883378,-14.121626010174538,15.528501921928049,-2.70671211218138,7.735364897961811,-5.6493203608091696,8.865464383274421,31.557731730737125,-69.39563309206622,6.5489299740466675,-14.824639419554474,-12.926682753042506,-19.96717702464544,13.08440071766302,-11.694745353764556,-48.61422285351494,-24.07288940553638,-4.504027971867871
-463.9145440752393,-4.064160344997818,-153.8380068616876,203.57438328034806,-19.312300287720834,-109.63126945765836,27.59622303567444,2.114146229451235,-8.746724842609705,-30.900375426736876,-165.77390935554732,98.03326179653456,-57.94444978620165,-64.62561060107689,-2.2985011382873384,-33.911184763196474,-28.350131608304586,14.683347731381545,18.38174883137073,18.13279668499731,-44.925318074388784,-9.46742733075206,94.71258279113313,-57.25022710523407,-9.80070072738766,-16.962518250826857,68.05375533819466,32.25779535331374,-0.6934179317237426,9.93080669121269,-19.448355644614352,21.4700618508499,-22.71809679267841,7.440463502721812,7.341281733336427,4.185394646270166,7.76185186477272,2.8647130385895654,12.89342565138047,26.455552188214487,-58.53950811497319,18.689613607900707,-20.473750047888753,-16.75719920322838,-46.54429729067475,-2.662700446137631,-13.284511839078547,-64.18945644170648,-22.86627251814361,1.4394961350564386
-432.2039968586719,8.510578750698244,-154.64125720161724,210.86875918240492,-7.848005691845986,-94.62877363853758,23.7459206277826,-28.801448508323084,-0.5094243171524587,-36.779494639123776,-174.52506526136577,108.50761078321997,-65.49107668267996,-68.46684169197368,-16.08396109106344,-38.2716937959367,-15.86131159964395,27.53762983372985,24.47275780947271,9.997172010741249,-30.693230536736728,-45.92899605329209,86.2434802936585,-33.311141937432524,-12.517385045772738,-28.530160515836098,56.75315910170945,21.024312655660356,-2.4916425301950307,21.3918476323688,3.2677807996312027,-6.678796093444615,-13.0161986046615,22.55794095627561,-8.07601660319736,6.216192513323631,14.404075594527697,8.697057085860466,4.392996360815241,17.63821608238119,-15.92248714764535,30.90025272974214,-7.424753509999891,-1.4814078034810056,-45.72833385543713,-15.534331539712104,3.9566119241001876,-47.842553618520164,-3.98303681806862,25.953033421743925
413.31450803762,118.95666952406442,55.194425688774984,360.36481479007847,99.76745901943943,-171.20750479880766,-150.74555366821815,-98.18023506707884,75.71017038552813,-119.0391261744392,-91.41131468771921,154.67348806549802,-0.7103199208986521,16.527153163071986,-157.04374056114023,87.95470893448856,-37.85532464196004,186.87340918670768,11.576214529881401,33.45420268000227,65.80890144178308,-69.5594610083852,78.46035068928754,43.283425034615085,30.62775149130982,23.621998313960127,-21.990135743686384,-94.65563279281986,-3.0228129057237045,41.22110832215479,118.90317348236829,-66.17252156304762,-16.2608001665538,35.19895164447517,-16.868959892388606,-45.87660051839756,-16.347378022375057,-3.6092995952740434,-30.828322732207457,-23.215990056259795,141.14440101795904,70.29533858165945,16.36342037613201,32.172336100364525,-23.552314233163106,-29.830204328526673,-9.20299775852906,56.23397442744455,104.02317296911698,112.21949396547596
371.03231912075665,170.44678966081236,-86.81902937028376,290.9372220600539,-74.6975948422554,-100.04707436019547,-4.056446273740837,-106.32701471765226,20.066737154269905,64.61107367183466,-177.76016210644315,80.5718522753536,19.262494217551787,75.13952291925672,-100.5943081665008,44.17827844932498,26.210303697083745,90.45914758998322,58.50795156363263,-35.203907741650426,18.92042259186777,-91.03073251148113,13.839653967880562,49.32749878520695,46.334477967755646,30.72427418056551,-95.18399273892955,16.81066534170944,-28.148140969691994,9.60854962743638,42.9876109672827,-93.09084876713105,-17.45813283708388,34.43907460637443,-40.83751183432618,-0.013755882733360453,19.736843853053262,13.938129008272956,-48.19964073847786,-17.157361640619776,-46.648335434997406,3.797400687814771,92.05470813347632,12.749423670295906,48.468448747694104,-11.59172382111877,68.54822876123964,-7.718653503502987,-26.414205435229785,-81.05732612220824
344.49041459429185,204.1110326651431,-81.05805716009176,254.64687379735005,-126.97087193022496,-97.30739710739712,0.03671663352612434,-103.5320753185318,33.564158521734186,38.47404066093389,-142.95714612761844,5.665163054532465,-15.108481483966042,104.20862721147523,-58.2485443099797,-54.12452442758131,33.733727827978996,29.8003150478281,108.51608532906151,-76.8465155203804,7.942637226024816,-61.1712650016199,-37.47276695128545,74.25419830807164,19.265746668312453,-2.247416418726799,-112.41114585252791,19.213122431340828,-60.61037677602519,-55.7241443503498,-40.944719886278136,-64.94138270562264,36.84821791053216,21.565406852311845,-38.61806821091404,75.64992908705669,2.6237018165786137,16.258937519560973,-2.3478375346883387,-11.62047648167582,-74.23003807095607,-32.06964400185052,33.246117130611836,-8.405051820798704,6.852250701580797,-8.135450720524547,-29.17881309375146,-3.132010174700477,-54.40858029243237,-79.69717350628423
352.4696708453298,213.75633733802448,-57.619642231789136,231.98189942403982,-117.7665363542919,-94.089048448459,-4.5517754193357955,-100.53131670910565,14.159956525929632,-8.743006502237744,-110.4429898983801,-39.8324654320135,-8.646182308056398,124.72149967395885,-17.618481831806715,-116.74442692373343,26.447515413073365,1.4689987094128776,103.51637176114107,-108.90630032136411,29.374964021580514,-16.518711272135327,-85.81549192808173,81.91375010686968,-11.126955372171343,15.375467112229716,-26.233550635185246,4.509972270246929,-29.42566147921553,-74.28101695803916,-84.8571828043941,39.80588366309742,78.41996635402843,4.437249838335029,-18.527637910635036,55.07686433285199,-1.9031344314012275,16.94165661619684,54.86146816385013,8.489330332273877,-68.57602245024844,-82.2437210633882,-87.13565966731096,19.34276453578777,-1.649443865193115,21.956928602169544,-59.3506517432905,25.760647396689937,-22.108748047564912,37.586612288573754
385.1118753791489,222.55647234501055,-43.11237846383337,212.57384265315312,-122.5402663575252,-102.89633835767938,-20.170822039278445,-69.44243538809242,-12.961129172378639,-48.97575006233905,-54.660541619838455,-73.8774482081308,6.371347442600905,136.42073921409838,42.023183916134364,-152.86827401412944,26.191468106409197,-52.388421788896096,78.33757712142396,-145.7540084761744,10.234289816341574,32.26674875177312,-125.93826918947987,22.627274734515822,-16.896010058695207,9.676646359702026,65.80515262877205,-24.329830117726413,17.022411057333333,-21.95688264807386,-87.72479437884607,105.53666453340078,35.99037064147015,-79.82534022047133,48.19512035622297,-14.539505897646547,25.803003764502865,-16.953667635373733,-17.287483309217112,77.76582509846682,52.3031739748612,0.48180209228752197,-42.69665519745585,30.59958509712468,67.52396503967121,4.5105689547503385,49.73152682123346,-5.453344266822468,125.37182938117175,130.23755933239931
420.55852592789,256.27435705155216,-31.562786726412547,222.13534753568328,-129.2979624657491,-104.89517965958959,-5.380848171578798,-35.3661205935881,-14.987577083022023,-103.89014261742022,24.728300115636333,-110.09791954425779,60.59390818809337,154.47933067002074,40.62591636301197,-193.89943093535885,37.517848351269635,-101.1322744576189,35.30761854993567,-100.2505147957117,-18.399235828209715,94.82048856511622,-83.49128694757034,-85.5234522805515,-29.40076176277105,-53.9597463789588,70.41994792085382,22.051030725008484,47.867953627734536,57.488506982396096,52.331828571550645,15.281516932794997,-53.90318971371594,-25.80496005485081,81.8145523807465,-45.907846020111144,-28.181213722506804,-8.37477831218502,-69.27213083249461,30.4296465149886,111.80053618010632,148.10456187072137,116.24195758408783,-16.53445625285661,-104.43703994934792,-27.549373906243478,-25.98522414830736,-3.2665210441138037,-77.51143574686361,-109.05748619393148
464.5873495715201,300.88682451279027,-13.796284809913178,211.8852440099233,-124.52043838216173,-94.45726442716136,0.23059221234619492,20.141003282084345,35.50969271995742,-141.18403660974354,127.11719344784133,-112.59513549910474,171.15724774018585,115.68687447256114,21.135018988291883,-161.04031767489502,32.82423234594353,-85.59129399986654,-63.19575059931621,64.81411987087228,-54.64272450353477,141.79353125421213,33.59511577434536,-157.48123793237235,8.38685253023919,-76.24398420954475,6.05140505586279,51.739184314930974,-23.287118697724047,65.40928184064232,150.10058831154416,-106.2279810945738,-82.25615947463359,101.89038894639981,-80.03585342895568,-15.759251163427797,-6.75488377766817,19.081701105706614,90.49070094590449,-96.32809868684876,-99.67794639977515,-87.34240586080125,-45.430037309760145,10.522296053081384,55.00886923243038,4.154737021382244,11.322385035086652,0.10579175838642897,30.414230671570504,68.64933782732996
530.7411714635155,321.60261189811126,8.2397209673457,134.72756522156428,-151.1269854476156,-153.83839931203246,-29.866823400164066,83.83083609783789,54.50624056936653,-73.40250406232475,185.5046745592714,-61.20894301943425,310.75177668149337,26.553319975860745,-49.26221547691736,-21.855637020991413,0.5505027766333265,21.849884805961267,-89.7995723703341,255.87221314482238,-23.02187572024639,57.07863141688175,205.13366829873064,50.11225567397023,-14.30962923877118,22.209419198339557,-63.31307913973483,-70.99909041930616,-35.227240487480664,-128.66334259850447,-113.63766006928957,84.14833370394115,68.11949861810643,-55.322667322167874,-83.09047240982659,21.38860650120937,75.60576868964908,-16.431442920951213,-35.18069124353107,51.48803545616316,38.201774559340755,21.379932960558442,23.893633420889664,-14.457975777926185,-31.109120001389044,29.961799825556824,4.140496961994835,-37.95207683793206,-9.758916661828195,-33.894218497261775
-342.75977545920153,224.50328779934603,-55.75402602874691,39.965576469022764,-169.46119249520518,-78.42558177863302,66.37500602172696,105.48343352648689,-68.51530114118917,-14.114060304200038,141.35599018554342,-64.07762402611479,105.09986195930522,-97.79758732809375,54.42774330709968,-68.69430031585944,31.83877088348944,-6.0546810167534835,-41.070690906144684,67.64521896731806,-20.307121331323682,-91.09976991232143,45.374613490714594,126.36004629975011,-25.464209962322432,4.91920119931271,-2.0425242440670095,39.67750129621801,6.627068127461007,26.496724358973093,-31.6385752135887,-47.25850023299079,8.839944359999514,6.553973747592941,85.11188410335852,48.692777011451234,-52.32748459324524,3.6317864422052164,-42.122531768857485,27.53678889309432,-70.80589804200012,36.61104056603465,12.1574243481761,42.5032107227465,-14.235595776631607,-37.71130182247599,21.299134836935167,104.67734512233282,16.13259390056507,18.01347231895035
-396.7497159510119,226.27650983210924,-51.344040736613074,23.557885898514566,-148.53240207297935,-64.81047786371509,50.21287369232181,78.74098599057115,-91.74921027505243,-23.660007234696444,148.49404168752596,-55.99834397298757,51.21042503881722,-98.58484205803049,52.795253096604114,-51.65625577682456,12.057658699752915,13.762709207336544,-12.661155090482756,14.697514871932508,-5.278379895096762,-127.18060532593464,6.947549603763372,186.35531108494715,-58.64900297840436,13.19586402082907,-10.737141653364034,23.358568471943617,36.38542601505748,77.59091853154092,5.101912449804819,-39.8730752721973,-27.325523594119247,7.851196910456645,106.27550818569964,7.065593259819464,-56.095099925246885,24.05833847489416,0.9520834860848989,-19.454851716125095,-46.56500901754117,43.88623141179832,-16.181662394171116,19.10679991287816,22.313395597610267,-52.269943614999804,-13.933977651736473,22.494714382064817,8.47030579237498,41.26313821457351
-416.73907519152567,209.38590510847294,-44.290996488652965,32.59189731094805,-113.15687439758472,-62.85200554396084,37.175708013264035,50.26770699948362,-121.44678634917287,-12.790504680839513,109.50323384875114,-67.50503536549795,21.532569731089147,-68.7712837590057,24.089148510029176,-36.68604432840471,-25.396938791181636,40.79300514667932,8.244329287129602,-29.81361852998173,-5.398154458143278,-103.71151227032372,-6.097545313584634,157.85436445835882,-34.58776355722526,32.31798693743229,19.146914945858565,-7.538307960129489,60.39731935919797,75.99968191124435,17.511282947451566,4.183798837538853,-49.82109346272636,17.178700380692725,27.18285736485147,-46.77166548319785,18.538553991500212,14.27284565965239,54.33810505903298,-42.677677822151225,32.76617958559275,-18.48064928113829,-26.995241987286768,-59.427728150000554,34.389433112923705,-2.097425828228047,-26.509511362834697,-66.71853236211325,-16.991635993945067,-24.198313530569425
-443.94538316469385,207.85145481526408,-29.465885589600123,47.22555600904845,-50.4889952359401,-90.31591973539129,20.40398852311218,2.087164284398256,-132.75535992617733,11.349331716806347,89.71685083252589,-67.78974146246324,-24.26739990309908,-35.183292691522375,-6.038903278436964,-2.83483975620945,-40.93516191241914,26.969435393771764,13.145963738178535,-48.483797577797205,-12.22127189171775,-58.36349255349411,-32.22392533004599,92.72584963956146,21.023367711669604,27.62410554509984,28.232101433948696,-46.069724545632575,39.921254144696974,67.39406090202534,5.012546384238655,30.879211585459316,-43.7878810112349,14.49532675283764,-68.03752125403506,-57.38587407708051,59.597022565277705,-5.804298414456483,48.794552585469944,-35.73342600435306,85.33260528654414,-73.48705685113552,-23.43580776853547,-48.239313103059864,-1.5702129282212625,37.88874522998489,33.46499514644614,-60.94113327558982,-22.01230204129064,-60.51821166149652
-455.8608579403155,218.9674023061059,-9.783811794107068,46.42941756741506,-19.16210101422269,-99.03969669025106,1.2539420238946384,-40.170390351343165,-152.4358882647435,35.17786532798519,109.02772524274039,-78.1713616706172,-59.97356067411209,-18.907592705137432,-34.094868446137205,31.40152138888309,-37.29626001011507,20.704645529707964,12.134339653746054,-43.369363441399145,1.7951091851312568,-4.910493254798348,-29.37657999713104,27.392505176287887,64.39239687665241,13.46894222415372,34.76718633627459,-46.00885647359404,4.513877720756254,44.24423316953352,-18.77158606611824,16.937782613093773,-31.69337633680685,14.034914844434535,-95.58905252125128,-38.91987576786194,52.13931678127554,-30.546274220055082,17.150357234263872,-18.54319766513239,56.809247369713255,-63.614446785423375,-12.767158861673442,0.285686873322503,-15.132499203368278,25.305804631915898,61.10674662118199,-31.970157787555713,-5.294874624650926,-30.589312988969684
-462.1991125748251,229.93470072278222,3.3526244071616826,30.902214921641157,-2.314255882620763,-99.21219916938227,10.760441946794343,-49.69736566146369,-153.94492935848106,60.30966353792757,130.61617764741786,-72.63516473866103,-88.878734155658,-22.60272159662989,-28.513188859734846,55.646525023115366,-21.014482699570213,19.320397609755947,-1.924671818924851,-36.11221203719066,3.4067356545772687,25.744717667890043,-31.46527245042114,-24.106107452005293,75.27987668058425,3.3994247625970258,40.34248121591117,-21.626345240874503,-24.155477623328384,-1.950966639752982,-15.166025616632643,-16.824799553040418,-9.231655680464849,1.8506252731692823,-88.85325732126564,-5.285388857094763,14.3327516080647,-23.175493085783614,-24.068181881373725,23.933614596357078,9.983935003349838,-25.772001561038184,29.60565443381899,17.704996804658226,0.7075124868566282,-6.086504525932548,37.893074922363446,-0.5592593592053524,0.9662765475979705,16.82397238626287
-450.2231658685345,240.14993960943968,13.466661061463672,22.603162339074316,10.426155005987576,-87.32100365810561,6.936842332506549,-63.72448066803845,-160.2333265144796,79.63436627025308,144.16553488076178,-68.82796756613548,-119.10076862273401,-34.49505049498076,-21.66380755754861,68.69208436165326,4.741129905621538,11.987356344660371,-24.912429178103828,-28.00560012563406,-3.96040073119341,59.544074946088,-22.448827080025556,-52.63498634838222,89.93604820921388,2.4263529325994675,23.21122885196159,12.666496507013743,-35.58950235469146,-47.79594262014306,-1.9114500985661522,-24.12490694982567,12.42368328024891,-9.320353475922351,-72.4724651884873,31.933652605820626,-16.099634172388196,-4.992105132647348,-46.71453031496955,30.82154959332386,-10.842551037195927,7.980837428631648,54.766407850736364,14.056935384075588,-1.6481684067321904,-17.413352588268438,-8.099401382564185,31.166791848016175,7.424098478239221,32.82470661792393
-438.61779469413216,253.9468576952175,6.411245439998001,33.55853020857841,17.040854368249786,-82.18860768737366,9.303264307644582,-66.47287911250268,-153.0876171970697,92.62075130155186,137.50228033714305,-61.215274038764086,-134.09914947260097,-44.065273190492334,-13.610212794717059,64.93500154826319,18.081710242248775,-4.741571341761196,-39.3721193136747,-15.078908150686221,9.110544933090125,58.503378022023035,-18.80217513715131,-52.921585151084734,84.81661647653482,0.839267533940035,17.869288255191456,29.37379461936422,-40.45534895250633,-60.82377044427249,10.186204526807634,-22.410760327511426,27.998069293884413,1.866336183970415,-35.00280006444033,47.5195341249027,-25.955959415917505,12.396194780271026,-43.71957791370876,25.500582290823473,-16.462376986280685,28.56601414893771,36.89588087324115,19.827974862400527,-13.793618881707422,-7.29019683365703,-30.014167404971747,42.14408476884691,6.129507433232303,10.255810644376348
-441.7890160356857,259.1990173986604,-3.456126573319261,50.17359875849008,21.63808277826617,-99.46550129001267,10.498203832928194,-39.39129945269401,-119.27806097398276,89.4693158606958,107.04697224215474,-60.84088613857918,-127.98299893351441,-61.447854850776835,2.017524105995875,42.22098567819846,26.99106554295534,-25.460953569289604,-37.050558413652254,-12.640607190009268,-1.3746018577143377,37.70373557743334,-10.284417439596764,-38.6806286787585,53.59447666843451,1.0491202482531974,10.936220189864368,36.56664333105097,-32.54330703118253,-47.954350771681305,27.822607505482306,-7.914868886604222,41.088662848083686,1.1727520209282911,1.002684101850368,49.715489373030735,-40.44896071255707,23.92647628311283,-24.496710552580428,16.94672110641768,-22.61814466355875,24.17559666249689,1.265984899867563,22.69438785292437,-16.97020367987331,6.958110400283003,-39.3656290907863,19.07469250296918,-2.157309983872857,3.4534516168242333
200.57103611215908,301.56995697882263,150.4722915214298,202.75670338168368,281.9381067387363,-161.4185988797144,-176.39018342291956,-20.554901461343796,60.952381451501445,-113.20112358598037,206.60266671529703,7.644632857515134,-114.44015001852075,-49.64926860859554,-102.37714447509234,67.40172858394997,10.145831391919561,4.864859469446089,-17.249592122959246,29.581687977410823,-2.4680139436607282,-8.332784611385144,-55.58806169270191,-38.54986008094898,29.643901869416542,38.08556790547507,-52.967111573665896,-12.399593603233331,11.019044392173035,-72.90544808244954,121.71562811984488,117.52229500858512,44.1602118985101,-47.57274150886743,107.62477629129496,36.94766606367276,-58.503761191077345,44.220552623341625,51.85338010311649,-49.951844982303825,3.6094882220054076,22.23880987345835,-103.33806065898676,2.2205158744490285,15.512915518186011,-11.232288093429386,-64.16336386576064,-19.780822455785,-40.23072291022437,-29.943097643805196
416.7156486561435,400.23505938309546,-3.0675202448269396,24.694697150856417,8.712652577364524,-92.29455170291256,-49.31133505303398,43.63223814856648,64.20112226962681,191.0119613523732,19.52958719659614,23.55959222323089,-20.92352111908171,-7.499291218309516,-51.95806029649542,147.82378747938102,86.28452105854146,-90.09175434228393,-14.758380992884142,4.655639567776815,-20.536481293080822,-2.8497132030081054,-0.6305746250338056,-68.54775605798868,-43.86491677927832,91.71850347152778,-62.828634894859036,52.76224107343036,75.64047536343291,-93.99654330302522,7.723364587497921,-15.297487158676907,16.79204208512329,-19.008247042376205,158.18131460495786,-51.92146837888529,39.58173053685917,59.603786960542806,42.16111139167405,-56.47965694526994,3.446605639481413,-23.851345299127637,25.967992664871694,21.87059918792415,13.15403490026647,5.972952323045266,48.77806325191589,-47.578750355480935,-25.668998411461004,37.2753053334238
327.6696980098649,407.254606381738,-14.398953683722015,-2.8976735561462763,-21.199680845940154,-58.39574591619258,-36.607298176213455,57.53758149361763,93.22485093256367,204.1760574099563,7.64297043319271,15.592902453180535,-73.85895356242446,-1.1858020518513663,14.144174786084902,109.89391918821829,80.04052679466201,-134.84240398757052,-2.363638142601987,-4.588148950667912,-12.577058115445563,-29.535050043753085,28.293191011551137,-29.457073771153098,-79.21628742711279,17.671295756068112,-73.19607802048709,61.518379743786326,44.96972146368496,-23.355663641280117,-28.428638321588643,-51.5668648328275,-53.47272850373015,13.67232758268174,73.02944982310856,-47.16427761862217,32.51245871265057,-19.959285494737543,27.418584190726033,12.451885500945505,-3.9264348775236404,-35.87048453396002,50.99496826487703,-30.648393965450193,-58.88282347859673,57.100844791210186,34.7293728726997,-13.535642686944534,75.08884652597895,-17.75441743739519
354.27514535504287,401.74220951121515,5.633579843107778,-35.04251998729451,-26.23273386688075,-38.543084712243676,-75.15205616105578,69.22484190132032,146.53099373597226,185.76820899073718,1.7567680503767114,27.27192757277986,-100.05739908097163,11.29738441545051,44.76738199946143,81.07298245560276,69.99316076725918,-112.85225306989375,15.447736008919303,-10.175534939183782,11.191807429824449,-16.415966365314183,48.80866870249968,0.5985952306777184,-95.36829171286297,-19.012598661017165,-52.78565965152887,9.023262914406018,16.142921649038446,44.585425965295336,-15.211894350927405,-21.572122725789587,-76.13963382659625,26.682237912934326,-53.479764032220075,-25.856000463732496,17.35923277048221,-116.56584146611388,6.463737058352728,57.76358436015995,4.631924861903161,-6.450844266702779,-27.807699726540996,-57.1516665784242,-43.43846339143513,9.191064749568044,-44.33676729110939,38.97259244537401,20.496915090116943,16.92918024703425
400.6188450418313,412.17193667262137,9.42462303744195,-81.47204154478456,-19.407877247191887,-11.102080877616483,-85.32878009292584,72.14323144725515,190.89081806794715,163.98208219371307,-3.5672351544554055,45.96684527662657,-111.32972701079682,0.8972917563307153,77.09894394871546,49.310571700797254,57.40106774122186,-93.20230030479807,2.800342104361004,-13.523254789769696,28.79104752947496,-14.53904129352405,53.69601597511184,10.242765511973523,-75.28251142055291,-56.73999748620227,-12.757888447899537,-55.322181635834944,-6.090613728559051,102.44220445796586,7.510809135530921,58.14617315624078,-15.7229501225772,-21.086307148250906,-135.87031952994255,2.4952757464552113,-30.74931713481916,-85.65813934276696,-54.58914324714073,41.26988187373175,19.96100500547462,33.11991918944167,-93.96523965846596,-22.683349675287474,44.65051933994396,-50.47319390928046,-89.68598086786822,16.997751627593455,-55.629000527710694,29.478937711116455
423.78645277673223,438.7871174493389,32.33762536414358,-122.66134967508219,-18.976449358535785,18.87789601031074,-65.15488973660513,76.26554643913032,237.19559256816555,92.9281799460967,-16.7535624071425,36.34591216679161,-91.43745565768765,-40.326875220465716,124.040751931069,-2.319468667596719,33.72452931258085,-38.44756989648329,-27.3097795022453,6.975146515862291,42.24259895509563,-20.61121237318573,46.01401550143928,8.439834112725354,22.675256716364864,-115.72021031388957,68.95641316111625,-101.75081912214674,-90.94463204944346,134.0209410920523,21.967660049489133,61.09346657832971,105.42907250347376,-46.088919963621535,-18.493730059551122,54.42395561938313,-58.08892971367646,140.62610953509156,15.038008199730397,-28.720274048800036,-3.089799327502843,19.115557787797215,17.189151663891003,99.3870349417561,61.832879937460966,-16.183822983307266,166.28389989593472,-47.16199373377556,-18.127405048851386,-56.04268501576123
442.04721200593923,470.05606346773686,51.70051783729062,-176.86250297285056,-27.987408988426637,56.457989433372,-72.19600964189458,85.22354901504593,261.75949356411456,3.3376562276682944,-27.595956720285443,21.01303748059257,-15.851854507680775,-87.89205622541206,145.52350220832145,-58.1539013937827,-32.05612626077445,82.57189777554338,-33.90425016279153,-7.602449852904244,24.520208807354962,-13.823866153856416,-11.11982009107612,12.665164829360167,184.57229650307482,-41.18123760469684,148.77164281867744,-45.36457912283207,-34.23763428067049,9.910903039360434,-86.01929690987986,-72.47691819751851,65.58654202954598,36.99425263183773,67.53699581532807,-5.669202477838634,52.40341827507546,77.00710812229556,13.401151316159085,-81.06911537248419,11.8554243707593,-64.95093465253484,78.6526100355597,-99.41404604445214,-76.97008081729972,38.25181513847687,-155.16824176963254,39.300159006047075,46.26928421851082,7.35779682511785
526.2999582506993,468.95723164654015,78.12305102472921,-219.7370302660583,-25.761584053491497,87.22405276671404,-77.66687494097927,50.93436919414495,280.1557894999266,-51.45259023067738,-42.7156494289614,18.889687326378485,48.47087702446501,-125.02713793193135,85.98431517588874,-81.88406125485334,-90.23282108647997,135.84286422457652,-16.898450213997076,-14.88013098931235,-41.83611080673263,-3.7095149953750366,-73.40616098619762,-7.055306890503467,177.63434661497075,131.3041256240239,64.86514536661248,118.57752126944808,66.34290757765788,-116.38125100777884,7.22650002678013,-51.46728372710691,-88.2302391966795,42.468634634986834,-21.58887948149247,3.892812651600957,-19.700061396847328,-98.75982581338704,-10.337071407787741,69.70718202699383,28.75391872297776,59.73321640245347,-94.34363924346398,55.84668395060808,65.51435270496559,7.917824213463742,61.073987188847426,-53.074001808846404,-38.4072091856188,-34.34532242366568
-102.53989946158899,294.13704034439087,-51.04152645708261,-312.4198025193298,-196.7527418546384,158.3845788445019,143.60205781877397,-12.074789401247743,88.26515515285702,75.17121495216355,-102.12680996956215,-74.41244851753548,75.10100666625574,-106.3862218827262,58.30938699273619,-62.54033214990554,-50.93835614173826,104.5739920411502,20.866654957880037,-30.30645480808357,-112.65349625210047,-24.0290162429294,-1.9564603923235464,-42.24972782099181,-49.03176259416927,64.55549882922179,-67.20641361401462,86.42885104976645,-29.881404239765914,-47.09015000897132,70.83235254271274,57.29982729561115,-26.364174553376174,-72.77087088349278,-52.3726090770856,11.811138320074319,-65.2806716826847,1.697078312903655,-22.455227360229024,-19.55035829154473,36.000252761437935,-54.08968170611166,46.193676035554375,-16.896716736612873,-26.51820480629459,-73.15721668008479,35.666480037277395,54.92313226368172,3.336555192677828,42.75171761135516
-323.08009226429294,351.0259290368607,42.98390671767467,-248.5900034314014,-42.32916723789279,83.8049672984609,61.21089253170925,-77.468030075848,35.72433196478284,-51.712305695843874,-12.798788400111688,-83.42053067702699,10.819979037131871,-90.34871803496951,21.752185679856574,-59.11134074441783,-99.15140841222969,152.819042132484,50.42373649391451,-18.578942885344883,3.909091321607506,-36.38634993396692,-15.40867646019666,-53.052648665001115,-120.87092527741028,-32.86229944737993,-120.54967501527781,5.093345950014627,-56.12232431389827,-10.25682561628475,107.0474574181753,46.72273546458512,-2.6546011961165727,-35.78010432347,2.300887828649403,-3.6930479410003776,-40.54610184595849,9.86975002568896,-14.730003594641264,40.7875001696289,3.7077608609190054,-30.766262734974433,56.03253598154644,6.835939955774536,-20.853934493406804,61.06910796983155,-47.15396129725049,-26.624159458158548,4.706856013096787,40.00812485796322
-349.16954871011535,369.13775427273026,58.620159843570384,-247.0024768563714,18.37313295620151,67.96184903187519,46.975432558501566,-67.16584475856794,-5.795666620009358,-46.90849098014227,-11.489291567740672,-59.87645598446248,-0.9330428748576327,-31.41374211133774,-31.893868040719536,-47.97126142587634,-96.09763996037948,110.43016629799003,57.58196636116095,-35.412990289990624,34.63864728980625,-8.61844212257689,-3.7359886518354584,-91.41076814570944,-122.9729584537099,-66.22999828879469,-107.4362595800022,-39.96649608440814,-64.95623840867074,6.909871403571605,28.860465768897164,30.14645294119705,22.818642940502755,-1.7538869581813117,16.13158252294822,-47.88011339799966,35.90564392447099,19.925091361486714,6.112696688164861,9.970518922964503,-20.321787892137802,30.61394989014766,3.9809837153114334,-7.609416206908202,-8.951598323968664,53.94695681890515,-17.876569265244612,-20.093836280848496,3.5918668863262733,-15.303671965724394
-363.40417444422496,394.87059313233266,78.44564682284978,-247.04026854407155,61.20746479102341,70.56317054199516,21.16131130522913,-59.15848814793138,-59.61015079737275,-37.15543398239679,3.0888068259830157,-27.988121612704795,5.049357974081695,0.26881386713737354,-56.54012402128114,-26.396854433536735,-57.0816744231537,72.61030911699685,54.63602941607301,-28.195914352709707,65.19828568249774,19.75607397486154,6.415692297312856,-82.69301973650549,-65.00557762143791,-38.48320973585732,-27.81163645363385,-73.32409397382595,-26.957828797956058,0.6513394695044002,-65.23915692365063,-22.22543025933993,47.220025347640664,53.05494480940512,49.26028224356947,-78.18980581365736,97.85887353456776,11.067457678789308,16.44186898280809,-11.74938827268863,-29.821147829383712,56.59509798323379,-38.16339862072234,7.914107235205276,39.073787059811266,33.65793352132979,10.893738665758038,-1.6900879677306844,3.3607191289272405,-12.00889191347531
-366.43843730433616,397.816784569631,70.85326153431117,-246.35278606625056,77.43377889183351,50.48311150977187,17.13352991652907,-56.97143062266227,-93.48191510103946,-28.982906654910803,-28.064729471203158,9.614960239660084,36.12389845253685,34.43184368458002,-53.608372765442766,23.448232411897386,-42.584646002462705,36.683930283122265,17.852746099407774,-23.983835830094637,44.78437204377653,57.21888653161827,26.600877510285777,-55.60315218710446,-19.23428310532421,-35.13036586601348,19.85128683841268,-49.407288818446084,30.256974976110595,-23.835123377949472,-100.02823517029883,-43.06807370254467,15.691789697291883,57.09768973419513,49.726882133459455,-23.851274686892324,67.11510380979337,-42.95090622936765,29.923640699123233,-39.288895904735185,-31.85335246218554,57.82821438422981,-38.530566601505406,0.015128710636920962,23.739267397347945,-62.609994346068255,47.67268376191609,31.66532423847642,3.3315000648427824,5.6869726765430535
-346.2146769857337,398.5773568653965,62.817804092692924,-241.85757713184407,87.37927141387252,36.707395301823034,6.125681808733209,-58.6140127084921,-94.2056136556657,-37.46696609824853,-70.58842589764593,43.54090198709432,53.240906386547486,73.75167918192301,-40.32614822784894,29.128291746062914,-19.84872565295089,-7.256056275034456,3.465243272262012,4.974941183527688,27.171959364253095,43.94474128252825,36.88086887090387,-21.054843738186324,-6.416305913656928,-60.35039079772972,11.165873040938928,-23.339890060630506,57.92263904833316,-19.113551773827265,-82.45642502767551,-59.106369572804574,6.841523301496446,25.909788675120648,21.02618829388814,23.110192151786208,-17.480505903294528,-63.80295846697563,30.079224848518106,-46.89782716698114,5.6108590012138935,42.96891951778385,-51.402019424460576,-7.881384356210042,-25.91553627345462,-107.6097590873023,34.845583405805534,26.597530277351087,-4.7707968156491365,-6.35714433012791
-340.8544145400771,407.49034521735035,58.0154226010421,-218.77281125155278,105.50493428429535,43.50041816077556,13.27211374608827,-49.80380194381457,-110.2267594668513,-57.903330874184526,-101.76176894954244,85.08567838127408,54.93084928789686,89.69847262096822,-57.55801381855491,29.25767811226501,11.87080139447234,-55.39860492182447,-13.993777698122337,29.567696369515527,26.136996683337475,43.07466177269111,16.79807546704141,24.123922782694425,-13.971151570237216,-36.400855047510575,5.468229740588813,5.763440141665679,53.88853159350932,-6.576114330005383,-36.8642584981296,-59.79760012545111,18.014999358374137,-19.33624327176578,10.996422489879944,76.00404248933606,-120.37299594581204,-35.5448681812337,-9.934393194459817,-24.684677015505155,45.80556455235496,-31.056268460685203,-22.673519390225163,14.109805020922837,-2.9063472697728754,-50.74554628617471,-10.409215391693477,-36.93575315822865,-8.85134998236538,-18.79383320166342
-342.16408972571287,413.26248856130127,61.192927064493475,-214.33023578600395,143.35563385799688,88.53180980757483,39.323549351831296,-41.39010128063981,-117.83089258721625,-88.20106228385433,-130.21467927314595,102.43952658027295,87.47523203713108,113.89095265179726,-52.51059443878679,41.985590494417174,40.622131013183385,-99.95358760270543,-12.965870021658304,55.368179487252306,-5.6082923609802515,40.403309659822106,-0.3688997317537752,59.74590297199739,0.2086828146917702,30.126704074204888,19.951616058841278,-3.170920430546566,7.332786167864917,20.08847784537794,18.39341342060003,-29.342329913352923,-15.27155791355786,-47.31067052644813,3.947038689264683,55.98849535324415,-93.7864872572426,10.76644357731051,-42.72724142402962,-5.419222073481139,23.33787154008583,-57.51923235403512,14.872527208248187,2.7634725507289515,24.312762521166885,35.9542556024139,-44.54068035172456,-35.16794622484885,2.8616524536581647,-16.421513013677696
-341.6493924902065,407.1341549108276,61.215584945685386,-219.67608413710167,144.56128602998277,122.04242610295479,48.206250155919264,-39.28596944194829,-105.12757140966367,-110.18431219313744,-122.62113776093999,97.23191638222329,98.73292118695667,115.40430921539728,-42.73216980691764,39.244183971406734,45.50217895555099,-108.41356456988002,-36.547754644883376,44.8646160473135,-2.506000536885345,12.908799504324792,-33.851577419776476,74.53865937449177,18.173765598925442,52.195131485092624,41.82633883312355,3.3508845027886247,-20.754255678111416,29.65230651830406,47.365402712664746,19.414278617311506,-23.447530387386703,-21.291453573056796,-22.773982933592425,12.703236797012691,-25.01340576608823,37.84712703958843,-29.58964109832843,25.09680596028582,8.365769575485597,-41.863304433570676,22.826389630653374,-8.778350426630416,22.732915281973522,92.05891106461361,-42.356104196149936,-2.646134121456696,25.760695923655657,-12.863193385032279
-15.603250443825575,399.55299445734966,151.3204089306624,-117.45034597501092,313.26165401441557,183.18341045740763,-20.924632948164227,-20.48001019835354,31.715210653573358,-241.87428757484352,-1.0192033480678844,102.12156020255726,-28.8546211226149,44.5846607027805,-66.31613212741351,3.549769744922095,78.94868084173983,-136.56574207092405,-56.761536952763414,26.786940568689012,-42.75957194412189,-97.05547231315757,-68.46719437366889,94.64343036891404,44.085898177730606,56.690416012591236,31.05080537671683,70.83453717134844,-16.259307780214904,11.564803936281415,66.5680409115524,115.68487981510692,-16.399758742092054,6.11677356719564,-51.78101269970013,-57.12623177261467,148.35555105112417,33.806284490251485,25.21702699694082,62.65583735675054,-87.35376096293885,27.705549055154627,57.12947343225394,-17.722686685874503,-48.63948690257729,-8.346888141718212,52.19983705247679,62.63733816478361,-20.303137394437222,37.68472540952031
