0.0,0.0,0.0
0.001884620734280649,3.552847184493385e-05,0.001884955592153876
0.003767232559268753,0.00014208864118598846,0.003769911184307752
0.005645827755279032,0.0003196047828967014,0.005654866776461627
0.007518400981249012,0.0005679507332758571,0.007539822368615503
0.009382950462571371,0.0008869499572895131,0.00942477796076938
0.011237479177152187,0.0012763756426652365,0.011309733552923256
0.013079996039104943,0.00173595082079397,0.013194689145077132
0.01490851707949134,0.002265348514382252,0.015079644737231009
0.016721066623521123,0.002864191911784829,0.016964600329384884
0.018515678463624983,0.0035320545679350616,0.01884955592153876
0.02029039702781625,0.004268460631777907,0.020734511513692638
0.022043278542759448,0.005072885100097693,0.02261946710584651
0.02377239219096601,0.005944754097620415,0.024504422698000385
0.025475821261540344,0.006883445183257743,0.026389378290154263
0.027151664293902155,0.007888287682347603,0.02827433388230814
0.028798036213914392,0.00895856304473382,0.030159289474462014
0.030413069461849407,0.01009350522851501,0.032044245066615885
0.031994915111629836,0.011292301109280771,0.03392920065876977
0.0335417439807846,0.012554090914641044,0.035814156250923636
0.035051747730564776,0.013877968683842551,0.03769911184307752
0.03652313995566834,0.015262982752254206,0.039584067435231386
0.03795415726302793,0.0167081362604916,0.04146902302738527
0.03934306033912037,0.018212387687938977,0.04335397861953914
0.04068813500526227,0.01977465141041531,0.04523893421169302
0.041987693260361295,0.021393798281719785,0.047123889803846894
0.043240074310598536,0.023068656238780412,0.04900884539600077
0.04444364558552347,0.02479801093011839,0.05089380098815464
0.04559680374004898,0.026580606367329455,0.052778756580308527
0.046697975641840674,0.02841514559927273,0.0546637121724624
0.04774561934360114,0.03030029140864645,0.05654866776461628
0.04873822503975686,0.03223466703061924,0.05843362335677015
0.049674316007062784,0.034216856893175426,0.06031857894892403
0.05055244952864642,0.03624540737882153,0.06220353454107791
0.05137121780102153,0.03831882760729191,0.06408849013323177
0.05212924882360905,0.04043559023888068,0.06597344572538566
0.052825207270310565,0.04259413229801705,0.06785840131753954
0.05345779534268856,0.04479285601669206,0.06974335690969341
0.05402575360431544,0.04703012969733433,0.07162831250184729
0.054527861795862616,0.04930428859472363,0.07351326809400116
0.05496293963050899,0.051613635816521335,0.07539822368615504
0.05532984756925815,0.053956443241988214,0.07728317927830891
0.0556274875757619,0.056330952458450774,0.07916813487046279
0.05585480385025804,0.058735375715069024,0.08105309046261666
0.056010783542239054,0.061167896893449626,0.08293804605477054
0.056094457441478784,0.0636266724946407,0.08482300164692441
0.05610490064705407,0.0661098326420361,0.08670795723907829
0.056041233214007856,0.06861548209970897,0.08859291283123216
0.055902620777311465,0.0711417013056875,0.09047786842338604
0.05568827515279353,0.07368654741967734,0.09236282401553993
0.055397454914713706,0.0762480553847289,0.0942477796076938
0.05502946594967075,0.07882423900234027,0.09613273519984768
0.05458366198654445,0.08141309202047964,0.09801769079200154
0.05405944510218269,0.08401258923400527,0.09990264638415544
0.053456266202555884,0.08662068759695367,0.10178760197630927
0.052773625479112365,0.08923532734616199,0.10367255756846316
0.052011072840079636,0.09185443313568363,0.10555751316061704
0.0511682083164683,0.09447591518145068,0.10744246875277093
0.0502446824425468,0.09709767041563296,0.1093274243449248
0.04924019661056718,0.0997175836501358,0.11121237993707868
0.04815450339953396,0.10233352874867592,0.11309733552923255
0.04698740687782009,0.10494336980686987,0.11498229112138646
0.04573876287944627,0.10754496233976413,0.11686724671354028
0.04440847925385198,0.11013615447623328,0.1187522023056942
0.04299651608899911,0.11271478815966768,0.12063715789784805
0.041502885907660825,0.11527870035436988,0.12252211349000193
0.039927653836761966,0.11782572425707385,0.12440706908215582
0.03827093774964838,0.120353690513,0.1262920246743097
0.036532908381176135,0.12286042843585553,0.12817698026646354
0.034713789415524096,0.1253437672311861,0.13006193585861742
0.03281385754664566,0.12780153722248444,0.13194689145077132
0.030833442511288705,0.1302315710794582,0.1338318470429252
0.028772927094525013,0.13263170504785854,0.13571680263507907
0.02663274710774401,0.13499978018026856,0.13760175822723295
0.02441339133907799,0.13733364356725028,0.13948671381938682
0.022115401476238743,0.13963114956824899,0.1413716694115407
0.019739372001759282,0.14189016104164984,0.14325662500369454
0.017285950060646198,0.14410855057338556,0.14514158059584845
0.014755835300462119,0.14628420170349082,0.14702653618800232
0.012149779683869624,0.1484150101500012,0.1489114917801562
0.009468587273682137,0.15049888502959266,0.15079644737231007
0.006713113990479159,0.15253375007436176,0.15268140296446395
0.0038842673428569367,0.15451754484414432,0.15456635855661782
0.0009830061303976406,0.15644822593377414,0.1564513141487717
-0.0019896598805457548,0.1583237681746834,0.15833626974092554
-0.005032670308139862,0.16014216583024907,0.16022122533307945
-0.0081449145333147,0.16190143378429195,0.16210618092523332
-0.011325232104825368,0.16359960872213647,0.1639911365173872
-0.014572413170984478,0.16523475030364249,0.16587609210954107
-0.01788519893790463,0.16680494232762394,0.16776104770169495
-0.02126228215407867,0.16830829388707175,0.16964600329384882
-0.024702307621111454,0.16974294051460145,0.17153095888600273
-0.028203872730405755,0.17110704531755086,0.17341591447815655
-0.03176552802559218,0.17239880010215616,0.17530087007031045
-0.035385777790479835,0.17361642648623998,0.17718582566246432
-0.03906308066229365,0.17475817699984875,0.17907078125461826
-0.042795850269950655,0.17582233617328089,0.18095573684677208
-0.04658245589711723,0.17680722161195522,0.18284069243892595
-0.05042122316977543,0.17771118505757058,0.18472564803107985
-0.05431043476801596,0.17853261343501564,0.18661060362323373
-0.05824833116176398,0.17926992988449336,0.1884955592153876
-0.0622331113701308,0.17992159477832953,0.19038051480754145
-0.06626293374407459,0.1804861067219428,0.19226547039969533
-0.07033591677204093,0.18096200353845845,0.19415042599184926
-0.07445013990824381,0.18134786323645674,0.19603538158400308
-0.07860364442323531,0.18164230496035128,0.19792033717615695
-0.08279443427640204,0.1818439899229033,0.19980529276831085
-0.08702047701001668,0.18195162231938225,0.20169024836046476
-0.09127970466445934,0.1819639502228926,0.20357520395261855
-0.09557001471421753,0.1818797664603944,0.20546015954477248
-0.0998892710242574,0.1816979094689526,0.20734511513692636
-0.10423530482635593,0.18141726413175946,0.20923007072908026
-0.10860591571496617,0.18103676259348275,0.2111150263212341
-0.11299887266218435,0.1805553850545008,0.21299998191338795
-0.11741191505137474,0.1799721605435946,0.21488493750554186
-0.12184275372899807,0.17928616766867755,0.21676989309769573
-0.12628907207418325,0.17849653534515106,0.2186548486898496
-0.13074852708557094,0.17760244350148485,0.22053980428200348
-0.13521875048494764,0.17660312376163126,0.22242475987415736
-0.139697349837184,0.1754978601038911,0.22430971546631126
-0.14418190968597933,0.1742859894958609,0.2261946710584651
-0.1486699927049066,0.1729669025051,0.22807962665061898
-0.15315914086324667,0.17154004388516753,0.2299645822427729
-0.1576468766060898,0.17000491313668972,0.23184953783492676
-0.16213070404817576,0.16836106504312934,0.23373449342708055
-0.1666081101809387,0.16660811018093874,0.2356194490192345
-0.17107656609221206,0.16474571540379154,0.2375044046113884
-0.17553352819804546,0.1627736043005968,0.23938936020354226
-0.1799764394860774,0.16069155762701293,0.2412743157956961
-0.18440273076990005,0.15849941371018966,0.24315927138785
-0.1888098219538493,0.1561970688264776,0.24504422698000386
-0.1931951233076448,0.15378447755185806,0.2469291825721577
-0.19755603675029934,0.15126165308485662,0.24881413816431164
-0.20188995714271352,0.1486286675417174,0.2506990937564655
-0.20619427358836415,0.14588565222362554,0.2525840493486194
-0.21046637074149105,0.14303279785578038,0.25446900494077324
-0.21470363012218294,0.14007035479813135,0.25635396053292714
-0.2189034314377576,0.13699863322760408,0.25823891612508104
-0.2230631539098269,0.13381800329165475,0.26012387171723483
-0.2271801776064375,0.13052889523300432,0.26200882730938874
-0.2312518847786669,0.12713179948541856,0.26389378290154264
-0.2352756612010606,0.12362726674040984,0.2657787384936965
-0.2392488975152847,0.12001590798475215,0.2676636940858504
-0.24316899057637065,0.11629839450871378,0.2695486496780043
-0.2470333448009252,0.11247545788492357,0.2714336052701581
-0.2508393735166756,0.10854788991780112,0.273318560862312
-0.2545845003127182,0.10451654256349614,0.2752035164544659
-0.25826616038983874,0.10038232782029148,0.2770884720466197
-0.2618818019102699,0.09614621758944156,0.27897342763877364
-0.2654288873462484,0.09180924350643067,0.2808583832309275
-0.26890489482674,0.08737249674264601,0.2827433388230814
-0.27230731948169057,0.08283712777747887,0.2846282944152353
-0.27563367478317063,0.07820434614087621,0.28651325000738914
-0.2788814938827747,0.07347542012638085,0.28839820559954304
-0.2820483309446381,0.0686516764747125,0.2902831611916969
-0.2851317624734374,0.06373450002795285,0.29216811678385074
-0.2881293886367388,0.05872533335441341,0.29405307237600464
-0.2910388345810593,0.05362567634427927,0.2959380279681585
-0.29385775174101114,0.048437085776131684,0.2978229835603124
-0.29658381914089704,0.043161174854469436,0.2997079391524663
-0.29921474468812753,0.03779961271836218,0.3015928947446201
-0.3017482664578365,0.0323541239213781,0.303477850336774
-0.3041821539680691,0.026826487882948682,0.3053628059289279
-0.3065142094449224,0.02121853831133961,0.3072477615210817
-0.3087422690770219,0.015532162598414138,0.30913271711323564
-0.31086420425871875,0.009769301186389131,0.31101767270538955
-0.3128779228213981,0.003931946906792858,0.3129026282975434
-0.31478137025229264,-0.001977855708149412,0.3147875838896973
-0.3165725309001982,-0.007958011141463005,0.31667253948185115
-0.3182494291674955,-0.014006373634456457,0.318557495074005
-0.3198101306878844,-0.02012074795657448,0.3204424506661589
-0.3212527434892431,-0.02629889020179376,0.3223274062583128
-0.3225754191410311,-0.03253850861127538,0.32421236185046665
-0.3237763538856584,-0.038837264421971336,0.3260973174426205
-0.32485378975325097,-0.0451927727408698,0.3279822730347744
-0.3258060156592477,-0.051602603444557006,0.3298672286269283
-0.326631368484271,-0.05806428210375308,0.3317521842190821
-0.32732823413571954,-0.06457529093247512,0.33363713981123605
-0.32789504859053925,-0.07113306976146455,0.3355220954033899
-0.3283302989186341,-0.07773501703550252,0.3374070509955438
-0.32863252428638856,-0.08437849083423163,0.33929200658769765
-0.3288003169397781,-0.0910608099160849,0.34117696217985155
-0.3288323231665545,-0.09777925478491263,0.34306191777200545
-0.328727244237,-0.10453106877889026,0.3449468733641593
-0.3284838373227513,-0.1113134591812758,0.34683182895631315
-0.32810091639320665,-0.11812359835257312,0.34871678454846705
-0.3275773530890343,-0.12495862488365354,0.3506017401406209
-0.32691207757231144,-0.1318156447693702,0.3524866957327748
-0.32610407935283325,-0.13869173260219178,0.35437165132492865
-0.3251524080901378,-0.14558393278537693,0.3562566069170825
-0.3240561743708071,-0.15248926076519087,0.3581415625092365
-0.32281455046060914,-0.15940470428166656,0.3600265181013903
-0.3214267710310609,-0.16632722463739627,0.36191147369354415
-0.31989213385999965,-0.1732537579838313,0.3637964292856981
-0.31821000050576115,-0.18018121662456155,0.3656813848778519
-0.3163797969545745,-0.18710649033503474,0.3675663404700058
-0.3144010142407949,-0.19402644769816585,0.3694512960621597
-0.3122732090396045,-0.20093793745528274,0.3713362516543136
-0.3099960042318264,-0.2078377898718423,0.37322120724646746
-0.3075690894405042,-0.21472281811734265,0.3751061628386213
-0.30499222153891564,-0.2215898196588548,0.3769911184307752
-0.30226522512969684,-0.22843557766758166,0.37887607402292905
-0.2993879929947683,-0.2352568624378524,0.3807610296150829
-0.2963604865157644,-0.2420504328179488,0.3826459852072368
-0.2931827360646818,-0.2488130376521528,0.3845309407993907
-0.2898548413644744,-0.2555414172334033,0.38641589639154456
-0.2863769718193323,-0.2622323047659373,0.3883008519836985
-0.282749366814402,-0.2688824278372887,0.3901858075758523
-0.2789723359847086,-0.27548850989901125,0.39207076316800615
-0.2750462594530619,-0.2820472717554866,0.3939557187601601
-0.270971588036737,-0.28855543306017223,0.395840674352314
-0.2667488434227356,-0.2950097138186413,0.3977256299444678
-0.26237861831144416,-0.30140683589775985,0.3996105855366217
-0.25786157652852465,-0.30774352454034204,0.4014955411287756
-0.2531984531048791,-0.314016509884624,0.4033804967209295
-0.24839005432455274,-0.3202225284878841,0.4052654523130833
-0.2434372577404428,-0.3263583248535484,0.4071504079052372
-0.23834101215770506,-0.33242065296109924,0.4090353634973911
-0.2331023375847576,-0.3384062777981153,0.41092031908954496
-0.2277223251517941,-0.3443119768937661,0.4128052746816988
-0.2222021369967408,-0.35013454185307485,0.4146902302738527
-0.21654300611859564,-0.3558707798912687,0.4165751858660066
-0.21074623619811225,-0.3615175153675311,0.4184601414581605
-0.2048132013857928,-0.36707159131747147,0.4203450970503143
-0.19874534605718516,-0.3725298709836182,0.4222300526424682
-0.1925441845354781,-0.3778892393432516,0.4241150082346221
-0.18621130078141104,-0.3831466046328863,0.4259999638267759
-0.17974834805052814,-0.38829889986870975,0.42788491941892987
-0.1731570485178221,-0.39334308436228943,0.4297698750110837
-0.16643919286981984,-0.3982761452308594,0.4316548306032376
-0.15959663986418934,-0.403095098901495,0.43353978619539146
-0.15263131585695175,-0.4077969926084865,0.4354247417875453
-0.14554521429739678,-0.4123789058832289,0.4373096973796992
-0.1383403951908233,-0.4168379520359361,0.4391946529718531
-0.13101898452923216,-0.421171279628498,0.44107960856400696
-0.12358317369011257,-0.4253760739378003,0.4429645641561608
-0.11603521880348755,-0.42944955840882304,0.4448495197483148
-0.10837744008738763,-0.4333889960968419,0.4467344753404686
-0.10061222115193773,-0.4371916910980624,0.4486194309326225
-0.09274200827226532,-0.4408549899680077,0.4505043865247764
-0.0847693096304415,-0.4443762831269996,0.4523893421169302
-0.07669669452668278,-0.4477530062520655,0.4542742977090841
-0.06852679256006297,-0.450982641654613,0.45615925330123797
-0.060262292778990666,-0.4540627196432145,0.4580442088933919
-0.05190594280171972,-0.4569908198708556,0.4599291644855457
-0.04346054790718639,-0.4597645726659973,0.4618141200776996
-0.03492897009646519,-0.4623816603468143,0.4636990756698535
-0.026314127125161846,-0.4648398185179736,0.4655840312620073
-0.0176189915070628,-0.4671368373493253,0.4674689868541612
-0.008846589489388481,-0.4692705628358816,0.4693539424463151
-8.656518121748054e-17,-0.471238898038469,0.471238898038469
0.008917646433078174,-0.4730398043044429,0.4731238536306228
0.0179031687894346,-0.4746713024678629,0.4750088092227768
0.026953336690955083,-0.4761314740285317,0.4768937648149306
0.03606487156301672,-0.4774184623093123,0.4787787204070845
0.045234447821765264,-0.4785304735911401,0.4806636759992384
0.05445869408705003,-0.47946577822516,0.4825486315913922
0.06373419442057841,-0.4802227117214244,0.4844335871835461
0.07305748958882773,-0.4807996758135957,0.4863185427757
0.08242507835025227,-0.4811951394991079,0.4882034983678538
0.09183341876631143,-0.4814076400542495,0.4900884539600077
0.10127892953582136,-0.4814357840236402,0.4919734095521616
0.11075799135213296,-0.4812782481835813,0.4938583651443154
0.12026694828262825,-0.480933780478774,0.4957433207364693
0.1298021091700033,-0.4804012009319035,0.4976282763286233
0.13935974905480766,-0.4796794025256047,0.4995132319207771
0.1489361106186996,-0.4787673520563268,0.501398187512931
0.15852740564785356,-0.4776640909596348,0.5032831431050849
0.16812981651595818,-0.4763687361064886,0.5051680986972388
0.17773949768623365,-0.4748804805700557,0.5070530542893926
0.1873525772318742,-0.4731985943626246,0.5089380098815465
0.1969651583743281,-0.4713224251421962,0.5108229654737004
0.20657332103880516,-0.4692513988883453,0.5127079210658543
0.21617312342640585,-0.4669850205469505,0.5145928766580081
0.22576060360224154,-0.464522874643411,0.5164778322501621
0.2353317810989176,-0.4618646258639743,0.5183627878423158
0.2448826585347457,-0.4590100196048154,0.5202477434344697
0.25440922324602955,-0.4559588824885186,0.5221326990266236
0.26390744893277096,-0.4527111228476293,0.5240176546187775
0.2733732973171409,-0.4492667311749501,0.5259026102109313
0.28280271981403354,-0.4456257805402772,0.5277875658030853
0.2921916592130325,-0.44178842697328,0.5296725213952391
0.3015360513711083,-0.4377549098122409,0.531557476987393
0.31083182691534833,-0.4335255520183918,0.5334424325795469
0.3200749129550265,-0.4291007604555916,0.5353273881717008
0.3292612348023139,-0.4244810261351023,0.5372123437638546
0.3383867177009134,-0.41966692442524495,0.5390972993560086
0.34744728856190865,-0.4146591152257192,0.5409822549481624
0.3564388777061127,-0.4094583431063909,0.5428672105403163
0.36535742061218296,-0.40406543741036655,0.5447521661324701
0.3741988596697797,-0.3984813123211902,0.546637121724624
0.3829591459370381,-0.39270696689400303,0.5485220773167778
0.3916342409016103,-0.38674348505053496,0.5504070329089318
0.4002201182445401,-0.3805920355378049,0.5522919885010856
0.4087127656062314,-0.3742538718504155,0.5541769440932395
0.41710818635375546,-0.3677303321163611,0.5560618996853933
0.42540240134875396,-0.36102283894626097,0.5579468552775473
0.43359145071518224,-0.3541328992459646,0.5598318108697011
0.4416713956061431,-0.3470621039924756,0.561716766461855
0.4496383199690516,-0.3398121279731687,0.5636017220540089
0.4574883323083733,-0.33238472948828235,0.5654866776461628
0.4652175674451845,-0.3247817500166845,0.5673716332383166
0.4728221882727857,-0.3170051138449312,0.5692565888304706
0.4802983875076149,-0.30905682765964826,0.5711415444226244
0.4876423894347021,-0.30093898010327785,0.5730265000147783
0.4948504516468986,-0.29265374129325944,0.5749114556069321
0.5019188667771283,-0.284203362304721,0.5767964111990861
0.5088439642229008,-0.2755901746167681,0.5786813667912398
0.5156221118623269,-0.2668165895224898,0.5805663223833938
0.5222497177608807,-0.25788509750280103,0.5824512779755476
0.5287232318681588,-0.24879826756425896,0.5843362335677015
0.5350391477038776,-0.2395587465410171,0.5862211891598554
0.5411940040323614,-0.2301692583610845,0.5881061447520093
0.5471843865247779,-0.2206326032770744,0.5899911003441631
0.5530069294083697,-0.2109516570616517,0.5918760559363171
0.5586583171019465,-0.2011293701678948,0.5937610115284709
0.5641352858368988,-0.19116876685479994,0.5956459671206248
0.5694346252629999,-0.18107294427818696,0.5975309227127787
0.5745531800382656,-0.17084507154726486,0.5994158783049326
0.5794878514021502,-0.16048838874713325,0.6013008338970864
0.5842355987313572,-0.15000620592752334,0.6031857894892403
0.5887934410775506,-0.1394019020580799,0.6050707450813941
0.5931584586862563,-0.12867892395051475,0.606955700673548
0.5973277944962565,-0.1178407851479636,0.6088406562657018
0.6012986556187716,-0.10689106478190903,0.6107256118578558
0.6050683147957457,-0.09583340639703468,0.6126105674500096
0.6086341118365507,-0.08467151674438872,0.6144955230421635
0.6119934550324295,-0.0734091645432637,0.6163804786343174
0.6151438225480128,-0.062050179212199776,0.6182654342264713
0.6180827637892454,-0.05059844956953323,0.6201503898186251
0.6208079007470697,-0.03905792250393865,0.6220353454107791
0.6233169293162191,-0.02743260161541495,0.6239203010029329
0.6256076205884868,-0.01572654582717712,0.6258052565950868
0.627677822119841,-0.003943867968944587,0.6276902121872407
0.6295254591707649,0.007911266667884194,0.6295751677793946
0.6311485359192168,0.019834641802668602,0.6314601233715484
0.6325451366456059,0.03182199166504365,0.6333450789637023
0.6337134268891954,0.04386900252099025,0.6352300345558561
0.634651654575354,0.055971314224917385,0.63711499014801
0.6353581511130845,0.06812452179718746,0.6389999457401639
0.6358313324622711,0.08032417702651942,0.6408849013323178
0.6360697001701,0.0925657900966921,0.6427698569244716
0.6360718423761129,0.1048448312369433,0.6446548125166256
0.6358364347853716,0.11715673239546365,0.6465397681087794
0.6353622416092188,0.12949688893537292,0.6484247237009333
0.6346481164731349,0.14186066135254027,0.6503096792930873
0.6336930032911999,0.15424337701461382,0.6521946348852411
0.6324959371066852,0.16664033192061514,0.654079590477395
0.6310560448983119,0.1790467924804266,0.6559645460695488
0.6293725463517219,0.1914579973135108,0.6578495016617028
0.6274447545957267,0.2038691590661738,0.6597344572538566
0.6252720769029076,0.21627546624669192,0.6616194128460104
0.6228540153541553,0.2286720850775908,0.6635043684381643
0.6201901674667558,0.2410541613643732,0.6653893240303181
0.6172802267856317,0.2534168223799835,0.6672742796224721
0.6141239834373782,0.2657551787642717,0.669159235214626
0.6107213246467318,0.2780643264377275,0.6710441908067798
0.6070722352151352,0.2903393485287468,0.6729291463989336
0.6031767979610698,0.30257531731367104,0.6748141019910876
0.5990351941218495,0.3147672961688447,0.6766990575832414
0.5946477037165722,0.3269103415339332,0.6785840131753953
0.5900147058699563,0.3389995048857163,0.6804689687675493
0.5851366790967926,0.3510298347215869,0.6823539243597031
0.5800142015467593,0.36299637855197264,0.6842388799518571
0.5746479512093721,0.37489418490088106,0.6861238355440109
0.5690387060788462,0.3867183053137764,0.6880087911361648
0.5631873442786663,0.3984637963719919,0.6898937467283186
0.5570948441456831,0.4101257217128593,0.6917787023204724
0.5507622842735619,0.4216991540547518,0.6936636579126263
0.5441908435154271,0.43317917722622573,0.6955486135047801
0.5373818009455711,0.4445608881984363,0.6974335690969341
0.5303365357801001,0.4558393991200028,0.6993185246890881
0.5230565272564125,0.4670098393535061,0.7012034802812418
0.5155433544714252,0.4780673575127761,0.7030884358733956
0.5077986961784707,0.4890071235001432,0.7049733914655496
0.4998243305428163,0.4998243305428161,0.7068583470577035
0.4916221348557591,0.5105141972275531,0.7087433026498573
0.4831940852072833,0.5210719695327808,0.7106282582420113
0.4745422561172726,0.5314929228573222,0.7125132138341651
0.4656688201252861,0.5417723640448998,0.7143981694263192
0.4565760473389345,0.5519056334035596,0.7162831250184729
0.4472663049409002,0.5618881067191805,0.7181680806106268
0.4377420566546612,0.5717151972622297,0.7200530362027806
0.4280058621690056,0.581382357786912,0.7219379917949345
0.4180603765214345,0.5908850825218793,0.7238229473870883
0.4079083494405589,0.6002189091516594,0.7257079029792421
0.3975526246476374,0.6093794207879607,0.7275928585713961
0.3869961391173926,0.6183622479300158,0.72947781416355
0.3762419222982759,0.6271630704131366,0.7313627697557038
0.3652930952923644,0.6357776193446345,0.7332477253478578
0.35415286999509465,0.6442016790262863,0.7351326809400116
0.3428245481950374,0.6524310888625156,0.7370176365321655
0.3313115206339635,0.660461745253462,0.7389025921243194
0.3196172660274443,0.6682896034721235,0.7407875477164733
0.30774535004624937,0.6759106795247536,0.7426725033086271
0.2956994242588374,0.6833210519937025,0.7445574589007811
0.2834832250352362,0.6905168638618929,0.7464424144929349
0.271100572412624,0.697494324318136,0.7483273700850888
0.2585553689229581,0.7042497105424823,0.7502123256772426
0.2458515983829921,0.7107793694708264,0.7520972812693965
0.23299332464705624,0.7170797195379734,0.7539822368615503
0.21998469032297413,0.7231472523983966,0.7558671924537042
0.20682991545152776,0.7289785346239119,0.7577521480458581
0.1935332961498791,0.7345702093775046,0.7596371036380121
0.18009920321937606,0.7399189980625568,0.7615220592301658
0.1665320807181992,0.7450217019467237,0.7634070148223198
0.15283644449930686,0.7498752037597176,0.7652919704144736
0.13901688071415114,0.7544764692642746,0.7671769260066275
0.12507804428266894,0.7588225487995732,0.7690618815987814
0.11102465733005047,0.7629105787963956,0.7709468371909353
0.09686150759080328,0.7667377832633269,0.7728317927830891
0.08259344678066065,0.7703014752432971,0.7747167483752431
0.06822538893688197,0.7735990582397807,0.7766017039673969
0.0537623087275048,0.7766280276119812,0.7784866595595508
0.0392092397301428,0.7793859719383358,0.7803716151517046
0.02457127268091826,0.7818705743476866,0.7822565707438585
0.009853553694131644,0.7840796138174796,0.7841415263360123
-0.00493871754669664,0.7860109664383594,0.7860264819281663
-0.01980028962578281,0.7876626066445407,0.7879114375203201
-0.0347258612593919,0.7890326084093527,0.7897963931124741
-0.04971008318683127,0.7901191464053614,0.7916813487046279
-0.064747560087457,0.7909204971284873,0.7935663042967818
-0.07983285252301271,0.791435039985553,0.7954512598889356
-0.09496047890458836,0.7916612583447022,0.7973362154810895
-0.11012491748349904,0.7915977405481518,0.7992211710732434
-0.1253206083653533,0.7912431808867445,0.8011061266653974
-0.1405419555465836,0.7905963805357923,0.8029910822575511
-0.15578332897269448,0.7896562484517077,0.8048760378497051
-0.17103906661745466,0.7884218022289371,0.8067609934418589
-0.18630347658229324,0.7868921689167265,0.8086459490340128
-0.20157083921510907,0.7850665857952615,0.8105309046261666
-0.21683540924769446,0.7829444011107421,0.8124158602183206
-0.23209141795100086,0.7805250747689647,0.8143008158104743
-0.24733307530742915,0.7778081789869999,0.8161857714026283
-0.2625545721993141,0.7747933989025763,0.8180707269947822
-0.2777500826128066,0.7714805331407832,0.8199556825869359
-0.2929137658563065,0.7678694943377362,0.8218406381790899
-0.30803976879259154,0.7639603096208564,0.8237255937712437
-0.3231222280838297,0.7597531210454306,0.8256105493633976
-0.3381552724485742,0.7552481859871454,0.8274955049555516
-0.3531330249299149,0.7504458774902905,0.8293804605477053
-0.3680496051739001,0.7453466845713541,0.8312654161398593
-0.3828991317173396,0.7399512124777547,0.8331503717320132
-0.3976757242841301,0.7342601829014502,0.8350353273241671
-0.41237350608920254,0.7282744341472059,0.8369202829163209
-0.42698660614918205,0.721994921255311,0.8388052385084748
-0.4415091615988868,0.7154227160785438,0.8406901941006286
-0.4559353200127481,0.7085590073132144,0.8425751496927825
-0.4702592417302293,0.7014051004841323,0.8444601052849364
-0.4844751021843555,0.6939624178833489,0.8463450608770902
-0.4985770942324231,0.6862324984625603,0.8482300164692441
-0.5125594304879569,0.678216997679071,0.8501149720613981
-0.5264163456530159,0.6699176872952245,0.8519999276535518
-0.5401420988499053,0.6613364551312378,0.8538848832457058
-0.5537309759513599,0.6524753047713997,0.8557698388378597
-0.5671772919082849,0.6433363552235898,0.8576547944300135
-0.5804753930741136,0.6339218405321143,0.8595397500221674
-0.5936196595248358,0.6242341093438729,0.8614247056143214
-0.6066045073737839,0.6142756244278684,0.8633096612064751
-0.6194243910802313,0.6040489621481121,0.8651946167986291
-0.6320738057508537,0.5935568118899951,0.8670795723907829
-0.6445472894331448,0.5828019754401953,0.8689645279829368
-0.6568394253998349,0.5717873663202229,0.8708494835750906
-0.6689448444233731,0.5605160090737409,0.8727344391672446
-0.6808582270395578,0.5489910385077759,0.8746193947593983
-0.6925743057993772,0.5372156988879863,0.8765043503515523
-0.7040878675081188,0.5251933430881771,0.8783893059437062
-0.7153937554508442,0.5129274316942324,0.88027426153586
-0.7264868716032932,0.5004215320626908,0.8821592171280139
-0.7373621788272896,0.487679317334207,0.8840441727201679
-0.7480147030497507,0.4747045654021281,0.8859291283123216
-0.7584395354243779,0.4615011578364642,0.8878140839044756
-0.7686318344751117,0.4480730787635533,0.8896990394966295
-0.7785868282204664,0.4344244137017042,0.8915839950887833
-0.7882998162778349,0.4205593483531508,0.8934689506809372
-0.7977661719468648,0.4064821673526756,0.8953539062730911
-0.8069813442710349,0.3921972529732375,0.8972388618652449
-0.8159408600765398,0.37770908378899537,0.8991238174573988
-0.8246403259876071,0.3630222332961352,0.9010087730495528
-0.8330754304173871,0.34814136849189403,0.9028937286417064
-0.8412419455335547,0.3330712484122214,0.9047786842338604
-0.8491357291977577,0.31781672262854394,0.9066636398260144
-0.8567527268780875,0.3023827297040745,0.908548595418168
-0.8640889735337215,0.2867742956101617,0.910433551010322
-0.8711405954709106,0.27099653210319746,0.9123185066024759
-0.8779038121695028,0.255054635062573,0.9142034621946298
-0.8843749380791861,0.23895388279023305,0.9160884177867836
-0.8905503843846494,0.22269963427239653,0.9179733733789376
-0.8964266607388842,0.2062973274039733,0.9198583289710914
-0.9020003769638316,0.18975247717630864,0.9217432845632454
-0.9072682447176238,0.17307067382881902,0.9236282401553992
-0.9122270791276522,0.15625758096515058,0.9255131957475532
-0.9168738003887176,0.13931893363450834,0.9273981513397068
-0.9212054353255338,0.12226053637877625,0.9292831069318608
-0.9252191189188632,0.10508826124610486,0.9311680625240146
-0.928912095794566,0.08780804577166165,0.9330530181161686
-0.9322817216748774,0.07042589092620721,0.9349379737083224
-0.9353254647912262,0.05294785903322057,0.9368229293004764
-0.9380409072579194,0.035380071655310916,0.9387078848926302
-0.9404257464060436,0.017728707450622903,0.9405928404847841
-0.942477796076938,3.4626072486992216e-16,0.942477796076938
-0.9441949878746052,-0.017799764394312082,0.944362751669092
-0.9455753723764571,-0.035664248937682205,0.9462477072612456
-0.9466171203017844,-0.053587068599013285,0.9481326628533996
-0.9473185236373756,-0.07156179239275827,0.9500176184455535
-0.9476779967197088,-0.08958194568623998,0.9519025740377072
-0.9476940772731676,-0.10764101253143464,0.9537875296298612
-0.9473654274037436,-0.12573243802036355,0.9556724852220152
-0.9466908345477,-0.14384963066327214,0.9575574408141688
-0.9456692123746946,-0.16198596478871954,0.9594423964063228
-0.944299601644874,-0.18013478296468852,0.9613273519984769
-0.9425811710194644,-0.19828939843986376,0.9632123075906304
-0.9405132178244032,-0.21644309760416808,0.9650972631827844
-0.938095168766582,-0.2345891424676368,0.9669822187749384
-0.9353265806022668,-0.2527207731567478,0.968867174367092
-0.9322071407573074,-0.2708312104272675,0.970752129959246
-0.9287366678987392,-0.2889136581926661,0.9726370855514
-0.9249151124574204,-0.306961306067191,0.9745220411435538
-0.9207425571013472,-0.32496733192263544,0.9764069967357076
-0.9162192171593266,-0.342924904457827,0.9782919523278616
-0.9113454409946844,-0.3608271857799058,0.9801769079200154
-0.906121710328724,-0.37866733399640173,0.9820618635121694
-0.9005486405136626,-0.3964385058171193,0.9839468191043232
-0.8946269807547808,-0.4141338591648727,0.9858317746964772
-0.8883576142815597,-0.4317465557940675,0.9877167302886308
-0.8817415584675871,-0.44926976391611606,0.9896016858807848
-0.8747799648990322,-0.4666966608307109,0.9914866414729386
-0.8674741193915138,-0.4840204355619405,0.9933715970650926
-0.8598254419552092,-0.5012342914982132,0.9952565526572466
-0.8518354867080596,-0.5183314490350089,0.9971415082494004
-0.8435059417369534,-0.5353051482194204,0.9990264638415542
-0.8348386289068028,-0.5521486513954463,1.000911419433708
-0.8258355036174191,-0.568855245849041,1.002796375025862
-0.8164986545081374,-0.5854182464518749,1.0046813306180158
-0.8068303031101612,-0.6018309983027618,1.00656628621017
-0.7968328034465957,-0.618086879365747,1.0084512418023237
-0.7865086415801794,-0.6341793031038094,1.0103361973944776
-0.7758604351087496,-0.6501017211071258,1.0122211529866314
-0.7648909326084664,-0.6658476257148911,1.0141061085787852
-0.7536030130248705,-0.6814105526296421,1.015991064170939
-0.7419996850118722,-0.6967840835230371,1.017876019763093
-0.7300840862187481,-0.7119618486320879,1.0197609753552468
-0.7178594825253082,-0.7269375293447696,1.0216459309474009
-0.7053292672253523,-0.7417048607740103,1.0235308865395545
-0.6924969601585922,-0.7562576343190132,1.0254158421317086
-0.6793662067912429,-0.7705897002128708,1.0273007977238624
-0.6659407772454686,-0.7846949700554713,1.0291857533160162
-0.6522245652779215,-0.7985674193306552,1.03107070890817
-0.6382215872076393,-0.8122010899065992,1.0329556645003242
-0.6239359807935445,-0.825590092518425,1.0348406200924778
-0.6093720040618511,-0.8387286092320176,1.0367255756846316
-0.5945340340836975,-0.8516108958880292,1.0386105312767857
-0.5794265657033189,-0.8642312845250909,1.0404954868689391
-0.564054210217114,-0.8765841857812247,1.0423804424610934
-0.5484216940039991,-0.8886640912724509,1.0442653980532473
-0.5325338571074074,-0.9004655759476344,1.0461503536454009
-0.5163956517693624,-0.9119833004185728,1.0480353092375552
-0.5000121409170672,-0.9232120132643514,1.049920264829709
-0.4833884966024338,-0.93414655330902,1.0518052204218626
-0.4665299983950351,-0.9447818518716252,1.0536901760140167
-0.44944203172898334,-0.955112934987642,1.0555751316061706
-0.4321300862042151,-0.9651349256008848,1.0574600871983244
-0.4145997538427229,-0.9748430457249586,1.0593450427904785
-0.396856727300296,-0.984232618573323,1.061229998382632
-0.3789067980343053,-0.9932990706570712,1.063114953974786
-0.3607558544281289,-1.0020379338495229,1.0649999095669398
-0.3424098798728372,-1.0104448474167242,1.066884865159094
-0.32387495080672657,-1.0185155600129996,1.0687698207512475
-0.30515723471335376,-1.0262459316406756,1.0706547763434016
-0.2862629880787417,-1.0336319355731145,1.0725397319355554
-0.2671985543084012,-1.0406696602402299,1.0744246875277093
-0.2479703616048713,-1.0473553110756428,1.0763096431198629
-0.2285849208065037,-1.0536852123246545,1.0781945987120172
-0.2090488231881833,-1.0596558088122443,1.0800795543041708
-0.18936873822474026,-1.065263667670293,1.0819645098963249
-0.16955141131782986,-1.0705054800232428,1.0838494654884787
-0.14960366148701834,-1.0753780626314513,1.0857344210806326
-0.12953237902588138,-1.0798783594914734,1.0876193766727864
-0.10934452312393668,-1.0840034433925347,1.0895043322649405
-0.08904711945519699,-1.0877505174284896,1.091389287857094
-0.06864725773419539,-1.0911169164645471,1.093274243449248
-0.048152089240349936,-1.0941001085580764,1.095159199041402
-0.02756882431149744,-1.0966976963328292,1.0970441546335556
-0.006904729807491778,-1.0989074183059078,1.0989291102257095
0.013832873455223438,-1.1007271501668463,1.1008140658178636
0.03463661329719722,-1.1021549060081848,1.1026990214100174
0.055499068796772334,-1.1031888395069198,1.1045839770021713
0.0764127729371559,-1.1038272450562543,1.106468932594325
0.09737021527885018,-1.1040685588470656,1.108353888186479
0.11836384465647005,-1.1039113598985448,1.110238843778633
0.13938607189895902,-1.1033543710374705,1.1121237993707866
0.16042927257227266,-1.1023964598255986,1.1140087549629407
0.18148578974348065,-1.101036639434675,1.1158937105550946
0.20254793676533392,-1.099274069468587,1.1177786661472484
0.22360800008026588,-1.0971080567321976,1.1196636217394025
0.24465824204278666,-1.0945380559464208,1.1215485773315559
0.26569090375927584,-1.091563670409119,1.12343353292371
0.2866982079441129,-1.0881846526014152,1.1253184885158638
0.3076723617910788,-1.084400904739053,1.127203444108018
0.3286055598590045,-1.0802124792684284,1.1290883997001715
0.34948998697058353,-1.0756195793069605,1.1309733552923256
0.370317821123254,-1.0706225590274854,1.1328583108844794
0.39108123641110576,-1.0652219239863685,1.1347432664766333
0.4117724059567053,-1.0594183313950531,1.136628222068787
0.4323835048517241,-1.0532125903348064,1.1385131776609412
0.4529067131053071,-1.0466056619144053,1.1403981332530948
0.4733342185990528,-1.0395986593705606,1.1422830888452489
0.4936582200474778,-1.032192848110888,1.1441680444374027
0.5138709299628814,-1.0243896456992476,1.1460530000295566
0.5339645776234717,-1.0161906217833043,1.1479379556217104
0.5539314120436097,-1.0075974979641915,1.1498229112138645
0.5737637049450754,-0.9986121476081538,1.151707866806018
0.5934537537282075,-0.9892365956001024,1.1535928223981722
0.6129938844417616,-0.9794730180390172,1.155477777990326
0.6323764547503861,-0.9693237418751502,1.1573627335824797
0.6515938568985546,-0.9587912444890148,1.1592476891746335
0.6706385206698013,-0.9478781532121812,1.1611326447667876
0.6895029163401467,-0.9365872447898822,1.1630176003589414
0.7081795576245559,-0.9249214447854928,1.1649025559510953
0.7266610046152684,-0.9128838269269628,1.1667875115432491
0.7449398667108923,-0.9004776123952819,1.168672467135403
0.7630088055350988,-0.8877061690551002,1.170557422727557
0.7808605378437663,-0.8745730106276571,1.1724423783197109
0.7984878384194622,-0.8610817958061607,1.1743273339118647
0.8158835429521103,-0.8472363273138122,1.1762122895040186
0.8330405509046941,-0.8330405509046933,1.1780972450961724
0.8499518283628941,-0.8184985543077268,1.1799822006883265
0.8666104108675159,-0.8036145661139701,1.18186715628048
0.8830094062285676,-0.7883929546075318,1.1837521118726342
0.8991419973198995,-0.7728382265403827,1.1856370674647878
0.9150014448532696,-0.7569550258513914,1.187522023056942
0.930581090130717,-0.7407481323299417,1.1894069786490955
0.94587435777416,-0.7242224602244657,1.1912919342412496
0.9608747584311104,-0.7073830567962942,1.1931768898334034
0.9755758914553952,-0.6902351008192428,1.1950618454255575
0.989971447561828,-0.6727839010253378,1.1969468010177111
1.004055211453738,-0.6550348944971436,1.1988317566098652
1.0178210644222747,-0.6369936450071806,1.200716712202019
1.031262986916446,-0.618665841304897,1.2026016677941729
1.0443750610828313,-0.6000572953517248,1.2044866233863267
1.0571514732739051,-0.5811739405047718,1.2063715789784806
1.0695865165239704,-0.5620218296496651,1.2082565345706344
1.0816745929916394,-0.5426071332831752,1.2101414901627885
1.0934102163678756,-0.522936137546176,1.212026445754942
1.104788014248582,-0.5030152422075752,1.213911401347096
1.1158027304707292,-0.4828509585998738,1.21579635693925
1.1264492274110671,-0.4624499075069773,1.2176813125314037
1.1367224882464328,-0.4418188170049568,1.2195662681235575
1.146617619174695,-0.42096452025647374,1.2214512237157116
1.156129851595404,-0.3998939532595548,1.2233361793078654
1.1652545442492066,-0.3786141525514665,1.2252211349000193
1.1739871853151032,-0.35713225286846845,1.2271060904921731
1.1823233944646527,-0.3354554847621805,1.2289910460843272
1.1902589248722344,-0.3135911721733775,1.2308760016764808
1.1977896651804758,-0.2915467299640387,1.2327609572686349
1.2049116414200094,-0.2693296614084469,1.2346459128607887
1.211621018882696,-0.2469475556442005,1.2365308684529426
1.21791410394749,-0.22440808508402205,1.2384158240450964
1.223787345858135,-0.2017190027892076,1.2403007796372505
1.229237338451894,-0.17888813980563165,1.242185735229404
1.2342608218385265,-0.15592340246324338,1.2440706908215582
1.238854684028757,-0.1328327696399446,1.2459556464137118
1.2430159625114918,-0.10962428999081544,1.247840602005866
1.2467418457790402,-0.08630607914366906,1.2497255575980195
1.2500296747996495,-0.06288631686187288,1.2516105131901736
1.2528769444366543,-0.03937324417544756,1.2534954687823274
1.2552813048135614,-0.01577516048146949,1.2553804243744815
1.257240562624426,0.007899579385242439,1.2572653799666351
1.258752682388883,0.03164256811010244,1.2591503355587892
1.2598157876512102,0.0554453488843283,1.2610352911509428
1.2604281621228384,0.07929941841708663,1.2629202467430969
1.2605882507677315,0.10319622997312006,1.2648052023352507
1.260294660830075,0.12712719643475098,1.2666901579274046
1.2595461628037463,0.15108369338720534,1.2685751135195584
1.2583416913430527,0.17505706222612796,1.2704600691117125
1.256680346114241,0.1990386132861492,1.2723450247038663
1.2545613925873138,0.2230196289894142,1.27422998029602
1.2519842627676958,0.2469913670129135,1.276114935888174
1.2489485558673348,0.2709450634734443,1.277999891480328
1.245454038914819,0.2948719361290839,1.2798848470724815
1.2415006473041346,0.31876318759598626,1.2817698026646356
1.2370884852817063,0.34261000857930346,1.2836547582567897
1.2322178263713748,0.3664035811170891,1.2855397138489433
1.226889113737,0.3901350818359677,1.2874246694410971
1.2211029604824013,0.413795685217352,1.2893096250332512
1.21486014988836,0.4373765668730401,1.291194580625405
1.2081616355864382,0.460868906828959,1.2930795362175591
1.2010085416694007,0.4842638928158152,1.2949644918097127
1.193402162738028,0.5075527235654674,1.2968494474018666
1.1853439638841532,0.5307266121117711,1.2987344029940204
1.1768355806097728,0.5537767890946412,1.3006193585861745
1.1678788186820992,0.5766945060661335,1.302504314178328
1.1584756539244483,0.5994710387972825,1.3043892697704822
1.1486282319429009,0.6220976905844291,1.3062742253626358
1.1383388677886508,0.6445657955538434,1.30815918095479
1.1276100455560476,0.6668667219633291,1.3100441365469435
1.116444417916293,0.6889918754996078,1.3119290921390976
1.1048448055868243,0.7109327025702131,1.3138140477312514
1.0928141967364382,0.732680693588616,1.3156990033234055
1.0803557463261937,0.7542273862513685,1.3175839589155591
1.067472775386205,0.7755643688059912,1.3194689145077132
1.0541687702284452,0.7966832833083319,1.321353870099867
1.0404473815956807,0.8175758288681794,1.323238825692021
1.0263124237467114,0.8382337648818616,1.3251237812841747
1.0117678734781177,0.8586489142505668,1.3270087368763286
0.9968178690827052,0.8788131665831663,1.3288936924684824
0.9814667092448964,0.8987184813822896,1.3307786480606365
0.9657188518733442,0.9183568912123824,1.3326636036527904
0.949578912871028,0.9377205048485568,1.3345485592449442
0.9330516648431624,0.956801510404976,1.336433514837098
0.9161420357432536,0.9755921784415348,1.338318470429252
0.8988551074576548,0.9940848650476484,1.3402034260214055
0.8811961143290017,1.01227201490191,1.3420883816135596
0.8631704416189576,1.0301461643064038,1.3439733372057137
0.8447836239106726,1.047699944194492,1.3458582927978673
0.8260413434514201,1.0649260831108702,1.3477432483900214
0.8069494284359118,1.0818174101626887,1.3496282039821752
0.7875138512307596,1.0983668579405894,1.351513159574329
0.7677407265406241,1.114567465408471,1.353398115166483
0.7476363095166203,1.1304123807608126,1.3552830707586367
0.7272069938075155,1.1458948642464266,1.3571680263507906
0.7064593095543329,1.161008290957487,1.3590529819429444
0.685399921328995,1.175746153582692,1.3609379375350985
0.6640356260176158,1.1901020651234613,1.362822893127252
0.6423733506491166,1.2040697615720517,1.3647078487194062
0.6204201501698734,1.217643104550478,1.36659280431156
0.5981832051650642,1.2308160839091828,1.3684777599037141
0.5756698195274628,1.2435828202843695,1.3703627154958675
0.5528874180744489,1.2559375676129243,1.3722476710880218
0.5298435441139684,1.2678747156039147,1.3741326266801754
0.5065458569602536,1.2793887921656144,1.3760175822723295
0.4830021294001367,1.2904744657870288,1.3779025378644834
0.4592202451107523,1.301126547872946,1.3797874934566372
0.4352081960295003,1.3113399950315068,1.3816724490487908
0.4109740796771634,1.321109911313323,1.3835574046409451
0.38652609643503344,1.3304315504012052,1.3854423602330987
0.36187254677697867,1.3393003177495495,1.3873273158252526
0.33702182845740297,1.347711772672458,1.3892122714174069
0.31198243365600914,1.3556616303797058,1.3910972270095605
0.28676294608035224,1.3631457639596554,1.3929821826017144
0.26137203802719394,1.370160206308249,1.3948671381938682
0.2358184674036185,1.3767011520032388,1.396752093786022
0.2101110747089539,1.3827649591228215,1.3986370493781761
0.1842587799785616,1.3883481510078532,1.4005220049703295
0.15827057969049016,1.3934474179668712,1.4024069605624836
0.13215554363613752,1.398059618923135,1.4042919161546377
0.105922811755949,1.4021817830029408,1.4061768717467913
0.07958159094127946,1.4058111110644789,1.4080618273389454
0.05314115180355964,1.4089449771665137,1.4099467829310992
0.02661082541185708,1.411580929976206,1.4118317385232533
7.790866309573248e-16,1.413716694115407,1.413716694115407
-0.0266818823555454,1.4153501714447674,1.4156016497075607
-0.05342532908593005,1.4164794422850508,1.4174866052997146
-0.08022080050707131,1.4171027665750369,1.4193715608918684
-0.1070587132224992,1.4172185849654388,1.4212565164840223
-0.13392944355071495,1.4168255198482775,1.423141472076176
-0.16082333097581908,1.4159223763211757,1.4250264276683302
-0.18773068162014805,1.414508143086063,1.426911383260484
-0.21464177173771684,1.4125819932818044,1.4287963388526383
-0.24154685122718664,1.410143285250281,1.4306812944447918
-0.26843614716306496,1.4071915632354983,1.4325662500369458
-0.29529986734390645,1.4037265580152882,1.4344512056290994
-0.322128203856203,1.3997481874652251,1.4363361612212535
-0.3489113366526447,1.3952565570543898,1.4382211168134074
-0.37563943714349257,1.3902519602726302,1.4401060724055612
-0.4023026717997272,1.3847348789890102,1.4419910279977153
-0.42889120576663203,1.3787059837411513,1.4438759835898691
-0.4553952064865288,1.372166133955206,1.4457609391820228
-0.4818048473293124,1.3651163780962063,1.4476458947741766
-0.5081103112294196,1.3575579537485978,1.449530850366331
-0.5343017943279371,1.3494922876267443,1.4514158059584843
-0.5603695096184754,1.340920995515252,1.4533007615506384
-0.5863036905954329,1.3318458821389798,1.4551857171427922
-0.6120945949033392,1.3222689409626112,1.457070672734946
-0.6377325079858934,1.3121923539197085,1.4589556283271
-0.6632077467333138,1.3016184910712,1.4608405839192542
-0.6885106631266761,1.2905499101932492,1.4627255395114076
-0.7136316478778513,1.278989356294509,1.4646104951035617
-0.7385611340636548,1.2669397610627895,1.4664954506957155
-0.7632896007528769,1.2544042422411692,1.4683804062878694
-0.7878075766248072,1.2413861029336295,1.4702653618800232
-0.8121056435778595,1.227888830840326,1.4721503174721768
-0.8361744403269735,1.2139160974225975,1.4740352730643311
-0.8600046659884013,1.199471756997883,1.4759202286564848
-0.8835870836504963,1.1845598457647313,1.4778051842486388
-0.9069125239291801,1.1691845807580892,1.4796901398407925
-0.9299718885067054,1.1533503587351142,1.4815750954329463
-0.9527561536523426,1.1370617549917803,1.4834600510251004
-0.975256373723669,1.120323522110542,1.4853450066172542
-0.9974636846471012,1.1031405886393748,1.4872299622094083
-1.019369307376297,1.0855180577025525,1.489114917801562
-1.0409645513271375,1.0674612055434929,1.4909998733937158
-1.0622408177879288,1.0489754800000817,1.4928848289858698
-1.083189603303483,1.0300664989128978,1.4947697845780237
-1.1038025030317946,1.010740048466769,1.4966547401701775
-1.1240712140719855,0.9910020814661252,1.4985396957623314
-1.1439875387621887,0.9708587155446758,1.5004246513544852
-1.1635433879461283,0.9503162313098784,1.502309606946639
-1.182730784207055,0.9293810704228032,1.5041945625387931
-1.2015418650677987,0.9080598336139204,1.5060795181309468
-1.2199688861556621,0.8863592786354199,1.5079644737231006
-1.2380042243308735,0.8642863181507112,1.509849429315255
-1.2556403807773966,0.8418480175617061,1.5117343849074083
-1.2728699840548343,0.81905159277458,1.5136193404995624
-1.2896857931101993,0.7959044079047211,1.5155042960917162
-1.3060807002483703,0.7724139729215552,1.5173892516838703
-1.3220477340600172,0.7485879412340041,1.5192742072760241
-1.3375800623058018,0.724434107217367,1.5211591628681782
-1.3526709947557136,0.6999604036823774,1.5230441184603316
-1.3673139859823702,0.6751748992872693,1.5249290740524857
-1.3815026381071251,0.6500857958937083,1.5268140296446395
-1.395230703497892,0.6247014258674128,1.5286989852367934
-1.4084920874175555,0.5990302493243613,1.5305839408289472
-1.4212808506218677,0.5730808513235183,1.5324688964211008
-1.4335912119057732,0.5468619390069587,1.5343538520132547
-1.4454175505970992,0.520382338688363,1.5362388076054088
-1.4567544089965492,0.49365099289087494,1.5381237631975628
-1.4675964947629994,0.46667695733526604,1.5400087187897165
-1.4779386832430856,0.4394693978794428,1.5418936743818703
-1.4877760197440786,0.4120375874103507,1.5437786299740244
-1.4971037217491028,0.3843909026892792,1.5456635855661782
-1.5059171810737353,0.3565388211516628,1.5475485411583318
-1.5142119659630522,0.3284909176624934,1.549433496750486
-1.5219838231282323,0.3002568612284032,1.5513184523426398
-1.5292286797218142,0.2718464116675717,1.5532034079347938
-1.5359426452507392,0.2432694162386257,1.5550883635269477
-1.5421220134263518,0.21453580622964807,1.5569733191191015
-1.5477632639505172,0.18565559350849925,1.5588582747112554
-1.552863064237057,0.15663886703567428,1.5607432303034092
-1.557418271067734,0.1274957893408609,1.5626281858955633
-1.5614259321820236,0.09823659296445232,1.5645131414877167
-1.5648832877999337,0.06887157686528565,1.5663980970798708
-1.5677877720771718,0.03941110279581793,1.5682830526720246
-1.5701370144919746,0.00986559164603914,1.570168008264179
-1.5719288411629284,-0.01975448024256195,1.5720529638563323
-1.5731612760971525,-0.04943858479172565,1.5739379194484864
-1.5738325423682338,-0.07917614592850088,1.5758228750406402
-1.5739410632233133,-0.1089565433533208,1.5777078306327943
-1.5734854631187771,-0.13876911633278274,1.5795927862249481
-1.5724645686840053,-0.1686031675157525,1.5814777418171018
-1.57087740961267,-0.19844796677140175,1.5833626974092558
-1.5687232194810972,-0.2282927550478529,1.5852476530014097
-1.5660014364932369,-0.2581267482500177,1.5871326085935635
-1.5627117041518024,-0.2879391411352074,1.5890175641857174
-1.5588538718551763,-0.3177191112251586,1.5909025197778712
-1.5544279954197076,-0.3474558227330328,1.592787475370025
-1.549434337527038,-0.3771384305039382,1.594672430962179
-1.5438733680961454,-0.4067560839676105,1.5965573865543328
-1.5377457645797945,-0.4362979311017301,1.5984423421464868
-1.5310524121851348,-0.4657531224044986,1.6003272977386405
-1.5237944040181932,-0.4951108148749958,1.6022122533307948
-1.515973041152063,-0.5243601759998152,1.6040972089229484
-1.5075898326185813,-0.5534903877446211,1.6059821645151022
-1.4986464953233496,-0.5824906505490398,1.6078671201072563
-1.4891449538839814,-0.6113501873234639,1.60975207569941
-1.4790873403914326,-0.6400582474463428,1.6116370312915638
-1.4684759940943883,-0.6686041107603806,1.6135219868837178
-1.4573134610066407,-0.696977091566208,1.6154069424758717
-1.4456024934374254,-0.7251665426120922,1.6172918980680255
-1.4333460494447587,-0.7531618590781013,1.6191768536601796
-1.420547292211811,-0.7809524825532856,1.6210618092523332
-1.4072095893463508,-0.808527905004435,1.6229467648444866
-1.3933365121034111,-0.8358776727348305,1.6248317204366411
-1.3789318345312758,-0.8629913903315501,1.626716676028795
-1.3639995325409282,-0.8898587245998917,1.6286016316209486
-1.3485437828991822,-0.9164694084833352,1.6304865872131031
-1.3325689621456964,-0.94281324496761,1.6323715428052563
-1.316079645434081,-0.9688801109674344,1.6342564983974104
-1.2990806052974218,-0.9946599611943622,1.6361414539895645
-1.2815768103384986,-1.0201428320043104,1.6380264095817183
-1.2635734238449927,-1.0453188452233486,1.6399113651738717
-1.2450758023301025,-1.0701782119501924,1.6417963207660258
-1.2260894939989022,-1.094711236334026,1.6436812763581798
-1.2066202371408965,-1.1189083193261484,1.6455662319503337
-1.186673958449156,-1.142759962404075,1.647451187542487
-1.1662567712665708,-1.1662567712665717,1.6493361431346414
-1.1453749737596943,-1.189389459498235,1.6512210987267952
-1.124035047020659,-1.2121488522022488,1.653106054318949
-1.1022436530977917,-1.2345258895998126,1.6549910099111032
-1.0800076329554793,-1.2565116305948991,1.6568759655032568
-1.0573340043638508,-1.2780972563029778,1.6587609210954106
-1.0342299597189837,-1.299274073542253,1.6606458766875647
-1.0107028637942703,-1.3200335182860905,1.6625308322797183
-0.9867602514235849,-1.3403671590753068,1.6644157878718722
-0.9624098251170516,-1.3602667003889102,1.6663007434640265
-0.9376594526101164,-1.3797239859719959,1.6681856990561799
-0.9125171643466524,-1.3987310021195138,1.6700706546483342
-0.8869911508969691,-1.417279880914533,1.671955610240488
-0.8610897603115182,-1.4353629034197557,1.6738405658326418
-0.8348214954110877,-1.4529725028210263,1.6757255214247957
-0.8081950110144461,-1.470101267521526,1.6776104770169495
-0.7812191111042929,-1.486741944185425,1.6794954326091034
-0.7539027459323895,-1.5028874407298152,1.6813803882012572
-0.7262550090649045,-1.5185308292636297,1.6832653437934113
-0.6982851343689014,-1.53366534897241,1.685150299385565
-0.6700024929409132,-1.5482844089477548,1.6870352549777188
-0.6414165899787154,-1.5623815909602432,1.6889202105698728
-0.6125370615972896,-1.57595065217473,1.6908051661620267
-0.583373671589993,-1.5889855278069065,1.6926901217541803
-0.5539363081361143,-1.601480333719983,1.6945750773463346
-0.524234980455877,-1.6134293689604398,1.6964600329384882
-0.4942798154139664,-1.624827118231808,1.6983449885306419
-0.4640810540728301,-1.6356682543053946,1.7002299441227962
-0.4336490481968761,-1.6459476403669644,1.70211489971495
-0.4029942567087049,-1.6556603322983945,1.7039998553071036
-0.3721272420986912,-1.6648015808932963,1.7058848108992577
-0.34105866678909424,-1.6733668340056749,1.7077697664914115
-0.3097992894538967,-1.6813517386307049,1.7096547220835654
-0.27835996129574275,-1.6887521429166974,1.7115396776757197
-0.24675162228121306,-1.6955640981073927,1.7134246332678729
-0.21498529733568744,-1.701783860413725,1.715309588860027
-0.18307209249922504,-1.7074078928142182,1.7171945444521808
-0.1510231910447491,-1.7124328667832036,1.7190795000443349
-0.1188498495598372,-1.7168556639460988,1.7209644556364885
-0.08656339399359939,-1.7206733776609642,1.7228494112286428
-0.05417521566997705,-1.7238833145256218,1.7247343668207964
-0.021696767268811267,-1.7264829958096428,1.7266193224129502
0.010860441223791834,-1.7284701588104932,1.7285042780051043
0.04348484659442189,-1.7298427581332256,1.7303892335972582
0.07616483650926073,-1.7305989668930677,1.7322741891894118
0.1088887536473456,-1.7307371778403156,1.734159144781566
0.14164489985878295,-1.7302560044069757,1.7360441003737197
0.17442154034648533,-1.729154281674597,1.7379290559658735
0.20720690786982526,-1.7274310672627902,1.7398140115580276
0.2399892069687567,-1.7250856421379543,1.7416989671501812
0.2727566182069417,-1.7221175113417382,1.7435839227423349
0.30549730243224765,-1.7185264046388349,1.7454688783344892
0.33819940505313234,-1.7143122770836843,1.7473538339266432
0.3708510603294307,-1.7094753095057331,1.7492387895187966
0.4034403956758775,-1.7040159089129108,1.7511237451109511
0.4359555359768632,-1.6979347088130077,1.7530087007031043
0.4683846079109094,-1.6912325694526709,1.7548936562952584
0.5007157442831802,-1.6839105779737842,1.7567786118874125
0.5329370883645062,-1.675970048487,1.7586635674795663
0.5650367982353866,-1.6674125220622271,1.76054852307172
0.5970030511332765,-1.658239766635936,1.762433478663874
0.6288240478016114,-1.6484537768351402,1.764318434256028
0.6604880168390344,-1.638056773717946,1.7662033898481817
0.6919832190471078,-1.6270512044306245,1.7680883454403358
0.7232979517749678,-1.6154397417811608,1.7699733010324894
0.7544205532593631,-1.6032252837292567,1.7718582566246432
0.7853394069583696,-1.590410952792843,1.773743212216797
0.8160429458772253,-1.5770000953711425,1.7756281678089512
0.8465196568847277,-1.5629962809843516,1.7775131234011048
0.8767580850184871,-1.5484033014300944,1.779398078993259
0.906746837777476,-1.5332251698567845,1.7812830345854127
0.9364745894003288,-1.5174661197540416,1.7831679901775666
0.9659300851276807,-1.501130603860433,1.7850529457697206
0.9951021454470024,-1.4842232929887444,1.7869379013618745
1.0239796703183812,-1.4667490747690386,1.788822856954028
1.052551643379562,-1.448713052309848,1.7907078125461822
1.080807136128707,-1.4301205427778194,1.792592768138336
1.1087353120833423,-1.4109770758961369,1.79447772373049
1.1363254309138204,-1.3912883923621833,1.7963626793226442
1.163566852549773,-1.3710604421848358,1.7982476349147976
1.1904490412580477,-1.3502993829418208,1.8001325905069514
1.216961569690468,-1.3290115779576768,1.8020175460991052
1.243094122899929,-1.3072035944028153,1.8039025016912595
1.2688365023233292,-1.2848822013141885,1.8057874572834132
1.2941786297297226,-1.2620543675382103,1.8076724128755672
1.3191105511322159,-1.238727259596512,1.8095573684677209
1.3436224406621518,-1.2149082394751147,1.8114423240598747
1.3677046044039871,-1.190604862337778,1.8133272796520288
1.3913474841894344,-1.1658248741641744,1.8152122352441824
1.4145416613494255,-1.1405762093135692,1.8170971908363365
1.4372778604223648,-1.1148669880148512,1.8189821464284903
1.4595469528172589,-1.0887055137836466,1.820867102020644
1.4813399604303343,-1.0621002707672869,1.8227520576127982
1.5026480592136506,-1.0350599210185547,1.8246370132049519
1.5234625826943355,-1.0075933016990342,1.8265219687971057
1.5437750254431024,-0.9797094222129032,1.82840692438926
1.563577046490598,-0.9514174612721992,1.8302918799814136
1.582860472690272,-0.9227267638944368,1.8321768355735677
1.601617302026456,-0.8936468383335274,1.8340617911657209
1.6198397068662662,-0.8641873529450853,1.8359467467578752
1.6375200371540906,-0.8343581329870714,1.837831702350029
1.6546508235473314,-0.804169157356891,1.8397166579421829
1.6712247804921982,-0.7736305552659332,1.8416016135343365
1.6872348092382417,-0.7427526028527626,1.8434865691264908
1.7026740007904422,-0.711545719736043,1.8453715247186444
1.7175356387976723,-0.6800204655082889,1.8472564803107985
1.7318132023763,-0.6481875361717295,1.8491414359029523
1.7455003688678048,-0.6160577605174303,1.8510263914951064
1.7585910165292908,-0.5836420964488421,1.85291134708726
1.7710792271557352,-0.5509516272511294,1.8547963026794136
1.7829592886329078,-0.5179975578074941,1.856681258271568
1.7942256974199116,-0.4847912107637276,1.8585662138637216
1.8048731609602655,-0.4513440226424111,1.860451169455876
1.8148966000205276,-0.417667539908045,1.8623361250480293
1.824291150955479,-0.3837734149843991,1.864221080640183
1.8330521678988732,-0.34967340222557064,1.8661060362323367
1.8411752248788251,-0.31537935384208665,1.867990991824491
1.8486561178569252,-0.2809032157834029,1.8698759474166449
1.8554908666901728,-0.2462570235783439,1.871760903008799
1.8616757170148788,-0.21145289813487564,1.8736458586009528
1.8672071420517031,-0.1765030415006168,1.8755308141931064
1.8720818443310043,-0.14141973258568769,1.8774157697852605
1.876296757337732,-0.10621532284933853,1.8793007253774143
1.8798490470751072,-0.07090223195181186,1.8811856809695682
1.8827361135463685,-0.035492943373088094,1.8830706365617218

