1.0,0.0,0.0
0.9950041652780258,0.09983341664682817,0.1
0.9800665778412416,0.1986693307950612,0.2
0.955336489125606,0.2955202066613396,0.30000000000000004
0.9210609940028852,0.3894183423086505,0.4
0.8775825618903728,0.47942553860420295,0.5
0.8253356149096782,0.5646424733950355,0.6000000000000001
0.7648421872844884,0.6442176872376911,0.7000000000000001
0.6967067093471654,0.7173560908995228,0.8
0.6216099682706644,0.7833269096274834,0.9
0.5403023058681398,0.8414709848078965,1.0
0.4535961214255773,0.8912073600614354,1.1
0.3623577544766734,0.9320390859672264,1.2000000000000002
0.2674988286245873,0.9635581854171931,1.3
0.1699671429002408,0.9854497299884604,1.4
0.0707372016677029,0.9974949866040544,1.5
-0.029199522301288812,0.9995736030415052,1.6
-0.12884449429552486,0.9916648104524686,1.7000000000000002
-0.2272020946930871,0.9738476308781951,1.8
-0.3232895668635036,0.9463000876874144,1.9
-0.4161468365471424,0.9092974268256816,2.0
-0.5048461045998576,0.8632093666488737,2.1
-0.5885011172553458,0.8084964038195901,2.2
-0.6662760212798244,0.7457052121767199,2.3000000000000003
-0.7373937155412458,0.6754631805511506,2.4000000000000004
-0.8011436155469337,0.5984721441039565,2.5
-0.8568887533689473,0.5155013718214642,2.6
-0.9040721420170612,0.4273798802338298,2.7
-0.9422223406686584,0.33498815015590466,2.8000000000000003
-0.9709581651495908,0.239249329213982,2.9000000000000004
-0.9899924966004454,0.1411200080598672,3.0
-0.9991351502732796,0.041580662433290484,3.1
-0.9982947757947532,-0.058374143427580086,3.2
-0.9874797699088648,-0.15774569414324865,3.3000000000000003
-0.9667981925794608,-0.2555411020268317,3.4000000000000004
-0.9364566872907965,-0.35078322768961984,3.5
-0.896758416334147,-0.4425204432948525,3.6
-0.848100031710408,-0.5298361409084934,3.7
-0.7909677119144165,-0.6118578909427193,3.8
-0.7259323042001399,-0.6877661591839741,3.9
-0.6536436208636119,-0.7568024953079282,4.0
-0.5748239465332685,-0.8182771110644108,4.1000000000000005
-0.4902608213406994,-0.8715757724135882,4.2
-0.40079917207997545,-0.9161659367494548,4.3
-0.3073328699784193,-0.951602073889516,4.4
-0.2107957994307797,-0.9775301176650971,4.5
-0.11215252693505398,-0.9936910036334644,4.6000000000000005
-0.012388663462890559,-0.9999232575641008,4.7
0.08749898343944727,-0.9961646088358406,4.800000000000002
0.18651236942257576,-0.9824526126243324,4.9
0.28366218546322625,-0.9589242746631385,5.0
0.37797774271298107,-0.925814682327732,5.1000000000000005
0.4685166713003771,-0.8834546557201531,5.2
0.5543743361791615,-0.8322674422239008,5.300000000000002
0.6346928759426347,-0.7727644875559871,5.4
0.70866977429126,-0.7055403255703919,5.5
0.7755658785102502,-0.6312666378723208,5.6000000000000005
0.8347127848391598,-0.5506855425976376,5.7
0.8855195169413194,-0.4646021794137566,5.800000000000002
0.927478430744036,-0.37387666483023596,5.9
0.9601702866503661,-0.27941549819892586,6.0
0.9832684384425848,-0.18216250427209504,6.1000000000000005
0.9965420970232176,-0.0830894028174964,6.2
0.9998586363834152,0.0168139004843506,6.300000000000002
0.9931849187581926,0.11654920485049365,6.4
0.9765876257280236,0.21511998808781552,6.5
0.9502325919585292,0.3115413635133787,6.6000000000000005
0.9143831482353194,0.4048499206165983,6.7
0.8693974903498248,0.494113351138609,6.800000000000002
0.8157251001253568,0.5784397643882001,6.9
0.7539022543433046,0.6569865987187891,7.0
0.6845466664428059,0.7289690401258765,7.1000000000000005
0.6083513145322546,0.7936678638491531,7.2
0.5260775173811045,0.8504366206285648,7.300000000000002
0.4385473275743904,0.8987080958116269,7.4
0.3466353178350258,0.9379999767747388,7.5
0.2512598425822549,0.9679196720314864,7.6
0.15337386203786435,0.9881682338770004,7.7
0.05395542056264886,0.9985433453746049,7.800000000000002
-0.04600212563953695,0.998941341839772,7.9
-0.14550003380861354,0.9893582466233818,8.0
-0.2435441537357911,0.9698898108450864,8.1
-0.33915486098383624,0.9407305566797726,8.200000000000001
-0.4313768449706208,0.9021718337562932,8.3
-0.5192886541166856,0.8545989080882804,8.4
-0.6020119026848236,0.7984871126234903,8.5
-0.6787200473200125,0.7343970978741133,8.6
-0.7486466455973999,0.662969230082182,8.700000000000001
-0.8110930140616559,0.5849171928917617,8.8
-0.8654352092411123,0.5010208564578846,8.9
-0.9111302618846768,0.4121184852417566,9.0
-0.947721602131112,0.3190983623493521,9.1
-0.9748436214041641,0.22288991410024592,9.2
-0.9922253254526034,0.1244544235070617,9.3
-0.9996930420352064,0.02477542545335776,9.4
-0.9971721561963784,-0.0751511204618093,9.5
-0.9846878557941268,-0.1743267812229814,9.6
-0.9623648798313096,-0.2717606264109442,9.7
-0.9304262721047531,-0.3664791292519284,9.8
-0.8891911526253609,-0.4575358937753213,9.9
-0.8390715290764524,-0.5440211108893698,10.0
-0.7805681801691826,-0.6250706488928834,10.1
-0.7142656520271989,-0.6998746875935437,10.2
-0.6408264175949933,-0.7676858097635825,10.3
-0.5609842574272288,-0.8278264690856537,10.4
-0.4755369279959925,-0.87969575997167,10.5
-0.3853381907718279,-0.9227754216128072,10.6
-0.29128928172134383,-0.9566350162701884,10.7
-0.1943299064553348,-0.9809362300664916,10.8
-0.09542885100095064,-0.9954362533063774,10.9
0.004425697988050785,-0.9999902065507036,11.0
0.10423602686569863,-0.9945525882039892,11.1
0.20300486381875213,-0.9791777291513171,11.2
0.2997453432770149,-0.9540192499020891,11.3
0.3934908663478909,-0.9193285256646756,11.4
0.4833047587530059,-0.8754521746884285,11.5
0.568289629767975,-0.8228285949687079,11.6
0.6475963386538773,-0.7619835839190321,11.7
0.7204324789908387,-0.6935250847771224,11.8
0.7860702961410393,-0.6181371122370333,11.9
0.8438539587324921,-0.5365729180004349,12.0
0.8932061115093233,-0.4496474645345999,12.1
0.933633644074638,-0.35822928223682704,12.2
0.9647326178866098,-0.2632317913658009,12.3
0.9861923022788636,-0.1656041754483094,12.4
0.9977982791785808,-0.06632189735120067,12.5
0.9994345855010048,0.03362304722113847,12.6
0.9910848718142529,0.13323204141994394,12.7
0.9728325656974354,0.2315098251015389,12.8
0.9448600381598606,0.32747443913769303,12.9
0.9074467814501962,0.4201670368266409,13.0
0.8609666164623057,0.5086614643723752,13.1
0.8058839576404497,0.5920735147072245,13.2
0.7427491727036695,0.6695697621966024,13.3
0.6721930835534681,0.7403758899524486,13.4
0.5949206633098921,0.803784426551621,13.5
0.5117039924531475,0.8591618148564968,13.6
0.4233745444506639,0.9059547423084626,13.7
0.33081487794904696,0.9436956694441048,13.8
0.2349498185398231,0.972007501394976,13.9
0.1367372182078336,0.9906073556948704,14.0
0.03715838479082463,0.9993093887479176,14.1
-0.06279172292408354,0.9980266527163616,14.2
-0.16211443649971827,0.9867719642746132,14.3
-0.25981735621375585,0.9656577765492774,14.4
-0.354924266788705,0.934895055524683,14.5
-0.4464848914122672,0.8947911721405034,14.6
-0.5335843865891192,0.8457468311429334,14.7
-0.6153524829547208,0.7882520673753163,14.8
-0.6909721807191258,0.7228813495119759,14.9
-0.7596879128588213,0.6502878401571168,15.0
-0.8208130944926693,0.5711968696599872,15.1
-0.8737369830110809,0.4863986888537981,15.2
-0.9179307804142932,0.3967405731306121,15.3
-0.9529529168871804,0.30311835674570226,15.4
-0.9784534628188842,0.2064674819377966,15.5
-0.9941776251838154,0.1077536522994423,15.6
-0.99996829334934,0.007963183785935567,15.7
-0.9957676088732884,-0.09190685022768164,15.8
-0.9816175436063844,-0.19085858137418935,15.9
-0.9576594803233848,-0.2879033166650653,16.0
-0.9241328000731296,-0.3820714171840091,16.1
-0.8813724903622346,-0.4724219863984662,16.2
-0.8298057980706491,-0.5580522712867794,16.3
-0.7699479605420695,-0.6381066823479502,16.400000000000002
-0.7023970575027135,-0.7117853423691229,16.5
-0.627828035246386,-0.7783520785342984,16.6
-0.5469859627942356,-0.8371417780197468,16.7
-0.4606785874113625,-0.8875670335815046,16.8
-0.3697682638631698,-0.9291240127343696,16.900000000000002
-0.2751633380515969,-0.9613974918795568,17.0
-0.17780907112311564,-0.9840650050816434,17.1
-0.07867819473184015,-0.996900066041596,17.2
0.02123880817364601,-0.9997744310730112,17.3
0.12094359992847767,-0.9926593804706328,17.400000000000002
0.2194399632114593,-0.9756260054681576,17.5
0.3157437549192433,-0.9488444979181241,17.6
0.4088927393988798,-0.9125824497911844,17.7
0.4979562027884154,-0.8672021794855813,17.8
0.5820442524021253,-0.8131571116614864,17.900000000000006
0.6603167082440802,-0.7509872467716759,18.0
0.7319914978089467,-0.6813137655554999,18.1
0.7963524702919231,-0.6048328224062841,18.2
0.8527565521308732,-0.5223085896267315,18.3
0.90064017238477,-0.4345656220718935,18.4
0.939524893748256,-0.3424806184696125,18.5
0.96902219293905,-0.2469736617366209,18.6
0.988837342694146,-0.1489990258141988,18.7
0.9987723565872102,-0.04953564087836742,18.8
0.9987279672435014,0.05042268780681477,18.9
0.9887046181866692,0.14987720966295234,19.0
0.96880245940721,0.24783420798295985,19.1
0.9392203466968696,0.3433149288198987,19.200000000000006
0.9002538547473045,0.4353653603728932,19.3
0.8522923238654625,0.5230657651576994,19.4
0.7958149698139441,0.605539869719601,19.5
0.7313860956454967,0.6819636200681356,19.6
0.6596494533734593,0.7515734153521506,19.700000000000006
0.5813218118144357,0.8136737375071054,19.8
0.4971857948712022,0.8676441006416691,19.9
0.408082061813392,0.9129452507276276,20.0
0.3149009076879342,0.9491245536478946,20.1
0.2185733677852592,0.9758205177669764,20.200000000000006
0.12006191504242672,0.9927664058359073,20.3
0.02035084333167943,0.9997929001426692,20.4
-0.07956356727854008,0.9968297942787993,20.5
-0.17868300502473455,0.983906694618616,20.6
-0.2760171012494705,0.9611527245021156,20.700000000000006
-0.37059332583764143,0.9287952340772404,20.8
-0.4614667044159125,0.8871575286923494,20.9
-0.5477292602242684,0.8366556385360561,21.0
-0.628519086319688,0.7777941618010928,21.1
-0.7030289574653885,0.7111612229059799,21.200000000000006
-0.7705143956585688,0.6374225961502389,21.3
-0.8303011087085271,0.5573150535176584,21.4
-0.8817917275413242,0.4716390030941962,21.5
-0.9244717749141216,0.3812504916549401,21.6
-0.9579148059017166,0.28705265132772506,21.700000000000006
-0.9817866687932768,0.18998667579543774,21.8
-0.9958488438257798,0.09102241619984433,21.9
-0.9999608263946372,-0.008851309290403876,22.0
-0.9940815309292618,-0.10863659542407976,22.1
-0.9782697014065068,-0.20733642060676225,22.200000000000006
-0.9526833244002684,-0.30396460881104703,22.3
-0.9175780505318598,-0.3975556831214361,22.4
-0.8733046400935156,-0.4871745124605095,22.5
-0.820305458367489,-0.5719256551095638,22.6
-0.7591100556583875,-0.6509623056662496,22.700000000000006
-0.6903298762015725,-0.7234947560442451,22.8
-0.6146521488144671,-0.7887982859754187,22.9
-0.5328330203333975,-0.8462204041751706,23.0
-0.4456900004443332,-0.8951873678196818,23.1
-0.3540937933963556,-0.9352099151945402,23.200000000000006
-0.2589595982126113,-0.9658881542360704,23.3
-0.16123796432418536,-0.9869155581206492,23.4
-0.06190529399442055,-0.9980820279793964,23.5
0.03804591356977048,-0.9992759921366277,23.6
0.13761697894187933,-0.990485520897156,23.700000000000006
0.2358130209505226,-0.9717984457438632,23.8
0.3316528972032528,-0.9434014817545544,23.9
0.42417900733699704,-0.905578362006624,24.0
0.5124668610443709,-0.8587070026099295,24.1
0.5956343152752115,-0.8032557266939526,24.200000000000006
0.6728503883183468,-0.7397785850778934,24.3
0.7433435626961754,-0.6689098203780216,24.4
0.8064094939122546,-0.5913575298651244,24.5
0.8614180480287028,-0.5078965903906221,24.6
0.9078195977561968,-0.4193609160732281,24.700000000000006
0.9451505141481712,-0.32663512610472223,24.8
0.9730377990280002,-0.23064570592739225,24.9
0.9912028118634736,-0.13235175009777306,25.0
0.9994640538508954,-0.03273537933084532,25.1
0.9977389813911302,0.06720807252547847,25.200000000000006
0.9860448308379632,0.16648000353715925,25.3
0.9644984462781486,0.2640885213844729,25.4
0.933315112063922,0.3590583540221683,25.5
0.8928064017629097,0.4504405942753893,25.6
0.8433770650180411,0.5373221810064748,25.700000000000006
0.7855209834229068,0.6188350221200393,25.8
0.7198162358201232,0.6941646682522445,25.9
0.6469193223286404,0.7625584504796027,26.0
0.5675586048115439,0.8233330007380816,26.1
0.4825270293251017,0.875881079810891,26.200000000000006
0.3926742032638758,0.9196776446620198,26.3
0.2988979063644682,0.954285094492698,26.4
0.202135120387182,0.9793576431039169,26.5
0.10335266710397087,0.994644773877838,26.6
0.003537548134906392,0.9999937428570208,26.700000000000006
-0.09631291684576057,0.9953511049115592,26.8
-0.19520105499812576,0.980763247745152,26.9
-0.2921388087338362,0.9563759284045029,27.0
-0.38615760806093263,0.9224328169230858,27.1
-0.4763180482150184,0.8792730616507226,27.200000000000006
-0.5617192758811498,0.8273279005953786,27.3
-0.6415079902223857,0.7671163526355278,27.4
-0.7148869687796651,0.6992400316550977,27.5
-0.7811230330551143,0.6243771354163914,27.6
-0.8395543741892222,0.5432756692322449,27.700000000000006
-0.8895971655362084,0.4567459721441928,27.8
-0.9307513960668852,0.36565262028261797,27.9
-0.9626058663135666,0.27090578830786904,28.0
-0.9848422969392384,0.1734521552458921,28.1
-0.997238508879474,0.07426544558435777,28.200000000000006
-0.9996706432822098,-0.025663299860559492,28.3
-0.9921143990644502,-0.12533562609643265,28.4
-0.9746452757206576,-0.2237556401867964,28.5
-0.9474378189567576,-0.3199399618841981,28.6
-0.910763876687146,-0.41292754924054337,28.700000000000006
-0.8649898828201886,-0.5017893010205742,28.8
-0.8105731959717306,-0.5856373399743005,28.9
-0.7480575296890003,-0.6636338842129675,29.0
-0.6780675198445586,-0.7349996180487777,29.1
-0.6013024834811519,-0.7990214786596159,29.200000000000006
-0.5185294314669792,-0.8550597807770702,29.3
-0.4305754047766268,-0.902554608210187,29.4
-0.3383192109710552,-0.9410314083429536,29.5
-0.24268264344292015,-0.9701057337071852,29.6
-0.14462127116171974,-0.9894870832545356,29.700000000000006
-0.04511489094451135,-0.9989818049469494,29.8
0.05484226235001796,-0.9984950306638144,29.9
0.15425144988758405,-0.9880316240928618,30.0
0.2521194079266271,-0.9676961321338052,30.1
0.34746827218126325,-0.93769174030028,30.200000000000006
0.43934534831800093,-0.8983182425573547,30.3
0.5268326309626121,-0.8499690458793262,30.4
0.6090559761063562,-0.7931272394572851,30.5
0.6851938352639869,-0.7283607678315934,30.6
0.7544854641146285,-0.6563167561777877,30.700000000000006
0.8162385236075703,-0.5777150444457317,30.8
0.8698359975852109,-0.4933409949567752,30.9
0.9147423578045312,-0.404037645323065,31.0
0.9505089147582922,-0.3106972850943722,31.1
0.9767783008322618,-0.21425254029588425,31.200000000000006
0.9932880410042932,-0.11566705493723692,31.3
0.9998731754079828,-0.015925862600098248,31.4
0.9964679075571248,0.08397445569174683,31.5
0.983106261762453,0.183035728980588,31.6
0.9599217431719744,0.28026816976902297,31.700000000000006
0.927146003831664,0.374700263649462,31.8
0.8851065280947882,0.4653884763549586,31.9
0.8342233605065102,0.5514266812416906,32.0
0.7750049088576295,0.631955213006885,32.1
0.7080428643420057,0.7061694571803343,32.2
0.63400628957373,0.7733278895662251,32.300000000000004
0.5536349335346551,0.8327594853077798,32.4
0.4677318402470736,0.8838704235458307,32.5
0.3771553250233337,0.9261500206805284,32.6
0.28281039846293554,0.9591758329530804,32.7
0.18563972388578434,0.9826178773641407,32.800000000000004
0.08661419855190752,0.9962419287548636,32.9
-0.013276747223059479,0.9999118601072672,33.0
-0.1130350361284828,0.9935910026803948,33.1
-0.2116639163173255,0.9773425123922588,33.2
-0.3081779206211139,0.9513287387867804,33.300000000000004
-0.4016127130121261,0.9158096028908191,33.4
-0.4910347239302405,0.8711400001691764,33.5
-0.5755504782013432,0.8177662545264418,33.6
-0.6543155223459516,0.7562216587860631,33.7
-0.7265428620792345,0.6871211462047392,33.800000000000004
-0.7915108256977569,0.6111551462625961,33.9
-0.8485702747846052,0.5290826861200238,34.0
-0.8971510901858449,0.4417238066692238,34.1
-0.9367678684526696,0.3499513689566622,34.2
-0.9670247718322028,0.2546823328440282,34.300000000000004
-0.9876194833474772,0.15686859504841,34.4
-0.9983462274487422,0.057487478104924564,34.5
-0.999097826054726,-0.04246803471695152,34.6
-0.9898667694406034,-0.1419992209740017,34.7
-0.9707452912726808,-0.2401115979537814,34.800000000000004
-0.9419244470400941,-0.3358248592171419,34.9
-0.9036922050915068,-0.42818266949615097,35.0
-0.856430569350572,-0.5162622200799271,35.1
-0.8006117624589936,-0.5991834492142653,35.2
-0.7367935074839876,-0.6761178353877695,35.30000000000001
-0.6656134553337595,-0.7462966756449163,35.4
-0.5877828135603871,-0.8090187662119065,35.5
-0.504079240209085,-0.8636574086929559,35.6
-0.4153390737160569,-0.9096666718335282,35.7
-0.32244897649130216,-0.9465868462849628,35.80000000000001
-0.22633707568091366,-0.9740490378683264,35.9
-0.12796368962740468,-0.9917788534431158,36.0
-0.02831173268631065,-0.9995991425528028,36.1
0.07162310572917044,-0.997431767453648,36.2
0.17084230974765666,-0.9852983838412026,36.3
0.26835451388009673,-0.9633202244737608,36.4
0.3631854084160624,-0.9317168878547056,36.5
0.4543874744042691,-0.8908041440768614,36.6
0.5410494509487578,-0.8409907797521016,36.7
0.6223054402265364,-0.78277451355065,36.8
0.6973435592523954,-0.7167370231606575,36.9
0.7654140519453434,-0.6435381333569995,37.0
0.8258367804435001,-0.5639092232502625,37.1
0.8780080208168103,-0.478645918588415,37.2
0.9214064952769834,-0.3886001421273368,37.3
0.9555985806128394,-0.2946716015002576,37.4
0.980242640810108,-0.19779879963646227,37.5
0.9950924405655388,-0.09894965755028956,37.6
0.9999996055886664,0.0008881568057175922,37.7
0.994915105108673,0.1007170969925076,37.8
0.9798897417736436,0.1995397052387874,37.9
0.9550736440472948,0.2963685787093853,38.0
0.920714766174998,0.39023623530794616,38.1
0.8771564107069181,0.4802047804382589,38.2
0.824833798332414,0.5653752781370288,38.3
0.7642697192987757,0.6448967329448727,38.40000000000001
0.6960693098638897,0.7179745927716441,38.5
0.6209140059747617,0.783878687798293,38.6
0.5395547345848157,0.8419505260923049,38.7
0.4528044106399808,0.8916098730414439,38.8
0.3615298147012692,0.9323605488661916,38.90000000000001
0.26664293235993725,0.9637953862840878,39.0
0.16909184197889304,0.9856002987906329,39.1
0.0698512418071273,0.9975574189078052,39.2
-0.03008728888302458,0.9995472750438916,39.3
-0.12972519732819268,0.99154998521414,39.40000000000001
-0.2280669344830996,0.973645455694978,39.5
-0.3241299022175636,0.946012582626908,39.6
-0.4169542711121704,0.9089274645434138,39.7
-0.5056125707565817,0.8627606436856753,39.8
-0.5892189567272881,0.807973403666981,39.90000000000001
-0.6669380616522619,0.7451131604793488,40.0
-0.737993341925624,0.6748079928938668,40.1
-0.8016748366746302,0.5977603669052548,40.2
-0.857346261454052,0.514740116923832,40.3
-0.9044513657900196,0.4265767538445667,40.40000000000001
-0.9425194910508832,0.3341511768484205,40.5
-0.9711702731126902,0.2383868717488921,40.6
-0.9901174428317661,0.1402406838270716,40.7
-0.9991716863513788,0.040693257349857764,40.8
-0.998242536663216,-0.05926076270339343,40.90000000000001
-0.9873392775238264,-0.15862266880470902,41.0
-0.9665708506943912,-0.256399669633018,41.1
-0.9361447674306612,-0.3516148097168163,41.2
-0.8963650350990819,-0.4433167308503272,41.3
-0.8476291196356791,-0.5305891777502096,41.40000000000001
-0.7904239741978156,-0.6125601529754697,41.5
-0.7253211736891915,-0.6884106296376704,41.6
-0.652971203772368,-0.7573827348468307,41.7
-0.5740969614310336,-0.8187873221268477,41.8
-0.4894865320223051,-0.8720108571392772,41.90000000000001
-0.3999853149883513,-0.9165215479156338,42.0
-0.306487576904594,-0.9518746583469646,42.1
-0.2099275162637292,-0.9777169518400208,42.2
-0.111269929273168,-0.9937902207405466,42.3
-0.011500569930257757,-0.9999338662588038,42.40000000000001
0.08838369930580554,-0.9960865031195941,42.5
0.187384867834179,-0.9822865729036344,42.6
0.2845137487043553,-0.9586719599519926,42.7
0.3787998622452189,-0.925478613671328,42.8
0.4693011327771151,-0.8830381910054155,42.90000000000001
0.5551133015206257,-0.8317747426285983,43.0
0.6353789616514094,-0.7722004759716072,43.1
0.7092961252257328,-0.7049106374142481,43.2
0.7761262363789271,-0.6305775647803226,43.3
0.8352015507314471,-0.5499439695603417,43.40000000000001
0.8859318072699817,-0.4638155159838274,43.5
0.9278101260403984,-0.3730527710886221,43.6
0.9604180727246712,-0.27856260621955026,43.7
0.9834298394982848,-0.1812891358696878,43.8
0.9966155003943156,-0.08220428440043633,43.90000000000001
0.9998433086476912,0.017701925105413574,44.0
0.9930810130653156,0.11743126282709572,44.1
0.9763961802693296,0.2159872661882241,44.2
0.9499555195937583,0.3123851961814975,44.3
0.9140232173799516,0.4056618765553424,44.40000000000001
0.8689582973139933,0.4948853175526281,44.5
0.8152110331806943,0.5791640280442708,44.6
0.7533184498767937,0.6576559230138694,44.7
0.6838989576356965,0.7295767373928583,44.8
0.6076461730768422,0.7942078621778232,44.90000000000001
0.5253219888177297,0.8509035245341184,45.0
0.4377489608947071,0.8990972401445821,45.1
0.3458020900549924,0.9383074733335544,45.2
0.2504000790384217,0.9681424484121912,45.3
0.15249615320336046,0.988304064171638,45.40000000000001
0.05306853621402457,0.9985908724117704,45.5
-0.046889324047043116,0.9989000907450212,45.6
-0.14637868168178253,0.9892286295640172,45.7
-0.2444054719155166,0.9696731229119191,45.8
-0.3399902434635785,0.9404289629470036,45.90000000000001
-0.4321779448847783,0.9017883476488092,46.0
-0.5200474671397309,0.8541373612725007,46.1
-0.6027208470078607,0.7979521167226309,46.2
-0.6793720394057109,0.7337939983903692,46.3
-0.7492351709563578,0.6623040529862375,46.40000000000001
-0.8116121923430246,0.5841965844132856,46.5
-0.8658798529871259,0.5002520166785871,46.6
-0.9114959283620048,0.4113090961545671,46.7
-0.9480046377211856,0.3182565111024815,46.8
-0.9750411981089256,0.22202401219307544,46.90000000000001
-0.9923354691509289,0.123573122745224,47.0
-0.9997146522076716,0.023887531502738858,47.1
-0.9971050169212832,-0.07603673605835358,47.2
-0.9845326379049144,-0.17520126968715413,47.3
-0.9621231342138208,-0.2726152501430806,47.40000000000001
-0.9301004142012892,-0.3673053491341913,47.5
-0.8887844383003768,-0.4583254544917658,47.6
-0.8385880220850412,-0.544766123410311,47.7
-0.7800127115533773,-0.6257636692994791,47.8
-0.7136437718457938,-0.7005087914549744,47.90000000000001
-0.6401443394691997,-0.7682546613236668,48.0
-0.5602487964562096,-0.8283243845676455,48.1
-0.4747554326626589,-0.880117764368662,48.2
-0.384518469519224,-0.9231172983963596,48.3
-0.2904395249332599,-0.9568933495204898,48.40000000000001
-0.1934586046207122,-0.981108438603097,48.5
-0.09454470987969996,-0.9955206164785154,48.6
0.005313844350104288,-0.9999858814294444,48.7
0.1051193044036857,-0.9944596180045148,48.8
0.20387444711548766,-0.9789970428011284,48.90000000000001
0.3005925437436371,-0.953752652759472,49.0
0.39430721903739135,-0.918978681480152,49.1
0.4840821069391613,-0.8750225789894467,49.2
0.5690202064446649,-0.8223235401334872,49.3
0.6482728441404458,-0.7614081162885362,49.40000000000001
0.7210481538680822,-0.6928849542336957,49.5
0.7866189887891044,-0.6174387147534618,49.6
0.8443301867958127,-0.5358232317335149,49.7
0.8936051166745098,-0.4488539801016982,49.8
0.9339514396139741,-0.3573999278721047,49.90000000000001
0.9649660284921132,-0.2623748537039288,50.0
0.986338995788922,-0.1647282167271322,50.1
0.9978567898801314,-0.06543566986070695,50.2
0.9994043287744586,0.03451068858880983,50.3
0.99096614997482,0.1341122276456642,50.40000000000001
0.9726265649744922,0.2323737616554845,50.5
0.9445688168445348,0.3283134938514034,50.6
0.9070732493296052,0.4209728261427712,50.7
0.8605145057459257,0.5094259371104354,50.8
0.8053577856691099,0.5927890325083184,50.90000000000001
0.7421541968137826,0.6702291758433747,51.0
0.6715352485474484,0.7409726108017196,51.1
0.5942065420576682,0.8043124923659141,51.2
0.510940720218216,0.8596159493767497,51.3
0.4225697475968902,0.9063304079726668,51.40000000000001
0.3299765977405701,0.9439891127251192,51.5
0.23408643079538105,0.9722157903045391,51.6
0.1358573496123707,0.9907284090790484,51.7
0.03627082670050258,0.9993419970813106,51.8
-0.06367810232221571,0.9979704901872808,51.90000000000001
-0.16299078079570548,0.9866275920404852,52.0
-0.2606749092650805,0.9654266371297416,52.1
-0.3557544602087476,0.9345794583884148,52.2
-0.4472794301827984,0.8943942706297661,52.3
-0.5343353319413849,0.845272590966423,52.40000000000001
-0.616052331690985,0.7877052269841179,52.5
-0.6916139401821607,0.7222673727545129,52.6
-0.7602651708002094,0.6496128616861957,52.7
-0.8213200831418752,0.5704676336373723,52.8
-0.8741686367051108,0.4856224815647726,52.90000000000001
-0.9182827862121188,0.39592515018183416,53.0
-0.9532217576632306,0.3022718655737269,53.1
-0.9786364524049916,0.2055983804026012,53.2
-0.9942729352085232,0.10687062417628143,53.3
-0.9999749715063864,0.007075051999923831,53.40000000000001
-0.9956855884367364,-0.09279121175730867,53.5
-0.9814476440973232,-0.19173033639936585,53.6
-0.9574033993215472,-0.2887537548977434,53.7
-0.9237930962552374,-0.38289204132648375,53.8
-0.8809525579365433,-0.4732045970455711,53.90000000000001
-0.8293098328631502,-0.5587890488516163,54.0
-0.7693809180731687,-0.6387902651926438,54.1
-0.7017646034733183,-0.7124089003598539,54.2
-0.6271364889280987,-0.7789093812857416,54.3
-0.5462422338892708,-0.8376272571470315,54.40000000000001
-0.4598901070131037,-0.8879758383376634,54.5
-0.3689429102071134,-0.9294520584774159,54.6
-0.2743093577986452,-0.9616415008848646,54.7
-0.176934996961671,-0.9842225392918889,54.8
-0.07779276012198974,-0.9969695514270246,54.90000000000001
0.022126756261955736,-0.99975517335862,55.0
0.121825189411472,-0.9925515720731388,55.1
0.2203063855384424,-0.975430723573431,55.2
0.31658635308472155,-0.9485636937183058,55.3
0.40970309444051295,-0.9122189289890164,55.40000000000001
0.4987262179064856,-0.8667595742607592,55.5
0.5827662338601124,-0.812639844379108,55.6
0.6609834422419141,-0.7504004857954386,55.7
0.7325963225609111,-0.6806633736071227,55.8
0.7968893425890271,-0.6041252979871214,55.90000000000001
0.8532201077225842,-0.5215510020869119,56.0
0.9010257795768509,-0.433765540975684,56.1
0.93982869968111,-0.3416460379628515,56.2
0.9692411620842188,-0.2461129206718594,56.3
0.9889692871843137,-0.14812072443162932,56.40000000000001
0.9988159580766448,-0.04864855487508726,56.5
0.998682790080534,0.051309694960699495,56.6
0.9885711137665782,0.1507552752851691,56.7
0.9685819616620304,0.2486945587320578,56.8
0.9389150587671844,0.34414896835558706,56.90000000000001
0.8998668269691937,0.43616475524782494,57.0
0.8518274232925497,0.5238225280825324,57.1
0.7952768415790757,0.6062464393693456,57.2
0.7307801165481159,0.6826129366324095,57.3
0.6589816781563973,0.7521589910744791,57.40000000000001
0.580598912666927,0.8141897215084345,57.5
0.4964149947625673,0.8680853373804216,57.6
0.4072710623235205,0.9133073315121648,57.7
0.31405781205565125,0.9494038606867032,57.8
0.2177065999434321,0.9760142603164518,57.90000000000001
0.11918013544881928,0.9928726480845372,58.0
0.019462862436509885,0.9998105805530252,58.1
-0.08044887706369817,0.9967587361940652,58.2
-0.17955679797714888,0.9837476080276858,58.3
-0.276870646718798,0.9609071989456184,58.40000000000001
-0.3714180954796941,0.9284657227653786,58.5
-0.4622544574050628,0.8867473239932281,58.6
-0.5484721255930483,0.8361688390794311,58.7
-0.6292096416028881,0.7772356315262221,58.8
-0.7036603028628863,0.7105365424627442,58.90000000000001
-0.7710802229758452,0.6367380071391379,59.0
-0.8307957643860683,0.5565773961257936,59.1
-0.8822102691431128,0.4708556477503867,59.2
-0.9248100205108226,0.3804292653868415,59.3
-0.9581693758551366,0.2862017595567468,59.40000000000001
-0.98195501952459,0.18911462035089152,59.5
-0.9959292932301296,0.09013791037146546,59.6
-0.9999525706481684,-0.009739427812760559,59.7
-0.9939846525206636,-0.10951945285370827,59.8
-0.9780851683128142,-0.2082051957240596,59.90000000000001
-0.9524129804151564,-0.3048106211022167,60.0
-0.9172245968430628,-0.3983704795113227,60.1
-0.872871608293454,-0.4879499517729242,60.2
-0.8197971751667692,-0.5726539894112199,60.3
-0.758531599654735,-0.6516362576815602,60.40000000000001
-0.6896870271361664,-0.7241075918674496,60.5
-0.6139513298226686,-0.7893438823535511,60.6
-0.5320812337669102,-0.8466933096895727,60.7
-0.4448947579060243,-0.8955828573547732,60.8
-0.35326304068679576,-0.9355240371496176,60.90000000000001
-0.25810163593826746,-0.9661177700083928,61.0
-0.1603613649604949,-0.987058373465322,61.1
-0.061018816232456675,-0.9981366159327038,61.2
0.03893341233723732,-0.9992418072737844,61.3
0.13849663112053268,-0.9903629047820112,61.40000000000001
0.2366760373465643,-0.9715886235161092,61.5
0.3324906548421324,-0.943106549888532,61.6
0.4249831356213158,-0.9052012673640456,61.7
0.5132293253901182,-0.8582515129958141,61.8
0.5963474973906817,-0.8027263932099596,61.90000000000001
0.6735071623235862,-0.7391806966492228,62.0
0.7439373663224272,-0.668249350908215,62.1
0.8069343940699727,-0.5906410785467989,62.2
0.8618688000890179,-0.5071313157685259,62.3
0.9081916979535212,-0.418554464518419,62.40000000000001
0.9454402445803316,-0.3257955554145617,62.5
0.9732422648042924,-0.22978140481468806,62.6
0.9913199700294488,-0.13147135437353982,62.7
0.9994927338008855,-0.03184768561814293,62.8
0.9976788965645552,0.06809419468450523,62.90000000000001
0.9858965815825496,0.16735570030280691,63.0
0.9642635138514516,0.26494504308412953,63.1
0.9329958438330894,0.3598871425741427,63.2
0.8924059877505691,0.4512333686984278,63.3
0.8428995060286443,0.5380710201605988,63.40000000000001
0.7849710510680179,0.6195324438519512,63.5
0.7191994248420474,0.6948037041545392,63.6
0.6462417956987768,0.7631327155167837,63.7
0.5668271321520203,0.8238367570437217,63.8
0.4817489192689393,0.8763092940185041,63.90000000000001
0.39185723042954995,0.9200260381967906,64.0
0.2980502336744744,0.9545501863215948,64.10000000000001
0.2012652175068453,0.9795367845170094,64.2
0.10246922581532364,0.9947361749533432,64.3
0.0026493954912638444,0.9999964903456066,64.4
-0.0971969067167568,0.9952651713612276,64.5
-0.19607204956190336,0.9805894917755312,64.60000000000001
-0.29298810530061603,0.9561160861278064,64.7
-0.3869767207401564,0.9220894845974522,64.8
-0.477098792703571,0.8788496697392535,64.9
-0.5624538512381719,0.8268286794901034,65.0
-0.6421890568137371,0.7665462903887037,65.10000000000001
-0.7155077216130871,0.6986048241402639,65.2
-0.7816772697734873,0.6236831294170677,65.3
-0.8400365570424713,0.5425297990269575,65.4
-0.8900024767126464,0.45595569022149,65.5
-0.9310757858312196,0.3648258228782292,65.60000000000001
-0.9628460934704972,0.2700507365081657,65.7
-0.9849959612184216,0.17257739244581813,65.8
-0.9973040749182293,0.07337971212463938,65.9
-0.99964745596635,-0.026551154023966798,66.0
-0.9920026900739702,-0.12621672981822424,66.10000000000001
-0.9744461612148652,-0.22462118976982776,66.2
-0.9471532884219778,-0.32078130904314506,66.3
-0.9103967730584244,-0.4137362875127194,66.4
-0.8645438740756395,-0.5025573497604873,66.5
-0.8100527384832928,-0.5863570250928336,66.60000000000001
-0.7474678236958641,-0.6642980148543038,66.7
-0.6774144574940792,-0.7356015584390794,66.8
-0.6005925899564515,-0.7995552144094876,66.9
-0.5177697997895051,-0.8555199789753223,67.0
-0.4297736249349903,-0.9029366707085488,67.10000000000001
-0.33748329408441025,-0.9413315176992298,67.2
-0.2418209417164844,-0.9703208913278908,67.3
-0.14374239443428918,-0.9896151393558494,67.4
-0.04422762066183892,-0.9990214800346351,67.5
0.05572906087657094,-0.9984459283175106,67.60000000000001
0.15512891606026627,-0.987894234926982,67.7
0.2529787743934896,-0.9674718288954816,67.8
0.34830095243665155,-0.9373827641533214,67.9
0.4401430224960407,-0.8979276806892913,68.0
0.5275873289666017,-0.8495008006552359,68.10000000000001
0.6097601572433003,-0.7925859894286711,68.2
0.6858404635887347,-0.7277519209898311,68.3
0.7550680787307162,-0.6556463959192523,68.4
0.8167513032223336,-0.5769898687885426,68.5
0.8702738186742472,-0.492568249616379,68.60000000000001
0.915100845804238,-0.40322505131547626,68.7
0.9507844877750758,-0.3098529615903106,68.8
0.9769682054316357,-0.21338492349669266,68.9
0.9933903797222716,-0.11478481378318722,69.0
0.9998869257099255,-0.015037812153160931,69.10000000000001
0.9963929320545596,0.0848594423250458,69.2
0.9829433095858191,0.18390880930634296,69.3
0.9596724424855532,0.28112062025723483,69.4
0.926812845565509,0.375523566896625,69.5
0.8846928410561633,0.4661744061871846,69.60000000000001
0.8337332781195631,0.5521673849078803,69.7
0.7744433278635736,0.6326432896408476,69.8
0.7074153958724908,0.7067980317478022,69.9
0.6333192030862999,0.7738906815578891,70.0
0.5528950941703545,0.8332508714921063,70.10000000000001
0.46694664023628996,0.8842854941544844,70.2
0.37633260982502265,0.9264846284651932,70.3
0.28195838837539194,0.9594266346233836,70.4
0.18476693191217952,0.9827823669926928,70.5
0.08572934534111404,0.9963184628156722,70.60000000000002
-0.014164820510231909,0.9998996738972932,70.7
-0.11391745615730675,0.9934902179602212,70.8
-0.21253186623857634,0.9771541361694928,70.9
-0.3090227281660707,0.9510546532543748,71.0
-0.4024259371430759,0.9154525466208051,71.10000000000002
-0.4918082391804632,0.8707035407497848,71.2
-0.5762765558621497,0.8172547529159183,71.3
-0.6549869076893757,0.7556402257394118,71.4
-0.7271528468448446,0.6864755912087755,71.5
-0.7920533151194233,0.6104519194894316,71.60000000000002
-0.8490398484873364,0.5283288139791364,71.7
-0.8975430563444248,0.440926821601849,71.8
-0.9370783106708144,0.34911923417413226,71.9
-0.9672505882738824,0.25382336276203626,72.0
-0.9877584177294564,0.15599137221205686,72.10000000000002
-0.9983968915845978,0.056600767434840576,72.2
-0.9990597137251612,-0.04335537350085837,72.3
-0.989740261451416,-0.14287832187593194,72.4
-0.9705316516498832,-0.2409736772881011,72.5
-0.9416258104001716,-0.3366613033721285,72.60000000000002
-0.9033115553130556,-0.4289851209982793,72.7
-0.855971709760354,-0.5170226610990435,72.8
-0.8000792778303477,-0.5998942816750875,72.9
-0.7361927182273159,-0.6767719568873076,73.0
-0.6649503643367052,-0.7468875504173859,73.10000000000002
-0.5870640462090193,-0.8095404904318835,73.2
-0.5033119781891867,-0.8641047694644948,73.3
-0.4145309832560956,-0.9100351992756844,73.4
-0.3216081317640473,-0.9468728581933477,73.5
-0.22547187812891345,-0.9742496765065004,73.60000000000002
-0.1270827840186229,-0.9918921140961228,73.7
-0.027423920738401768,-0.9996238935576388,73.8
0.07250895329270868,-0.9973677615064545,73.9
0.17171734183077755,-0.9851462604682474,74.0
0.2692099874514937,-0.9630815036414968,74.10000000000002
0.3640127758665713,-0.9313939547827832,74.2
0.4551784689518164,-0.8904002254057892,74.3
0.5417961692373049,-0.8405099113037167,74.4
0.6230004212937645,-0.7822215000035424,74.5
0.6979798590772273,-0.716117390043374,74.60000000000002
0.7659853128302462,-0.6428580718388389,74.7
0.8263372945385468,-0.5631755282811168,74.8
0.8784327871506192,-0.4778659210058768,74.9
0.9217512697247492,-0.3877816354094305,75.0
0.9558599183022553,-0.2938227638955261,75.10000000000002
0.9804179305413608,-0.19692811244968386,75.2
0.9951799309015784,-0.09806582040002383,75.3
0.9999984223549768,0.001776312910836964,75.4
0.9948252601277344,0.1016006978902495,75.5
0.9797121327468036,0.20040992228108226,75.60000000000002
0.9548100455852436,0.2972167169751811,75.7
0.9203678120664356,0.3910538204800487,75.8
0.876729567602604,0.4809836434758994,75.9
0.8243313311075577,0.5661076368981803,76.0
0.7636966484397866,0.6455752699428914,76.10000000000002
0.6954313613053625,0.7185925282891343,76.2
0.6202175538878211,0.7844298476278219,76.3
0.5388067376884871,0.8424294032270538,76.4
0.452012342672009,0.8920116826993705,76.5
0.3607015897429547,0.9326812762980208,76.60000000000002
0.2657868257612953,0.964031826887336,76.7
0.16821640767405896,0.9857500901289508,76.80000000000003
0.06896522684630882,0.997619064315652,76.9
-0.030975031731216462,0.9995201585807312,77.0
-0.13060579803068173,0.991434377818708,77.10000000000002
-0.2289315943687473,0.9734425124781552,77.2
-0.32496998189061793,0.9457243313302304,77.30000000000003
-0.4177613767742181,0.9085567852785592,77.4
-0.506378638074642,0.8623112401573292,77.5
-0.5899363314099593,0.8074497661666382,77.60000000000002
-0.6675995759288411,0.7445205210198249,77.7
-0.7385923861641319,0.6741522729327357,77.80000000000003
-0.8022054254230441,0.5970481181796262,77.9
-0.8578030932449878,0.5139784559875352,78.0
-0.9048298761112384,0.4257732909618934,78.10000000000002
-0.94281589795237,0.3333139399549109,78.2
-0.9713816149946668,0.2375242262388255,78.30000000000003
-0.9902416080360044,0.13936124896924576,78.4
-0.9992074342602034,0.039805820166669656,78.5
-0.9981895100953388,-0.0601473352329712,78.60000000000002
-0.9871980063031852,-0.15949951834101572,78.7
-0.9663427463563228,-0.2572580349853417,78.80000000000003
-0.9358321091183142,-0.35244611438228074,78.9
-0.8959709467909631,-0.4441126687075084,79.0
-0.8471575389318887,-0.5313417960511533,79.10000000000002
-0.7898796129768653,-0.6132619318068891,79.2
-0.7247094710284542,-0.6890545570574642,79.30000000000003
-0.6522982716026375,-0.7579623769450643,79.4
-0.5733695234681091,-0.8192968873112808,79.5
-0.4887118565858413,-0.8724452540030349,79.60000000000002
-0.3991711423792417,-0.9168764361088418,79.7
-0.3056420420664123,-0.952146491944109,79.80000000000003
-0.20905906750109532,-0.9779030147696512,79.9
-0.11038724383904756,-0.9938886539233752,80.0
-0.010612467325717374,-0.9999436861830072,80.10000000000002
0.08926834545310194,-0.996007611667735,80.2
0.18825721843235974,-0.9821197583330206,80.30000000000003
0.2853650875145902,-0.9584188890186744,80.4
0.3796216829715319,-0.9251418149764185,80.5
0.4700852240584794,-0.8826210297301379,80.60000000000002
0.5558518289761377,-0.8312813869105229,80.7
0.6360645461588639,-0.7716358552579828,80.80000000000003
0.7099219166513444,-0.7042803932086152,80.9
0.7766859820216312,-0.6298879942744539,81.0
0.835689657797818,-0.5492019627147794,81.10000000000002
0.8863433987555546,-0.4630284866857027,81.2
0.9281410894591062,-0.3722285830745181,81.30000000000003
0.9606651011994308,-0.2777094945036767,81.4
0.9835904648022342,-0.1804156244623088,81.5
0.9966881176125164,-0.08131910113877604,81.60000000000002
0.9998271922129018,0.01858993576280033,81.7
0.992976324007624,0.11831322817126468,81.80000000000003
0.9762039646071968,0.21685437391298126,81.9
0.9496776978825432,0.3132287824330852,82.0
0.9136625655223528,0.4064735124988005,82.10000000000002
0.8685184188241584,0.4956568935898942,82.2
0.8146963231790851,0.5798878348426355,82.30000000000003
0.7527340511756141,0.6583247285350505,82.4
0.6832507093535931,0.7301838591531669,82.5
0.6069405522963571,0.7947472340173277,82.60000000000002
0.5245660458684595,0.8513697572276862,82.7
0.4369502489087129,0.8994856752492582,82.80000000000003
0.3449685894984321,0.9386142297341664,82.9
0.2495401179733381,0.9683644611001854,83.0
0.15161832407643694,0.9884391148696274,83.10000000000002
0.05218161000373245,0.9986376117378208,83.2
-0.0477764854671965,0.998858051695236,83.30000000000003
-0.14725721408812947,0.9890982321786864,83.4
-0.2452665973026573,0.9694556700786148,83.5
-0.3408253577513085,0.9401266273825524,83.60000000000002
-0.4329787038871799,0.901404150190234,83.7
-0.5208058699375538,0.8536751406938051,83.80000000000003
-0.6034293158910315,0.7974164913790545,83.9
-0.6800234955873388,0.7331903200732922,84.0
-0.7498231053016292,0.6616383534498449,84.10000000000002
-0.8121307304063011,0.5834755151072989,84.2
-0.8663238137074891,0.4994827822891516,84.30000000000003
-0.9118608758306834,0.4104993826174394,84.4
-0.9482869255037094,0.31741440880766936,84.5
-0.9752380056790884,0.22115793514833326,84.60000000000002
-0.9924448300725428,0.12269172450610252,84.7
-0.9997354737825584,0.02299961870908476,84.80000000000003
-0.9970370911071488,-0.0769222916753969,84.9
-0.984376643394042,-0.1760756199485871,85.0
-0.9618806296517952,-0.2734696588301265,85.10000000000002
-0.9297738226135346,-0.3681312792776724,85.2
-0.8883770228820775,-0.4591146536707108,85.30000000000003
-0.8381038535963901,-0.545510706207386,85.4
-0.7794566276458688,-0.6264561960895026,85.5
-0.7130213287260063,-0.7011423427391905,85.60000000000002
-0.6394617563830383,-0.7688229068670624,85.7
-0.5595128935482332,-0.828821646648592,85.80000000000003
-0.4739735628314786,-0.8805390745088115,85.9
-0.38369844494974187,-0.9234584470040598,86.0
-0.2895895390398971,-0.9571509279516266,86.10000000000002
-0.19258715018155367,-0.981279873219128,86.2
-0.09366049417943023,-0.9956041943614264,86.30000000000003
0.006201986520476918,-0.9999807674966552,86.4
0.10600249902117563,-0.9943658633527528,86.5
0.2047438695914363,-0.9788155841958815,86.60000000000002
0.3014395070960506,-0.9534853032751422,86.7
0.3951232606884277,-0.9186281123844104,86.80000000000003
0.484859073270378,-0.8745922930528203,86.9
0.5697503342653121,-0.8218178366308225,87.0
0.6489488382546992,-0.7608320480420605,87.10000000000002
0.7216632599662002,-0.6922442771269088,87.2
0.7871670609342862,-0.6167398302202296,87.30000000000003
0.8448057488323435,-0.535073122797084,87.4
0.8940034169437217,-0.4480601416026092,87.5
0.9342684984312436,-0.3565702915822196,87.60000000000002
0.9651986779105416,-0.2615177090748213,87.7
0.9864849112524244,-0.16385212806459495,87.80000000000003
0.9979145134496276,-0.06454939075307359,87.9
0.9993732836951248,0.03539830273366068,88.0
0.990846646438826,0.13499230808061752,88.10000000000002
0.9724197970216673,0.23323751490774314,88.2
0.9442768504319128,0.3291522895839963,88.30000000000003
0.9066990016890744,0.4217782833859938,88.4
0.8600617162362019,0.5101900080017631,88.5
0.8048309784132947,0.5935040827039852,88.60000000000002
0.7415586354958403,0.6708880607981837,88.7
0.6708768838191963,0.7415687471550055,88.80000000000003
0.5934919520818551,0.8048399237202818,88.9
0.5101770449416689,0.8600694058124533,89.0
0.4217646174105228,0.9067053587029004,89.10000000000002
0.3291380572390701,0.9442818113661252,89.2
0.2332228583982477,0.9724233123082512,89.30000000000003
0.13497737384955094,0.9908486809542004,89.4
0.03538323999893738,0.9993738171110836,89.5
-0.06456443148961563,0.9979135404364562,89.60000000000002
-0.16386699652087378,0.9864824415321479,89.7
-0.26153225669013663,0.9651947361597888,89.80000000000003
-0.3565843730016081,0.9342631240346856,89.9
-0.4480736161291701,0.8939966636005579,90.0
-0.5350858557978274,0.8447976840197342,90.1
-0.6167516944712085,0.7871577652331794,90.2
-0.6922551540844489,0.7216528262561684,90.3
-0.7608418290271979,0.6489373707859244,90.4
-0.8218264239151786,0.5697379476169631,90.5
-0.8745996008351044,0.4848458912057276,90.6
-0.9186340676476692,0.3951094149183201,90.7
-0.9534898465163544,0.3014251359628438,90.8
-0.9788186700204824,0.20472911668674296,90.9
-0.9943674609282016,0.10598751175115684,91.0
-0.999980860860509,0.0061869146329524855,91.1
-0.9956027825808228,-0.09367550009112813,91.2
-0.981276970400112,-0.19260194018331567,91.3
-0.9571465630982068,-0.28960396535491445,91.4
-0.9234526637284138,-0.38371236343503057,91.5
-0.8805319305955073,-0.4739868344181606,91.6
-0.828813213477255,-0.5595253856309882,91.7
-0.7688132686991532,-0.6394733441451048,91.8
-0.7011315958760967,-0.7130318963862962,91.9
-0.626444447910339,-0.7794660696158047,92.0
-0.5454980740960533,-0.838112075534947,92.1
-0.4591012638431009,-0.8883839426383546,92.2
-0.3681172655205167,-0.9297793710476144,92.3
-0.27345516116425417,-0.9618847513255586,92.4
-0.17606078322989716,-0.9843792971250844,92.5
-0.07690726414745035,-0.9970382503802722,92.6
0.023014686896182118,-0.999735127014686,92.7
0.12270668279600608,-0.992442980728465,92.8
0.22117263408275487,-0.9752346722368396,92.9
0.31742870151970165,-0.9482821412699473,93.0
0.4105131262990551,-0.9118546886078812,93.1
0.4994958396180135,-0.8663162853163363,93.2
0.5834877556188933,-0.8121219360679938,93.3
0.6616496548410261,-0.7498131328862885,93.4
0.7332005694242856,-0.6800124447360528,93.5
0.7974255862817522,-0.6034172970202327,93.6
0.8536829902749359,-0.5207930031358368,93.7
0.9014106760193782,-0.4329651177153739,93.8
0.9401317642557824,-0.3408111879579516,93.9
0.9694593666699876,-0.24525198546765434,94.0
0.9891004515530899,-0.14724230620807846,94.1
0.9988587716774112,-0.04776143049672075,94.2
0.9986368251339441,0.052196661640344436,94.3
0.9884368295391844,0.15163322198820756,94.4
0.9683606998774464,0.24955471330524376,94.5
0.9386090302000182,0.3449827364187683,94.6
0.8994790893557311,0.4369638060661144,94.7
0.8513618507788512,0.5245788778042908,94.8
0.7947380860118082,0.6069525307981571,94.9
0.7301735609948197,0.683261714736121,95.0
0.6583133831196504,0.7527439734767463,95.1
0.5798755555298325,0.814705063258458,95.2
0.495643803070523,0.8685258893537882,95.3
0.4064597415690034,0.9136686918591764,95.4
0.3132144686874541,0.9496824188142244,95.5
0.21683966036970426,0.9762072329637552,95.6
0.11829826184321601,0.9929781071327172,95.7
0.018574866188582624,0.9998274722901328,95.8
-0.08133412338895851,0.9966868918434464,95.9
-0.180430449291084,0.9835877454343448,96.0
-0.2777239737862836,0.960660915403742,96.1
-0.3722425721387373,0.9281354790587076,96.2
-0.4630418457574286,0.8863364198077126,96.3
-0.5492145583145832,0.8356813800338723,96.4
-0.6298997005512549,0.7766764881502719,96.5
-0.7042910931971872,0.709911301532178,96.6
-0.7716454420475659,0.6360529158546612,96.7
-0.8312897647130846,0.5558392996930538,96.8
-0.8826281148374443,0.4700719209849694,96.9
-0.925147536596414,0.3796077390275217,97.0
-0.9584231899828342,0.2853506420233332,97.1
-0.9821225956675268,0.18824241572844255,97.2
-0.9960089570228792,0.08925333344024909,97.3
-0.9999435261164458,-0.01062753865243582,97.4
-0.9938869900344416,-0.11040222389190282,97.5
-0.9778998636833706,-0.2090738066043792,97.6
-0.9521418851450956,-0.30565639295186264,97.7
-0.9168704196267085,-0.3991849616575549,97.8
-0.8724378879524822,-0.4887250061793565,97.9
-0.8192882452914593,-0.5733818719904229,98.0
-0.7579525453041631,-0.65230969567142,98.1
-0.6890436340299974,-0.7247198564981747,98.2
-0.6132500265321364,-0.7898888560793436,98.3
-0.5313290274826848,-0.8471655473130999,98.4
-0.44409916442465225,-0.8959776404338033,98.5
-0.352432009315342,-0.9358374211421292,98.6
-0.25724347006749937,-0.9663466236851204,98.7
-0.15948463910011432,-0.9872004101959776,98.8
-0.06013229033746744,-0.9981904165332236,98.9
0.0398208803931389,-0.9992068341863536,99.0
0.1393761740499041,-0.9902395074461586,99.1
0.2375388670471864,-0.9713780348772248,99.2
0.33332815020485684,-0.942810874078682,99.3
0.4257869286693041,-0.9048234586781893,99.4
0.5139913848889341,-0.8577953463734549,99.5
0.5970602090937286,-0.8021964265171923,99.6
0.6741634050511123,-0.7385822251380614,99.7
0.7445305831140288,-0.6675883543081652,99.8
0.80745865769955,-0.5899241613174027,99.9

