-18451.381044352027,-15499.991681960591,12343.900045433536,17821.571063094754,7097.0532555886875,8612.514231144098,-4405.884468190475,1390.421582527686,-9127.79745042979,2124.964808809375,-815.6885666347001,-2988.005559854144,3683.9467488374808,1862.8022859231448,-6729.0550537620375,14826.66060221834,-1433.0243754190135,2514.90497468263,1092.471447631745,2412.69491427713,4765.533396176771,3470.7829678068483,6653.467305100494,2452.1024113171534,-4733.9235202800155,7148.238820965216,-6042.8677978355145,8382.312885925281,3582.3743869187324,-2276.8351289138513,460.92277054077357,5764.817348991642,-1016.9569730331682,4509.544967251306,2253.3621630656794,4228.394522281124,3156.737772074919,-2473.487384235723,1661.8973164867089,4703.680788244442,4392.477865196178,-1425.8110094685148,-53.28627371904073,835.1010347792992,-3628.784380407248,2788.4918523982597,3781.7699218368766,1410.8560911285151,-447.76406787825596,1637.8975041454046
-21636.073052070493,-15804.391265334092,12222.461603657777,14844.297694441559,6243.136543840647,11094.900867925844,-2559.987107166944,247.8626239153392,-8889.146106472743,-638.4454513280498,-1949.0713497533827,-4453.056585516117,6307.541132897772,-1977.6880196693473,-7260.819413461547,14526.83050469253,-780.5441228444831,1359.5671795599737,1273.5590450745758,5379.040666057128,3610.9850419209783,2614.065810872273,4947.512989694014,1559.749057672729,-2723.914782277154,142.6362954623696,-4608.348740943552,4587.790517041644,1429.275466883065,902.4914600632868,-2120.915426451628,679.5218126569723,-1481.0395474854358,-2047.4886303988674,-1818.7822246247274,-980.5438873835191,722.3548644861928,893.4767858303461,-369.78836735984976,-1745.7062070469422,-1717.9870022372018,450.04807232105344,1746.1546814962585,-653.2880082621773,3640.5415396236253,-1839.2000508899607,-3154.7170833506107,-1877.1396350308798,999.6552805389213,-2538.7893494987193
-24548.12196321567,-15312.679412460044,12849.227339498597,14214.544476742305,4284.919020960848,12325.172866843217,673.3074493442507,-1067.2337871214108,-7858.364020026861,-2715.962923102098,-1315.2211230403395,-5118.214190902922,10404.029086190974,-3289.748448360745,-3587.7610335039194,8701.97630419168,-1545.3688966276186,2299.277837616688,2505.359445747417,4539.643996999676,1241.1505430204345,32.11892739821317,523.7223240575312,964.2964442579654,1851.3087017395176,-3715.4357970814112,1107.4934408028703,-3639.0616639218847,-2368.399762450834,4099.681788064133,-2074.8569611979983,-5661.4106145428705,-884.4610864901115,-4616.05600290166,-1820.9284944094009,-4204.208866477319,-2422.0640649886136,2045.647051998247,-1289.348972749339,-3617.6631407488067,-5071.227520678625,214.41031084312218,-1648.9922856507574,557.9979695945541,3252.8113245768645,-3341.748392983023,-2471.265577156934,-169.3843648696974,1022.6112304957484,-380.60999534211805
-25379.358404268594,-16063.559314100072,13752.309796542126,13942.298926693476,3591.682693532867,13452.936574605328,3411.3939043449586,-1098.0779092600194,-5297.628943342127,-2458.3188118554276,-338.6098048570085,-4676.8501314934665,11775.705962778926,-2084.6368403275733,19.35617829834973,1581.967323255407,-2482.0765035069744,2615.509567327736,1949.354340659221,1596.3698176658224,-318.3696485903922,-1022.6992204350748,-1952.5479843597818,-206.3616381995369,2825.0905273548583,-3115.688025986775,4611.406321285164,-5825.7670425927645,-3568.3948269315506,2869.0661786503597,557.5948658106071,-5380.466624914743,704.3583332319675,-1489.20716526619,425.0405887357982,-1425.0159189566934,-2096.006066812376,559.1256935765809,-550.2030669374041,-1357.4545154638338,54.41841282964513,68.64932467630318,-2885.0565615695655,153.12890073261974,-2898.6813507243846,298.1489990519437,1956.5241071361474,1113.632172955683,-1816.3002516710758,2730.761572592038
-24499.781206268504,-16979.654638747856,15601.934900028622,13670.962763363617,2397.473309143987,14023.895566127705,4911.5085286187905,-1005.5074108962606,-2223.591249820523,-306.07877866148164,-1283.1361155292338,-3931.946527387138,10315.325929469687,1320.1724387866577,2104.001972682769,-4192.375765592403,-2788.340325935115,641.1454347127964,1318.3250758901474,-785.8895697496386,-1135.9247049713288,-2697.8104414764803,-3303.834700898596,-1442.6198652279838,2554.067958027334,-2053.501861881613,5930.965535480305,-4994.632501079052,-2666.603565989556,363.6824585737095,4623.419444217349,-743.527106873359,3131.136571975735,3357.873731964645,212.20877259849357,266.45259337167744,190.1947185125819,34.25308593620946,-227.420067729123,580.0281946845973,5751.439170464146,-822.311497567901,-831.4838531194399,-1016.1374655989171,-4003.5544045305596,5007.639665710985,1861.951647600447,977.3200843954111,-2344.4647390657537,136.23973447945107
-23958.79535825965,-17330.542992183116,16942.48276045407,13093.85709778761,918.0257139829885,13199.847300743271,6939.704340089963,-3231.5979960244517,-109.61833035966335,-15.655005943523495,-2394.8161151805234,-2221.074144557339,8246.191178258803,4175.670650785142,3475.086717078812,-8157.372220082275,-2410.945187294495,-2530.2325643174336,-228.21935078996992,-3192.1247627938246,-2730.0461705920275,-4842.619068908009,-3314.2237140301445,-2857.340878851253,1034.0397304292346,868.159781609484,2796.872170907915,-1682.668256448509,1493.8990695314233,-2050.805758963723,2598.201638904619,3641.7182758996414,112.82271531434557,4219.548184458972,-1077.232558179784,890.9621087933715,2109.4519372512796,-1477.5867189087874,52.56145186675162,1136.076366523173,3605.266215982841,-1376.282761391663,2704.688089976098,-732.312854016909,-1029.0304586117763,2857.580418408449,-1264.3622705513412,-775.7398072046822,1551.8839992681858,-2480.674806988359
-23375.30076610461,-18014.655081458604,18274.263908680412,11499.354187868568,246.8691661945476,10867.53253248284,9169.56723616348,-5631.8830216240995,455.8164705312947,-1122.4328064092917,-2805.3348055142146,-37.90142487373851,4486.241703590268,6482.0123229848095,6533.52800460259,-9619.24743876947,-1373.1616011908654,-2948.984218473867,-2057.686551675645,-4191.80929317824,-3503.1052022801955,-3808.40284312274,-2993.154882514713,-867.7542776510667,-824.1251961140042,2646.5148273523446,-325.0578723807784,1979.5101882190168,3294.5235989998923,-2386.397389269627,-238.42203510731423,3965.2429995216053,-2399.830613989955,636.7952078654679,140.6644903000459,527.0357139358633,1724.9580978003291,-1537.7450410098743,-659.9190112305575,1504.323678409634,-2983.9496600377415,956.5139931842933,2515.762368092459,306.350304445286,3443.639100761072,-3131.1983711712196,-1354.259165685212,-508.1445219826743,4141.655442646916,-59.07035420249031
-20893.195406462277,-19285.91059783172,20154.723124434677,10097.8792873962,-2212.7880827005765,8375.367751874777,10173.761473118997,-8302.768321787555,247.85986117064093,-1493.2614295350156,-3926.5597777719086,2457.0901781938605,-377.5638460157653,6562.087789430251,7914.756619683505,-9223.888865941255,43.939237813941304,-2280.7411330315717,-3338.4995805425997,-4724.248844217624,-1799.2352252736287,-722.3448002538519,-3311.506966351792,2293.760928109104,-3553.9766468806088,3515.513524551903,-635.9392549624721,4925.42892260296,3087.375325334416,-1845.6770514768932,-2605.744684373026,2546.6898523894906,-1951.1899538950615,-1077.4612097659951,871.2460489562059,1769.0063511405185,-1251.5362054272166,-712.3202382882939,54.168712944354375,298.6440269985108,-5975.232164908461,2589.572167745402,195.01706704332972,697.4927457684855,3404.7044655708128,-5317.01322956191,-804.7653322611799,-1111.5889389551169,-617.1907735464353,1630.875551768767
19210.90125673812,-12691.570410954364,25929.100388465602,15819.831935146694,-14162.63329381305,4223.422261362988,1999.5008174301129,-10694.58594206814,-7169.232428144293,-6884.903022698848,4694.141331387857,1938.635308304706,-11267.266599810433,3959.1990360674386,-1402.9107518367714,-6728.897680849307,2972.602352203822,-2758.571362688,5105.988086479949,-824.7275752867066,-2667.2283386528907,7240.191742354751,-4087.403675217957,8536.537807709166,-5595.475138051089,1475.1441325568405,-1280.0270098010835,4816.154365225128,-2817.5858905116543,-813.2949284956344,-5441.657286724823,-4512.4884871981785,2360.32135468963,-4276.496884530569,4273.039871343986,-1428.1925837435267,-1323.2149718659687,3727.470216544735,4255.888146254089,281.1784483381459,-2684.0877243252125,1496.0458163994754,-2440.8680553428453,186.29492688114868,-2748.1884553202767,2988.7325899261195,2745.4180083428187,-1980.872630049635,-6924.031799362668,-1499.9614102639578
27053.402207710533,-7687.035538228594,26014.37603764538,8740.732139497895,-3545.542138497096,2428.9205705830936,3301.100585026986,-10092.545197278949,1431.2655387237176,-1435.4808983682906,-10646.29976062239,11690.094506192552,-11615.438350320917,1773.0970985829342,-6072.161774738201,-922.6858819428858,6199.810996709829,-514.4330280565847,4974.586186050581,-4200.898602642849,3900.7515201799933,8548.080568873285,-5005.212049273089,3954.4679014845524,-1709.43472848833,-4355.365715785073,-1706.7085420854685,-349.5409357127097,-756.5395652841358,3102.126164927991,1892.148747453155,-2425.195762097386,1888.4581604553853,-2723.981461060565,-927.2136372889546,1419.1665622652677,-2564.898366956714,-376.2793287221658,-4923.142978785259,-1491.844526374173,6436.318173716371,-3046.0306403308,-876.0764659195039,-1591.8321357688894,-1461.2992097782585,3298.9416954861654,-3292.786038982336,4286.158042358308,7443.426146383441,-1579.6206400965298
22780.773381591294,-10224.934271453116,26345.37007261632,8577.59809809223,-1441.0283217109518,316.8624419692902,718.007267548072,-9976.00943804454,4202.611709363552,234.72057098398844,-8982.863726466398,7759.624001473126,-9029.309961853682,-3708.788530780528,-5241.064285283927,2448.231517450136,7559.507615291741,2537.2182329547627,-711.7846198750908,-1661.155802871783,5923.5668797640255,2108.649066753488,942.7198203407189,-5068.580765842856,3169.237713339927,-5161.848276065127,-3121.8388196757473,-3607.380453353478,20.069837192394584,-235.57816155730492,4315.420963342084,-630.9682778674626,-2171.579945908034,3824.776283497476,-4598.827876041531,-216.62145259438063,135.52514404230627,-4204.929262750268,-2276.0641355949633,45.69607533654155,1649.0367165058576,-412.9498560770248,3250.3792294745595,1223.1258122675827,2951.4960306952785,-4959.235259962651,759.5730395893703,-3186.148616649429,-794.4562709143657,4852.631804252518
24987.271171007582,-9570.699366659208,26927.314779775646,8497.55498980904,1451.4396601109745,-1691.8687324548578,-1340.0651415416357,-7873.776364051,6329.253958446315,2582.5456592602336,-4956.600804787409,6150.48544563657,-6784.076340823584,-7574.177173416271,-560.9046882711082,2394.167013572223,7663.53286176353,3683.179122138235,-2344.126260549459,-14.219230169862255,1449.3052402805124,-5037.525199229498,4592.631920320232,-8286.95016488153,4235.621196673068,-1741.2892335119593,-574.438005754151,-3445.5490523050653,-1450.9606616752912,-1059.1639791235198,610.3602828618258,1427.4469375210188,-1739.0838609709124,4396.385264115814,-1605.6026058086977,-1073.670648871529,1946.9119002048953,1354.0204677876898,2665.2431472251164,1770.7697977227422,-3452.1823717622365,2275.07650472084,-595.4474978760459,1032.40813233345,-114.59319682600847,-1350.0632498349878,3998.2421025643507,-2194.9054436268257,-7067.529753279097,-1166.8700169776394
29321.333959386684,-8735.327830613971,27971.984613197375,6971.442827008335,2645.7958830075636,-3021.5470273953665,-3032.981304002336,-5324.981428701827,6670.8711910631955,3018.335811047225,1134.617285862838,5119.828915524451,-2763.9339152535185,-10049.89817558028,4411.5338295879865,4227.773064022827,5245.479910902057,3419.617608403625,-1979.8438092503545,2301.954544803182,-2633.0407340812335,-7891.672453391373,5005.493304829894,-6201.954186953859,2910.5278979763757,4507.563599979492,1529.253023644578,-891.2684525930995,-768.2163486709577,-1722.9033165880903,-3094.5000888663217,1738.3899342267785,796.5367326832376,-238.8292303407302,3045.2600835973717,-865.2207639070363,3056.0656888345893,4997.223189954088,3784.3314735256963,339.06923971500305,-1547.1528310178826,2041.2988073754323,-1272.9938042945048,-862.1273620232728,-3319.9654293957497,3315.417324818868,-2966.2528087259993,4339.340020267717,2031.765857258027,-3806.9628927469707
33341.21323131191,-9374.999289399893,27021.832907961743,3875.1790609637073,3926.3675193768804,-5182.813473018058,-7354.762247124709,-843.2802875453314,8352.342548600582,3818.3838028678033,7865.965663155451,2626.674904314527,-1650.6707202729183,-8095.406932112259,11068.410903326898,6320.925882601695,-889.3956351685501,3644.0749328602083,-1079.7940933142422,3055.5318192633167,-3965.6146606625866,-6578.053860815548,1710.1590913915302,-1698.6352209343936,-2074.0882221719203,7546.948154022932,4272.198779092468,1910.9252770769451,1121.0487912088156,-1316.9818632554875,-2318.616007614616,-2548.2194402920813,4360.924109990745,-5723.846808461043,3902.530892293617,1060.8558468639012,-2506.396307695676,-2260.8519390454176,-99.82571402175975,-1897.4674867085328,1381.652461758916,-1161.5862848274783,-2.9570326034724452,-1314.5992409333655,1477.787244211357,2295.1608259845975,-4458.9006719125655,-1521.392444920517,5441.788699696846,3900.929367246393
36670.08344610486,-11916.872273695175,23700.805420850545,2333.344812952185,4480.283959712026,-4358.122635046894,-9950.375896056268,4822.071120609251,9451.921031200523,5479.891005176986,12778.828440949079,1512.5205490340359,-815.8559410944603,1229.409843218764,12482.690211138533,6695.3992889333185,-7773.892826909855,1117.7069669455882,-752.9827410370143,499.35107044916083,-910.6338685498071,755.040321889541,-3079.900605729734,4000.6400325245836,-4421.148252837117,2256.563827216354,3838.0289802735847,658.2060971227017,1543.840965581261,1200.7120047458957,2324.5148562868894,-2209.9132538708013,-636.7411644580126,-808.9343771583945,-1743.5896859398943,1491.8330450703281,-4762.565498466185,-5183.466831623895,-5162.48610734877,-2543.5901505532056,4680.819493051413,-4955.410273625608,76.16610235109069,715.1474647796688,3066.2641886501256,-5459.653528954587,6596.736818502603,-733.6920275167522,-4970.608447340238,-2835.095295766353
41558.019232118415,-11826.332044344697,20032.587384637045,1969.2934361523,5853.686947204452,-3193.4220299595927,-10721.34913678853,8832.900635936814,7741.237690179918,7318.619221812253,11429.8613790511,-746.8675087049356,-3232.921930568195,8916.498668689186,5499.868310434263,5950.703609280818,-9789.54166938377,-2880.666341231015,-828.3994221006844,-1328.4365037299092,1503.2835033520691,5342.583461863951,-5418.087998148483,6092.0288778230315,-1902.7722588478941,-5619.10043558596,584.2363118199637,-724.2559112982208,-1630.2304952025195,2998.8679606510605,2316.7137047829888,3149.094296991101,-4651.788844816461,8201.120232956431,-6714.758621704952,-997.1729422240275,3458.0317727103147,5115.850866003855,169.55906372291258,1626.0121651174106,-4400.328055797216,7025.655884197038,175.41599207329767,-1638.8563877635804,-4219.985430234923,-11.70294097564313,-5341.52663677398,2990.450919580501,805.0545768855012,744.0209716733044
3527.9984700593213,-23745.15821725641,14779.614565802176,-622.0849034644062,15618.899390769697,-4386.6434270014415,-1567.9089087182947,13470.009870426571,11023.844606074297,9075.858507103852,-482.82344517703734,-933.9381613982229,-855.9202771111123,10987.967689389327,-1203.5007002149268,239.06375507837097,-5073.6722652329345,-7447.380440171233,-4121.848137433825,-6418.943510528323,4858.568697803419,4407.451338814478,2283.4797377404143,-1819.5522792163092,4303.485672801732,-6005.45788823774,-2128.2192978472326,-3292.169748501642,-748.1804413715655,153.38168972659375,-938.8580938268287,2751.1394150085825,1670.4004758434637,-4027.649109836803,4197.895720167607,-4688.651767371735,705.4515192579103,1061.4576955551292,4138.5828729488985,-758.3592996864855,-1453.4461014284484,-3788.0296641042305,-3843.0104946443,2616.426580205492,3606.381783788622,6096.414534508861,1061.6094622828764,-5146.4590294175605,1648.739282116125,1259.4526019672778
-8536.190218576348,-27668.17079783193,16511.963476225228,699.0992285532144,11402.65308708991,-8372.198674517904,-1171.1683519259466,14204.44314109099,3912.0897256946,5544.950333456038,-84.45347168936043,-9313.990851404722,-5078.628045907201,9118.895588061194,-9007.097992099,-3699.24718843824,111.02357262270941,-7680.6693616174525,-3784.5630399697757,-1796.6527688311653,-1766.7914834764433,-2233.0181235654445,3229.2214154005624,-3133.3330109823983,2925.706464643757,-2425.7306584409516,-2975.1632620725986,236.87989907711568,-2220.2415245033353,-2005.9646474111755,-2413.178632685268,-3805.4066356192698,-133.1634316126373,-3985.5801718232524,4366.889847140208,-1031.6845187120382,1487.8290425502528,-2470.8246699858246,2991.4021875678936,874.8209623310178,2883.6712785914797,-675.1425743102004,1587.7098155627739,-405.08669388539533,450.0185852215347,-3287.8732761201813,1576.3979413737234,2076.895558061042,366.691004297356,-1787.2015312213737
-13210.021723490043,-26972.59504913021,15761.368335932852,-4892.740474852933,8350.962794821311,-9795.345836672763,430.4718741156634,14360.37620767066,404.1566227673425,96.58589668493073,-4324.473899239252,-9257.843567185604,-5557.588304434861,1819.0719705279066,-11321.931097905272,-4951.0458386426635,2812.9024116033625,-3579.8161387877503,-2915.6148891725175,1766.1014455519507,-3772.4884906660027,-4655.461184852001,344.65097212855636,-543.9006613781875,675.5974784151474,2761.1995795263297,-381.4527983597084,1570.9230517000988,-1813.702788605427,1707.5285816656894,-3275.2067778523106,-3744.087157854178,3284.8712143816856,-64.48743741721529,-287.656131524208,4048.237571648575,-70.94196003386189,-1299.9873721861834,-2669.311386078484,675.6720270273527,677.7095664742806,2197.5444911807554,1804.4098148965206,-2039.6654443053183,-2825.5331604171574,-4339.243293742432,680.6943122463947,2559.1307127119985,-1419.0149973087516,970.7056808980151
-14919.0720185392,-26929.305158961448,14306.609698601307,-9961.059443376827,2729.9249475505367,-11995.332888622725,1131.0560089151847,13844.378441576104,-844.9489161649657,-3718.142203015029,-5599.875680624522,-5492.098247166885,-3268.3906881875178,-4605.9458107022165,-9078.2363778187,-4138.662648319488,4607.194537152568,-391.6633148209907,-1957.9470306589733,4207.353367111995,-4453.477630724512,-2424.7452757122323,-2315.450979063764,3765.8232014769046,-2003.6200091779945,4641.081286313049,2780.8420607072735,-45.38679190181801,938.9866616623592,1998.0582312526267,309.3665018565089,203.04037296975136,1989.8675255039955,3311.0110964691826,-3459.9229339796375,3617.5354910671963,-1825.2345064886683,1534.1900362161496,-4713.196044761298,50.11925030312882,-2015.5730046039341,-79.4292489224669,254.55970419419626,-249.44410623007155,-1982.6388169814866,645.3444828984444,-2171.6210751163585,-386.57166018363154,-1218.9078411201338,1778.9226407352169
-14592.995703029304,-27403.842637885642,11592.036956274673,-11871.542609919852,-2099.111653337166,-12198.974745969077,423.4584985893234,11914.341572815552,-1402.0169883630633,-4376.823339972198,-6094.247511186552,-956.0260124974708,689.2872187485991,-9229.055986795742,-4679.320738582325,-2524.827217388536,3645.752977522252,1195.4923760010074,778.6553410462965,4344.1720769661615,-3445.558517130849,759.3801627307978,-4262.18402082661,5869.896242605528,-2636.3701368751085,2323.9308092793954,3591.673869036849,-1626.3774661729353,3392.5079085798,-591.0567676691177,2763.549722709196,3967.9040995379546,-626.0563005283667,3565.571035503796,-3973.1736680473914,-1163.9375385183755,-1504.7334211462448,1134.9986669481361,-952.3392581521364,-1923.231107683417,-2693.6026950496553,-3068.7470700438175,-1538.4467216466985,1272.9631551320954,4290.035409646704,4542.614896809368,-979.1753886298618,-2679.498809630975,-58.3354671002284,-23.934143318278263
-13641.658875587447,-28312.84540749283,8944.681485947049,-12840.11093783404,-6769.891214786911,-11870.978454433995,-60.1470912999212,8808.573982347023,-1548.4575666553076,-4246.663233282163,-4072.4577771470595,4020.7972284715765,5875.693064325962,-11439.265355215131,804.4839422633918,-764.3124948237655,2676.6570441661165,323.5260586029122,3288.4566826454507,2875.0468948081284,-636.1603384431212,3434.7682461791364,-3967.028079003086,4362.245033818989,-1339.5784485203176,-1251.9858064826997,1994.79566358877,-636.8776183422659,2432.8419241660013,-1950.3419437037735,3545.850602495796,5456.102202024984,-3868.8088529540496,-3026.4403603430014,936.8424515097893,-5040.660249514387,1781.0339548076022,-305.49405340175014,4014.7386844827543,223.20561805081127,-464.62371140902945,-1974.447068523653,-1437.5586522847855,1556.2353570410892,1106.0857220783957,346.99247932735545,3178.2791462219416,11.159477919884555,1716.096204831023,-3742.7550857002716
-12125.86886085991,-28792.866119966984,6225.912090239079,-13619.8325328752,-9958.530644098055,-10994.3298722026,376.8520490131375,5168.626192960269,-467.53512966822393,-4416.395553076282,-2383.12610533026,6523.633396857375,8753.95560277543,-8983.791720561963,6025.005553595596,-1370.0400026636387,-82.16478523746099,-879.0321157013658,3981.9967317036526,814.934447711963,2805.725938844841,2752.196754246731,-1682.7591872144665,1985.5414325236843,1283.322371407315,-4088.8500846935167,-2683.9136041370834,791.3612946802627,1855.9965926649268,-1647.7919742073138,1792.7548910626563,1274.176863528849,-3690.5433150741974,-5588.617270482913,4354.694411940318,-2512.2187103937445,4248.402944334761,-1995.7278773886162,1638.9049227373325,1312.327425586832,72.66998953174993,3561.639048434563,490.0000711968748,80.9329757425652,-3980.73352174944,-2655.4482085508143,2161.0836816444553,3077.5671393540765,635.343528584984,1003.9104375990195
-11862.057053209799,-29476.03971522657,2686.24849885631,-13355.992055747705,-11430.838267081705,-10439.46625037669,305.2988077469227,4150.003173203923,-1072.6687695520432,-4019.9233247594966,907.1399587922881,6371.042544460607,10430.20675019085,-4686.1765943649625,8301.380988076766,-1846.0976519329336,-2582.8518940437934,-1083.1901622294688,2411.3558801746717,-1720.2426064866413,4746.345035179254,1027.9511777248583,426.37652314564394,-1119.4370107940065,2744.9470410488047,-2591.712761083256,-6147.995242662285,2220.6411898916394,-1858.1776261531343,57.830753475202386,-1303.4011325421902,-4769.979587664336,736.8726115226032,-847.6991668595822,2727.194898687176,3566.8308607605977,2767.938219196544,405.75691772036714,-2836.084445906919,1819.0465927382274,2740.1707598556914,2841.958940577233,2667.3138141170834,-662.3397692598539,-1797.7221391288626,-1044.4905064633379,-1668.4197163947497,566.7264661052762,-2809.921584874087,3112.3271853472247
-11329.393922146539,-29314.462987886218,497.2884163003824,-12848.232232294624,-13661.440792319574,-10266.783733218848,1303.181278623777,3567.273043908589,-2538.6411510760086,-4274.369231834736,2024.5629965786738,6451.72454729216,9385.52655582621,-66.89588578872527,6391.531186725227,-1307.7795753821592,-4515.428222811985,1301.4118241350652,341.51728417281385,-3649.9089784505627,5039.3713739378245,1211.4538135872592,2171.4365719575558,-3186.4056708254857,3231.8450512566956,857.0956469836768,-7313.524983781661,1718.4573454169551,-4116.109374555168,2073.1035811226247,-4236.037055141705,-4584.0558603771215,3268.607049127573,4682.74635011122,-2417.349073414731,5019.123709057916,-1023.3264856563976,3152.352398658897,-1101.5780664466156,1050.687740801505,2721.5796988358425,-600.137779885538,1230.2679892779174,-306.3475406188745,2982.623539536395,1279.3012470309334,-1484.2160776904486,-3367.2016739827095,198.2023035813147,-1144.1503095886455
9436.817470317348,-23948.996336479428,7088.661831941474,-4689.563984751854,-24485.419025792013,-4317.262047975381,3461.36544744275,408.88368452572644,-8886.720892086298,-6458.163395056557,12382.213933099256,-5310.498543251769,-1584.2486763053878,4223.53635797734,-723.2360930354987,-5285.768733459588,-1686.7631609360778,4151.031776395734,940.3707543492557,-2569.50205494703,4299.49788328189,3644.951707380189,7177.080810007244,-5071.612498905484,3893.4340697616485,5646.500897957529,-2747.7739565776233,-2861.088529873426,-437.78422903750686,2936.7038111946968,-4192.681667290486,3662.963136347812,2339.6311174846455,5447.962876882593,-4214.589175169377,194.59347951031265,-5908.628685048687,-686.4508543605026,4210.408769983552,-3796.694898218029,-1628.021207922145,-2376.3838266800512,-3088.440510315417,-1066.7737201676136,671.0017788416058,797.9036283754455,1628.8779930693786,-276.69039666332776,4861.854564690085,-1312.9531935350024
36320.5792369465,-12681.298203984015,-1490.9730430189359,-12711.225764226807,-10949.390041956012,-9362.115091132051,978.6856858416814,-4996.130426103413,-7770.701471811217,-1012.3096617507367,-3715.7184905270847,5232.240006016569,2958.138378497447,13592.351463855111,-6581.1387227753075,1411.0457830641121,-6391.60512445563,5335.176290595836,4242.284033317181,-999.0637547831728,-50.0123542036542,2945.6717821332672,4614.807948496439,-4648.209856654358,659.7439392125511,5931.13084700533,10079.273580146022,-3392.466110331079,1018.7374339352812,2853.282923593819,-1976.1075458514422,3940.6963018308265,-226.9045571013598,-3059.538451391401,-1100.3635256496686,-4326.586406239659,-2232.1431772165556,-4137.948735962139,1594.7117121090466,2607.411143182942,-687.019623402356,-1620.4126478881012,695.7597209919742,2216.3961323666845,-5772.063915102202,-5011.525720885943,-2440.233014386599,2653.06044916028,-2715.8970297995793,103.75638283424927
34304.417457226424,-16835.76711897396,-2553.672585480224,-15031.785718427931,-7694.4019685568255,-7983.055402065666,475.34122678081286,-6925.614516090571,-5542.411548217799,1407.7965854186734,-6257.285673245275,1670.7982794969791,3140.7941478123225,13307.383440518124,-4901.206680278172,1656.648613354334,-4937.464768603822,5958.9782496966045,-665.3949204759937,993.4073139275176,-1399.3239076101497,-914.5634711870421,5585.278325064874,-2735.9823708019744,-2172.7911466490596,-1025.9970079860138,5238.979002871847,2244.206672998012,2365.6891421209366,-3435.011553997903,3495.3562114214615,-2063.614816082986,-5900.732251082755,-2869.3202879332916,1102.9396891970136,-498.19873181815154,1873.7606090365284,-2146.1045441310343,-4196.65481204809,381.03352897965823,-807.6713707437252,270.32221819974234,3077.1981262363856,-1401.049918602085,2202.4208266107794,5252.045753630996,-1282.8907354768423,-2366.2042155051695,-692.9101192929612,-97.35292671106865
37244.95541733966,-16346.499448094317,-4369.779098004958,-14155.490949224575,-2395.2399492525965,-7160.883552696988,1149.3269797124121,-10348.445450984502,-6921.603149149049,3332.272045212085,-4687.532953030285,-2494.563393051186,3703.8701027930465,8219.792159879738,-1612.6069310632647,2174.600834277541,-1094.746347351453,4512.09886286352,-4717.917901018943,1080.2818939239532,-4481.251559290772,-3334.24786764549,3156.0088054591934,-857.1801691522905,-2356.1439485674723,-6236.695127517264,220.06538922542694,3319.9422635221786,538.7033659800572,-5039.780864497655,4451.702300693264,-4359.134875294947,-688.0233912084817,-406.5365841646378,2715.3328185895634,2895.7701511798527,-255.71400592651108,2824.455139856333,-3342.180228620729,-3402.953684352533,-1637.2076440084566,4113.923555561418,-3104.889605553701,-1952.0901047365403,3029.1643563833386,3816.459684416997,1516.3821926951543,363.0913988058737,-694.4539838686422,-1014.2609704199128
39199.01098476537,-13948.206728669706,-7278.026387197495,-13975.420487683376,1065.084378834826,-4815.189244140805,271.9486761235039,-12969.055162646073,-7222.04879649641,4605.33246212265,-2152.986293639797,-5944.266034037053,5574.910990062935,1968.2546479245698,51.88550551020406,2619.545026912443,2410.876717867714,632.0260171024931,-4642.493678869062,181.63018464088668,-6152.694176747924,-4634.061066067162,-1482.9002778053896,1081.9623056067135,-2326.591432778915,-6415.315696463238,-2770.2866452775097,1516.8457875335073,510.56424171387215,-1364.8502455295695,1475.4603568450784,922.5848614885118,2537.436654337216,3011.4451613271126,-236.2972281640545,2948.115035979124,-892.3701791484514,5195.971740715502,2499.065081645716,-3166.929525234099,446.1704614970803,-939.037477154031,-4366.465819584842,405.56691939001433,-1466.7083076913782,-2941.755403999529,3557.1691975516264,1963.7655106147427,2659.7781520823155,-270.6195220044615
40223.83704841688,-11288.942725181858,-8737.315487878204,-12478.915036579063,3575.62884623849,-4515.366207396481,838.488715868692,-13762.741722916831,-7080.147871165685,5312.018980609957,866.0632993267449,-8346.520981323842,5237.273703868755,-519.5083638161315,1778.097351270614,3614.305465574516,6284.241677468525,-1463.5928462069346,-2836.413688144687,-2946.1645545414035,-5526.102247272101,-4136.460092865442,-4070.996137682067,4284.632633502484,-2444.172628156095,-4667.3039692111715,-5003.799836830358,-758.8695830461589,499.52467884826945,2805.583032090214,-1886.1799232931864,4234.282372694534,3989.9065300029547,-999.3357280806019,-2453.455347705162,-1280.2563357540894,-1670.419893121566,2175.742688688668,4454.871566529172,1520.1016270727623,3282.8121878481593,-3709.794609149544,909.2518563354196,4064.3645386109147,-935.0882564394448,-4898.509135574458,-715.6213046488767,27.655880509699376,1724.0511694424852,4074.6255029299336
42153.2496486181,-7330.079169142225,-9301.501483642445,-11275.94428739769,7949.519203020313,-2909.3667057938837,1868.8237464759834,-13459.025434192443,-5795.469775038797,5021.043682157153,5211.73335545679,-11483.243872509605,4126.061905694298,-3284.438590444795,2084.5875550377355,1924.67932847862,8216.66323914202,-4901.994901479693,-775.1992227425757,-3007.989006686435,328.8550133501888,-722.450673469847,-5319.521080160321,4009.359634939759,3519.3784700628203,2587.9327656254522,-5010.521879908172,-3378.780203009691,-1836.020782773165,3570.2469365464726,-948.3703038036605,2054.6317764376495,-433.8793779986262,-2356.1338413448075,-995.8094408772655,-3067.170612760641,537.6539278311991,-7989.698967970246,242.08292189077085,3250.1962634352167,695.7352781944332,-1923.7198961324063,6274.623084778343,-2776.0684241224617,93.4471564043735,5457.610089273036,-5142.560734865477,-831.5766044141418,-5644.635196701479,-4472.116004540773
45422.42652783468,-5853.658567163499,-9712.449403080407,-8851.312976750078,13943.26561870535,145.24528230315502,1824.391294333804,-10638.250321359847,-3145.737027581187,2371.004859026353,6595.226123199817,-10209.207623780996,1431.632526630045,-3608.2745469422553,-378.659964980638,-3186.7509224372193,5164.375185230603,-8103.798060642943,5889.183934824589,1303.9919462882115,7310.252786521251,3892.565486434441,-1727.984300428595,701.2379485503011,5598.156571576772,9208.366081542661,-125.5333551177874,-3454.688966619686,-129.5398524222272,-225.91127576163956,944.5689189178323,-2455.0966920750247,-3604.8006493992248,1534.945578454286,2181.747766037362,772.1671859453251,2733.732281571321,-4366.61934763596,-6568.025931508938,-99.22400399992608,-3744.201404439052,6343.480569760959,-5823.53975189179,-1756.9029404699984,1012.3970146221814,-302.4120558997846,5910.876333743668,-583.4089056268695,5600.673162034226,41.93747633349206
20293.275195379003,-5145.506297991231,-14003.518697411731,-15101.13977628884,28018.963434374946,1776.5942975340126,2477.295413011218,-8594.040936816426,3210.8270180782592,2645.3752589704336,-8901.430470790274,2427.253805106158,3766.257160023297,-2544.3401331321215,1650.5697683043152,-3221.130914393329,-2350.9299064254237,-7644.548805218653,5572.413208304103,-555.268569021311,9794.30351791449,5622.097463749581,912.0473385274007,-449.0215757651846,975.5668765833175,6793.7541924651805,5568.149010775002,2503.2920202064724,-99.34307957838084,-3762.4682229858718,-508.11871416112683,-678.6864459429802,400.1358506898939,2081.0298179407796,1395.6220905561556,3604.5161486395336,-274.8005730163307,7663.37140718105,762.3360538750989,-1862.060244311547,-1336.372368712117,-5978.346736064965,-468.47916657933234,2928.4505501946605,-1640.6184260097461,-1051.1619735701713,-2525.442814111101,-963.4569000336139,-3748.2834368364606,3559.7979745164107
-3125.8052068229595,-23512.88388591687,-10058.76188349913,-13804.179911732492,22373.264786247517,5905.774724838319,1961.7767375995265,-4516.39496301542,-2209.462883485624,-5266.230096599076,4065.984894152552,-2604.1658663451767,-5810.1568546806875,-8440.114392229107,2454.151286452256,-8095.305747427957,-4020.6646815558756,-2424.44144563661,4280.341396787511,2775.0280568111093,2442.3521031229593,4285.891977106459,7841.1906861242815,-3063.263820357022,-5669.833899026362,-3844.4075341059875,2982.937344503413,1741.5444716118675,-1314.3422903107867,-3743.8860112548177,445.7722252765297,-2375.2328792269877,26.15134786317675,2190.006325682388,-899.4305393600839,-3116.1103149457044,-4021.932260689953,1811.9822093358905,4903.4878517032475,-790.7882507709569,1508.7123768179301,490.09957117135474,5552.045461847907,-513.586208844283,2783.8028795088535,-1303.284359863445,-2278.1228476333367,2561.9958273864077,-252.20840942085414,-2788.759704340463
-8673.336098322008,-22340.54422507314,-10326.337564073208,-13913.807917880575,16751.68279062592,10215.148619683674,311.1202474995113,-3962.313290921884,-1706.5401168651151,-6826.421753604875,3870.1041385164594,823.5594132590938,-8719.397515252402,-6733.2150520959785,574.5744238066917,-7257.915705971049,-8196.838199984573,3021.037592213734,404.6500911496894,4609.396829486239,-1703.164797336083,1494.2377179363962,4403.0787827138765,-2696.9093686871784,-6040.319332922284,-5168.936757006964,275.37556914220085,397.57431677310376,733.6326800743225,1781.8894224544717,989.8330134513789,68.07315184962567,1167.9845374448348,-503.6428048341405,-2332.9277376038863,-981.262084325637,-486.4187889763378,-3487.698849479173,1269.9236023516787,1669.3134105159706,3561.3436863245115,3588.8607422643577,525.217800193443,-1607.988209609672,-1341.0861949775888,-580.6103770811525,402.262384490102,-307.1935598840994,2671.4411482503824,-568.988873055574
-12311.85454176642,-22275.68492818323,-12177.53031488394,-11949.480368662487,10498.416943322114,12187.102272588669,-3591.2985659303035,-4928.71622489388,-1124.3324315895804,-6218.083668776648,3241.299483089927,3206.61893865582,-9756.6778953324,-3106.737794373515,-687.9272840951783,-4625.052105194138,-9505.191470956117,6397.288827692618,-3228.5954185934875,3790.75904087172,-3698.673256348863,-1643.5766197139571,-1056.158868264413,-2086.7824533507523,234.18018285746777,-1984.9824557452987,-4394.249473997439,-432.218732874727,1989.6173948967005,3615.3460242476385,-764.2903403791206,2597.409532565424,2282.72309269368,-2390.3678445793203,-1476.7611317766068,721.7734263291787,3848.2130640970627,-2749.81537624697,-3818.198308506447,1856.4013450127875,-1032.0931725461062,-279.7315981393655,-5456.058460676638,70.17995538293745,-2515.1142519361733,2117.3734573427596,1716.496182409055,-2499.2516693530642,-1312.198387078982,-720.096739966681
-14349.621337547105,-22847.250632275576,-14373.427302043918,-10600.77047341379,5075.3219231268695,11879.689973630724,-7585.022196468473,-3279.931382922626,-2221.8677877702116,-5012.346445042986,3060.6267227671206,5350.845857419017,-8546.186461811501,-580.8283776806699,-1395.4366928395634,-682.308387560113,-6527.862462502835,6477.866414436559,-6423.699736757653,611.2119293539351,-1175.9530850677938,-2521.2036185424154,-4506.591899729651,842.9293705117232,7478.450072946874,1766.7957165335224,-4854.67774995882,1235.5331035991221,699.589332826933,2424.125207757675,-649.5190759878482,2090.5688743969245,-544.7494791630862,-3116.568038558206,-221.14559698435656,792.3889061082448,2746.966834447291,1369.3954032238619,-2345.774488998792,-1032.112645454321,-1825.2274817964292,-3595.658372482958,-1001.1128464244347,2635.377924058025,-742.2602572615579,1951.3154372016568,-1228.9445604818834,-1167.140779041808,-2148.017495449629,2234.950774882526
-14510.318337067194,-23334.87495120457,-17459.338762195508,-7735.156113525417,935.8645041536519,11088.135669181756,-10882.479303892083,622.2304265828917,-3756.6062904628952,-6107.559668599667,3940.944979064799,6989.26182768286,-5136.831631662005,1339.0094063648614,-3494.8941106285993,2549.9067346803467,161.43600028173782,4554.932019398852,-6360.554163488418,-4345.13289234263,164.5999146174281,-3457.2964192333266,-4128.290526024648,4437.563312878914,8905.325497380682,4053.1347513726996,1138.0284555603318,342.0194199699388,-303.26681010734075,298.76463043390453,751.4269851804594,-464.3229431921129,-4083.072124718206,-821.886934007678,3003.6670413516927,-2713.9628310720695,-1859.3862662572033,3353.952369886687,241.444873283278,904.8980121266467,-343.82204788095476,-1535.5924471401158,3506.5041648154506,-215.00965465004788,2081.7868079683244,-1711.3657857729138,1159.010381636452,3397.2847838369057,2226.0439255736687,2006.292760384874
-13734.572864594009,-22459.191974328525,-20395.969980673315,-5059.1320470637065,-1657.3344485409634,10517.402216413337,-13553.696271916187,3268.6494116009603,-3151.145496068509,-4629.315473618251,3083.847099573539,6755.289924976243,-2611.53413348384,3045.3289644366105,-3064.9352454423474,5114.366340822333,6285.843397767901,0.9886822521980416,-4344.182965809571,-6580.977161297952,1346.903796744859,-2256.734690186092,-2959.7966602720826,5062.491431380969,2979.820762201662,2362.118608615525,4110.639636068789,-1858.1820784658905,-784.0630774818246,-3070.750582941315,-45.55097747470381,-2567.9080068466087,-2677.6795403946344,1901.7589217428883,2140.760206234738,-833.0049877638168,-946.2611530585717,1298.9719419440605,2451.9676027200703,261.5068626989599,1629.0924877493285,2221.368050071276,2290.032198425265,-2242.330891559025,997.1202497027778,-1362.1438512093196,1079.521389941082,2514.5022653905576,631.9292961148518,-1648.0042563518216
-13097.15044220584,-21236.662689361652,-21961.25506608468,-3590.8708175795964,-2478.173614009499,9692.087279814936,-14999.593411440848,5054.626649339394,-721.7214260898681,-2120.929933474784,1627.5758208883856,5994.260915627352,380.0513606878659,2586.8805150899016,-1357.1879809213892,4273.441234000051,9036.086578444583,-2583.091296900577,-322.545265218623,-6448.544666394343,869.8072788641656,-1178.800492260202,-471.97236742373633,1104.8195035447675,-3201.7964185569676,332.84265335343196,4604.571934490301,-2394.3126829077305,-548.9402835707084,-4837.109611542148,81.95950307433975,-3171.212707710439,2086.50540419496,2372.627016621938,-990.2687895835345,2709.643526729821,-906.1091902787049,-767.2401222082372,2872.413777022416,-571.1440612057072,1588.8703287763221,1615.0249380495206,-1258.1795249838194,-1040.3247279205268,-1451.3751106817951,-717.2143877097282,-935.2434311048639,-4493.517402398477,1311.056526839074,-3312.720054435419
-13435.338517136392,-18204.724581160932,-21615.230571450487,-2117.706250540943,-5045.544150094711,8714.44685794151,-16044.10015033291,5524.749146484457,1549.9314160319047,-971.4570499441206,749.8566371294594,3793.227108782325,1267.6354730256407,2684.631964545583,2641.5549308083514,3062.177526998523,10303.156447967049,-5300.06713078048,2506.641104250392,-4879.355481509541,370.1690306599823,-414.75882715303453,416.53830659429883,-4194.645299277756,-7159.787131485009,-2357.171268697406,2156.1120962095474,-1073.45840903253,788.125971816615,-2048.7881248732874,-172.15459534113862,1082.945671046286,4738.171012483604,379.9869941687362,-454.99093867420885,1988.0579292975012,648.0933350957337,-3115.076657288667,-1647.8746616042413,-761.406840511185,-2123.527387897941,99.66144321401859,-2694.1208999418595,746.7099193193037,-618.713122698412,166.1252028989804,-493.32189290335907,-2833.219297107829,-1031.5145439665332,75.47881053101658
-6005.5064304013395,-17238.702133464445,-16336.135278132757,1544.6226176281777,-11536.612722107633,11706.159017675704,-13429.301167472113,5896.502286819216,2861.4585896546946,2173.212831459806,2100.918170407854,-2298.7885312831527,1137.6701570856408,1171.414613622564,3871.574874202522,-2179.249289347228,8893.952525453142,-6854.298347415984,5502.341285137496,-646.693145319001,366.8994252779542,-749.9135073279623,3741.124655991563,-8275.462435381049,-6810.801862013512,-3236.3590259474436,-2296.238578497663,1024.6115267818243,1491.922689683816,2414.369211438311,-203.07795337738372,3386.650905091414,2387.6732050753512,-2758.538045396432,-1644.3278146438392,-1985.3965010368568,2259.211714409753,-2775.044042376061,-4761.784674646885,-2684.2765702064157,-4749.280856889917,-1392.9891390625664,-759.3461317716739,1456.0470167344058,872.5497602763265,1544.4614043023303,-1939.055244822312,6225.932431535434,-2886.2703462573263,2478.3508350861034
36631.15216954912,973.5245002432569,-12566.872070520882,3451.5102861153773,-8782.964151541502,7028.9733919618775,-11299.244333865638,1890.0278241294955,6302.180609524879,2649.2756489215453,-6649.6201665062035,476.0134457684916,784.7816836801452,5147.718834844056,483.12856923381406,-2494.5748368912077,714.0579670163996,-6087.408381462551,9412.301308897793,9086.114351926915,-3060.9070267610023,-2124.3473123936396,-836.1794204467438,-4275.092911896651,-1186.2332842004832,1452.5597713700909,592.2063630038733,-19.158625171809735,1874.6392970675442,9669.642373264745,-1432.2934661450952,580.3707748315696,-221.98508695649426,-2463.0572052068796,236.9260748507736,-1249.5576310755448,1613.3534117379852,8816.73760556482,-675.3180918339739,5460.834236396613,664.3701689062277,-877.5816648407548,6136.751545734362,-4148.919176535621,338.52701746924106,453.77045585216484,5200.144959985353,-4781.314249264254,3954.7065402004405,1083.9575469687663
29636.163619219456,-1787.3216327749417,-16356.507890795647,2783.5848633965766,-10604.180083182833,10257.850288397194,-6325.050585497555,3143.9704742834706,10032.907168212243,1953.7784724067624,-9814.114547320596,-554.9270365759876,1482.0881639267159,2476.4436258801925,2016.4248489203019,-2644.739740742915,-406.8083753000323,-2663.0852309815527,3299.3425036004373,9936.292522029093,-3524.582597353214,-44.033262397502504,-877.1748397455068,-278.18355622179337,3554.5437666875446,2599.249099192838,-1835.836604498342,1498.3600710394394,1815.8349070506029,5106.246392259891,814.799164183657,-1887.1691471585468,-3518.14309688751,3104.760556026467,1754.595007330791,-691.0255127165359,-2822.7821865857686,318.973166886197,3009.2429416844193,657.9444804312166,4380.398965355956,1432.3203575735897,-3906.01627358207,-191.01651815374328,2134.7391353701064,-1166.5482646599332,-214.6154529002432,713.89358056621,-2677.750799935416,-1954.5541983053013
29892.404454615287,-2879.8041867573183,-16306.314424510718,2968.470200063925,-10877.603499664894,10284.514649440074,296.85577211887266,4397.763644811598,10490.940360957424,2670.0619772502478,-9828.640652968343,-2112.6225208763044,-94.88452366644633,1325.7550261858773,2995.0328362137984,-3263.545378219395,-706.775670933685,95.94089376080079,-2905.6719941778274,9398.429587833005,-1305.5850804325785,762.1229435829971,1654.5392400530482,4247.581442162959,3783.6521370592723,1572.8218096689554,-2994.3808198306133,3623.9844322365266,-1912.0441723943854,81.39079844292723,1545.2968914359687,-2849.6897901291313,-1377.304769661371,4234.036323051887,821.0733080007967,-1322.244108789433,-2436.235391100317,-5351.993201859155,4813.507394689192,-1486.0997708058987,1639.4669415974574,769.3394758147668,-3403.3217218397854,2526.143853627652,3870.515071540237,-521.041950480259,-4009.228835314892,3238.244609158249,-761.4881896682201,-406.50555722811373
32234.263374460646,-1155.6447291961802,-15697.744693952798,2256.7997645442415,-12027.730246982583,9930.717270529636,4747.933435774956,4238.9128939248485,10924.74779698988,2415.6233344685584,-8287.866893126644,-4265.971298282248,-730.764503675745,-385.5052701073721,2715.99023063937,-1433.6404766743142,-735.2567837898256,3062.1782681298755,-6059.417793678603,6297.158954134459,2460.5094952298264,1402.9989219973977,1622.6564130732631,6394.1132528559265,1220.9704613539554,131.25224204847206,-394.84629764678067,1780.612545367133,-5912.9293274884585,-4322.628079423476,-864.1467732651004,-32.6766104259303,2449.7684012056075,824.4241723982374,-564.3621624130719,-1306.9877439569252,1904.5353602991065,-4516.383202297162,621.4662940042743,-4990.773501847911,-2151.1618916393804,102.42739946704833,3581.008568664012,2573.7666902159845,-5003.157714682062,1568.0284859346432,-756.8921703221972,-2878.12719348991,803.3989937265668,2138.7946831649256
33598.397161246845,-120.6774435226815,-14086.621804315122,1942.2632445822285,-12345.051376671376,8950.66140844297,10558.755787617445,5033.931422784339,10667.588017296961,-168.09449853969716,-3607.960060227054,-7734.066792591548,-505.1958787755132,-3500.0644062866095,206.3060566853427,413.91898928359524,-1880.857092081051,6745.44050890077,-5601.198677299579,-26.61454263791759,6650.146357593665,708.1798660631216,1252.2713325718214,3958.375790446093,-4183.809910943785,-664.1595163838065,3140.534272361409,-2339.7228420800325,-6962.8401080631,-5483.708561780223,-4261.27006834551,1865.7027358120715,2109.776040177045,-3315.5907807887747,-2398.9225037945384,346.4017266132833,5402.71655693078,855.6598830784744,-2170.3451730367246,-665.9530078154488,-1353.7433130957527,-1924.0750128760365,3932.956943314565,-2209.9324428983696,-3075.9422435434544,-2178.3795014537077,3897.1511839536474,-1224.2553551198707,3614.524856875797,-1265.4843619693652
35542.16342830032,-618.5746277121028,-13097.399125025006,2819.318485986087,-10369.369356895915,7494.2653735238755,14501.014854558323,5340.807013093198,11977.593181046745,-1747.9866604619667,3598.14901826462,-8493.75190585718,33.34166043289705,-6672.382330607226,-5451.2094410410555,9.320245204205241,-1271.626140859415,6275.89748675598,-2203.1681255418293,-6547.3373594247805,6245.659577334789,-1634.6544867424586,-509.67400148847054,455.4278053231534,-5757.959475583145,-1480.3614725300527,2251.933706078942,-4799.737452775147,2080.3305291858615,-774.2869614478996,-4092.1389383363344,1280.839100329497,-3393.7672244298024,-3702.1600113637082,-507.2535128801612,4979.240608350158,-213.71649134392717,4665.9956863328935,-1210.5283630696817,10201.927544928018,2630.9120524668915,-837.2749264782013,-5154.767646104937,-316.8974546368777,7209.950250462355,464.35348673922505,-1379.1851635542523,4226.591957858865,-3396.9971843134313,302.3836066616235
37724.86998089257,475.5404563999023,-12610.237345192723,5458.136419571934,-6180.068233219352,4817.167235884983,16439.91223551973,6020.422847559044,12295.808283754774,-5335.095216533666,9844.694716654796,-4121.610621142762,-42.03073157985259,-6779.557441229377,-11371.432696508828,3050.623033192226,-3681.7180140645983,1376.749085801141,6047.687021600807,-8947.557902425064,1856.9323763302184,-5432.47859480773,-3139.316462236621,-2653.1944918561458,-1206.8475285905824,-2521.455029427649,-2062.8648570735263,2093.153328681071,10447.545445669353,4182.468620861607,4268.485290075568,-1891.9986425888328,-2003.941169299938,2757.694785158088,8705.168341523162,623.9902387877846,-3987.5945005485437,-303.08224439384225,893.6580091771872,-6110.725594639108,-1305.6454996291502,1956.4186789426099,3307.476426691206,2521.8122396425947,-4995.322468895811,-198.9728186443615,-2738.0830901567774,-4429.431824889898,-160.8674235396052,-86.18480740347522
23414.758990972212,3656.1812071344075,-17948.5326568178,2586.804467235167,7823.291467386015,-3513.5688602668233,17484.36549578591,2161.667944992504,8199.035414325741,-4083.463556725493,-338.09926327947176,12459.192209798519,3875.9318502888127,-1167.6254252026706,-8048.947382544949,8477.736379725608,-6103.368005793401,-3212.655980524508,8903.947049040326,-5417.658285864567,-8003.291594515092,-2739.3376716877733,-6905.037366086784,-3147.580690074909,1417.3590277925684,2114.288609550842,-92.65331040996475,8877.194033495469,-4151.96992350242,-1136.6447479666995,726.0874073539037,-2248.564847775716,7994.118028865331,2529.978833107753,-4951.794633361637,-4145.399154139133,3336.4788871717537,-3903.533477191382,2516.347500861492,2606.0451332040107,-3113.2131468156504,-341.91063587089496,-1434.4851787322336,-1948.2528805348054,3607.9625570727935,490.23326809943507,3115.9830898713262,2861.698336908744,944.2431554747037,-556.6343722408835
-12792.922809601834,-11459.08673527123,-18646.642758964597,6814.896017292293,264.5321812093429,-1098.3369812695448,20390.37209460184,2004.161170395886,4121.051616607795,-2253.04794271445,7893.768741266557,4955.727668839999,-1097.3926939866171,252.471897511161,977.5153295894596,7358.753285101006,3370.778585808332,-7374.372281290353,689.2448713683619,-1067.6689340537941,-9097.771476036309,2823.3151278751357,3966.4928720754697,-2407.580511341412,3170.7369025230355,897.6206397808322,90.655890683476,895.1618618661897,-3383.985245869513,-3903.5352477904244,-2897.4088416989084,1077.2803756838061,-6408.326427816169,-3214.0046152326368,-7664.766066734034,-2977.5664335129804,-2026.0366003035217,1157.9282876701016,-2609.1821691450355,-1956.5298859585205,3137.315531164768,1530.534076728358,-1356.1966548689097,248.2114788438223,-1319.0403592960026,1430.496622302327,1243.9202716066097,-417.5508329480739,-510.98642412867906,2946.312685894442
-18406.602081307854,-10463.634145942688,-17743.555268378284,8126.023264403515,-117.90257313847049,-2336.9176119843883,16315.84537550031,305.69212719339487,415.55335466105686,-526.0645273180002,4588.815936313368,4065.529371769618,-3920.161099082575,1413.3609078845543,3891.3879336353943,6430.569473428383,3375.364054507061,-7684.364789231317,-2444.891253562589,5155.612783823104,-9502.74256694119,5099.197237988917,3758.009496572962,-247.2851494915521,1454.482382199003,934.7918794808832,-401.84424576119784,-4683.96264047915,-69.90223387820704,-1111.2903282549744,-440.586565863332,2746.396620355103,-3894.7965796196368,-1810.821025015045,222.46571018269503,4302.738290342402,-1195.5433937805728,3068.8583908713545,-1720.9357305478284,-1120.686494017753,3282.9117593795336,936.3900892298058,278.4808134955473,950.4969438361003,-2283.7094160432093,-29.710928822355687,-2414.110111350367,-2215.976099531223,-872.9344964054409,-106.13947088080083
-23498.438217337392,-10374.82942855565,-16935.46378522184,9324.694255940558,-1893.7589782083035,-6050.128417604335,12068.709770796628,-594.9442426154781,-3030.1374732962618,2696.818990777682,1460.4132674845923,3184.9644852837687,-5308.356469183325,1549.0156860770014,4094.260303278463,5289.164665058038,1265.5809784912292,-3247.149427322046,-4256.779960738557,6331.806670200512,-4547.989705404501,6607.3427994082285,161.00649174142472,-1060.9733409796504,-272.4550523444969,-377.39742353403574,249.29349033607525,-6176.203812813942,1314.2147455105091,1089.7351463185767,1875.977288121986,343.0487650235627,1433.0052803738076,1815.4181554821228,6509.401822853885,3797.0837793169544,292.92992361517025,240.11046016116865,-864.7650280713626,791.3929523203941,-1350.2165772976196,-1178.3995528184325,1561.7582681758922,193.71994897841154,12.5385709611842,-748.6646440171379,-148.72677035415424,560.3971532672449,307.90467580264726,-176.20739657251613
-26051.202382693486,-9099.320351178587,-17265.76468126639,9979.813976729287,-2212.578602920455,-7519.116779321009,8737.455089384033,-1349.48430868988,-4039.5025386877555,4592.234754840012,1338.872925159954,1689.8799413802703,-5545.899845590293,986.0513321804513,3513.0866033368225,3685.661796257993,-463.86763705360767,1144.7003829784744,-3739.6012291786747,4702.483970215475,215.00931943466244,4648.013859935907,-1915.3093663110656,-2011.3871144559862,-2188.1604809088517,-580.0208283615625,477.9151252503088,-5047.374511541819,923.3202989400509,2201.8967154057996,2356.065270129991,-1185.2972657037762,3641.0076052604245,3607.9639129125626,6373.927520761312,792.1385081698825,1750.4896373471763,-1211.3172436510981,628.5088790999728,1709.2605005161372,-3723.7470397816633,-2632.332041536974,1230.5617107593484,-23.0782524952249,2493.4295601273466,-1087.5949640093572,1145.2888202740678,2431.285626729916,497.8513678360032,-600.354565649949
-27618.085430075607,-6302.456655953178,-16311.709934674967,11295.12339048018,-2217.377077691101,-9533.810845697082,6369.531725579784,-1698.081505956768,-4516.06496941202,7512.341675263005,973.1323380906382,-420.08413400574887,-5200.696694418935,532.0378292571882,3341.3410149876804,2129.4160541664637,-740.7441474203517,3854.507607104582,-1939.0211305462158,2170.500660684309,4107.075951245089,1608.315192921126,-2635.65986591673,-1416.982836601274,-2384.1625688237364,-752.7323348009052,1058.7356289454817,-895.3491967498468,234.92568072122802,1757.8211147326367,2417.315490958999,-1592.5589300530246,3582.665568502587,2949.592820561998,2702.8761187735295,-2057.9845111773166,736.5877445591303,-320.38507191644055,1025.361961539679,2014.2796362877539,-2899.8649165245033,-1571.5795321287833,2322.0378658591458,-2255.606732521352,1662.3262133635046,-6.336045624584162,1068.9823926652393,1524.1341119523013,625.8824705725133,-905.8935818942015
-27706.53347367184,-3708.720532060894,-15986.093465171698,12096.433415177693,-1506.1925583517743,-10457.972857211233,4659.434061488878,-1061.92958972928,-3726.96627183046,8626.21232116055,159.39270374425615,-2287.012790658942,-4209.669258416665,-208.28210285179534,2942.6049236075464,837.3701886410679,-341.5624846746361,3685.498238699802,-794.1753490226263,842.9848624655774,6043.218944534287,-2691.617416806816,-3036.9795462958327,312.07902681363385,-1047.3865810110658,738.8618813346383,1383.94553458993,2290.583672712953,375.7854208308176,1453.1955205437446,1154.6741599586023,-1253.1422967939043,2982.6887198510417,979.6261144238221,-693.9065447625338,-4092.667493391339,-661.2896022416479,1845.2774017000067,-665.9582200407255,-56.69426648974884,-678.0089118266783,727.2489937156917,1251.7733274040752,-4199.291430772524,-542.0894106859107,-105.62199782772788,-288.0239227208276,-971.3668493812188,-1102.0495621784985,-230.7764192857143
-27142.5939633407,-3540.8772975155907,-16289.28000929482,12938.916795356841,-1225.9310668700693,-10587.129958182268,2053.597392255064,-978.0847287107922,-4619.758170934222,9914.551939327366,-1190.1823093319733,-2296.270787117733,-4625.349456971987,-575.2076882670563,2552.8306708832197,-1250.8281102540782,640.4468290150388,2921.3523049009314,-145.0648795709807,-1042.4238414442925,6292.212552917798,-4335.692529425958,-4268.227453102019,-486.95795668522373,419.4102043669047,1058.6498830594417,1593.259076263876,4257.610275878876,1054.0929464198034,1062.7179716320306,-265.2863986173928,-151.71481974196038,992.7948856246782,-1260.4686401968263,-2426.4334109133283,-5080.026108179979,71.72949404519868,2086.1316120332503,-701.1129069388812,-2288.2571374997774,2249.9120586893346,2206.399542432624,-1853.191469577168,-1600.8047148155033,-1527.7620594027164,-793.7678322818847,-496.00335777041676,-2885.6016955810574,-2212.162509086085,845.4335160805476
-26535.113007191263,-3390.8475595266805,-17416.55316149139,13856.756619783055,716.2142940971925,-10020.245184901274,-113.71000028655354,646.9393235000341,-5393.374092511839,11877.316199620542,-2890.9531633018105,-1743.8503858649399,-4506.21464569776,-1088.7178691320732,1883.8959091857812,-2967.4665921516494,748.2712227818354,2278.0281150713804,1130.550808179155,-1789.9171546395244,5056.338953389453,-4017.9522800461186,-2706.7577793392297,-2405.6720164106955,-380.63791951444057,696.888546331536,1720.9876286725394,4579.462897370885,82.81335031224486,1249.045910237837,-1039.7221447857153,661.5910964506381,-3207.4279669303874,-2343.5822155000633,-2994.4110566560184,-2292.1578358711604,36.58215620687251,866.014525386485,701.3943082069515,-1854.02036738923,4528.602185873892,2135.2946019879305,-3497.406200008149,1856.0631803059775,-835.3165834760832,134.273548644327,-381.2868310666436,-1386.38722872927,894.2719732423224,-484.89242193575745
-24187.640577836828,-2209.2243158878414,-17699.38885141672,14367.642703859336,276.3684115733192,-8485.493946998035,-1846.153256492194,1045.057928189819,-5078.057690520543,13003.500720862417,-2891.2115031339285,-2068.4340557995315,-5325.6832521444285,-797.3479437554308,2714.799730574008,-4652.040139651866,-539.3714365598007,2319.352272601955,3299.6493116485876,-2623.289207464132,2935.09853884116,-3711.4721287417233,-35.18425089741029,-1408.4191945535538,73.62891377275484,56.87222612894981,920.5849760882404,3200.5281271296444,-945.7293196261571,831.2382249362234,-191.4279299663227,584.0232337797217,-5050.324668496458,-2208.265466362851,-2126.045036972505,2130.8407904502906,-839.8081195701861,-1107.0080509365712,-10.195868295560683,-685.4594343021117,2436.607669143727,779.509014700499,-1544.077037042189,4206.654314969067,-244.75629394221332,1191.0570507783361,-592.4555678305178,1767.0221218955876,1631.8753931265055,-213.97772110868996
16914.258164743667,8237.032467048233,-6729.929912899174,21093.712974952363,-5667.973217281741,-4973.337132251734,-10218.628671032828,1244.7416282115848,-11630.298759971549,6439.470694605,6438.062243693616,-790.9591899437193,-4352.680555630366,-4087.887017662934,-3636.942036122178,-4115.667300598748,-5947.032498795282,-554.8799038580404,12109.350219116634,643.2994590972605,-3410.7349272023607,-4569.156782285259,-72.06450831718439,3344.6710663583135,2923.9463313001183,-2257.7610990864487,616.7245199681762,-2252.3718267845047,-5294.705618787745,-4318.235388165357,1685.7401587344082,-999.2148853086602,-1384.3236678059957,-954.715063223276,-503.27557050497336,7617.317343452212,1669.801047797271,-1633.5514821247614,1704.4323304844725,2028.608905769309,-2105.2944499823293,-1057.4012847866193,3171.0976330449057,6290.00865545494,2915.7404254065063,2620.4749516753,-927.8698338307578,1656.0841701127447,1832.6147985277805,1127.8416770845984
17766.761113650533,15402.353863242724,-12358.076179214235,18018.776543079428,3500.1798801179807,-3131.3993360674144,-8228.821156060265,3025.0521875474924,-4099.142689446839,7045.254648287683,-5723.366170222705,4922.604339978377,1239.0046028760198,-4234.3854339942745,-949.4130223997151,-3102.8680677838374,-7344.905289328104,515.8745898017028,7490.605634498958,-3361.1780769214292,-4006.5572051195454,-1395.3553429743183,2249.05356836598,2898.422337082845,3923.830668277266,-2056.776161439043,-2804.5596938403796,-4195.79037783712,477.38518876688124,-2769.648103291604,-238.60886463605863,1948.7014602408474,490.2886937969163,-1568.6052034590705,-1283.9249540231426,5361.22605563353,-2379.98917862428,136.05058357619868,-862.7920333018574,-2485.1888852292686,-4849.581234016341,-2566.212926469814,1785.5618365636817,-1662.0117566088486,-1033.6950225869327,-2187.5785548545005,772.8344783346267,633.7691974404804,-1799.3351614190071,-1443.4684468872854
16084.882152985916,18661.622840628203,-10368.94708967364,16325.64852888374,6435.521464770181,-3218.8771369665924,-7956.871373314938,3901.2544019036472,-2230.640822540282,4864.284819017025,-5104.904999441867,3032.274102964995,3772.317309073542,-5048.9616454489305,-752.5681650821355,-5826.374530065702,-3720.577808073992,3130.7528983033594,1211.1807169901128,-4684.379199165806,-4761.099973642014,3146.328173415752,4359.400095383553,2687.8203225034754,1765.239481849475,-1960.7973459527739,-5113.181608117015,-3117.784783742941,2809.6599133965005,-3651.8433932097814,-2893.632148307932,2194.3020507673605,-1363.9505789151185,600.5280567272258,504.67808495307986,-574.1378404957884,-3965.5699073913956,-1254.030742732254,-1088.742317557102,-307.9455291367756,-872.1424289578565,-1178.7016393763947,-996.6483296340557,-5402.6273222208265,-2018.4664474385618,-1642.731707513145,1649.1015780259409,-1540.6663245885204,-70.55742039246384,-2680.3880099224853
15900.90009053022,19948.20750572678,-8257.91922121199,14619.214439355785,5782.06096975356,-2969.136535988288,-7407.901757019015,2896.751690919793,-916.1611382148297,3657.0466616605668,-1990.8234158034552,1972.7887991304187,6220.915384400889,-4654.242911644233,-1789.1157434469847,-6676.640493609643,452.4137955942153,4509.140456091859,-3300.4706115087606,-4911.967511127534,-6011.1284902421085,5716.198518041064,4446.008597426826,2825.7901715373655,-159.2744716642708,284.1817121214763,-1341.4851892308561,-461.10807740367164,4015.2478823972483,-2631.8811232034145,-3610.397297896278,1382.2444900885068,842.6700197213144,2787.671489900795,2734.451267692772,-5538.533612809978,-1285.566249446815,392.0055914556789,-2322.252729089894,1484.3295010319944,1876.6494006592811,423.1194041166608,-1557.6449950400452,-6973.907799755079,-568.791738354456,442.3721962411731,-1128.4599362709876,-519.5097717069949,-567.5519119618901,2734.420726173598
17026.289170042735,20963.02034682374,-6258.559195040863,13381.712144053892,5880.663478378354,-3919.914074424161,-6362.2462275458365,600.53794967868,-469.63678116675055,805.7291922533117,2290.5830609351915,2147.535561559104,8133.968279925338,-3800.7637027768246,-1844.0324492632265,-5672.971123032097,3263.2265143260106,4701.274224287423,-8175.679346041027,-4635.639955665018,-5292.86715668377,8434.005066968553,3171.047247211998,-174.15894767937118,-560.2797310977359,1342.7411394828016,1707.3541581712952,1662.1549678648937,1263.2732780997728,3036.060001035655,-2670.4461283152195,-3027.8697319725848,3171.256237903683,2980.2456117671873,1252.8364994443607,-5446.651692081361,1814.1483847351246,1098.2486743436016,-4943.001212905244,630.0817074682965,1279.5584885402748,2179.820024012245,2114.5938451406446,4854.628051087093,2703.4927368414105,919.6042787179405,-804.8668754357291,1698.5992853541277,466.8091121625198,4316.8950012204305
18659.679436370276,23667.963808197186,-4527.424514226775,13806.837112203058,6041.795577747243,-4444.497131969712,-4886.161081893249,1189.6143369549372,818.9497781570216,-2160.9979753932644,5677.48478561114,2918.428679658765,9344.727376688517,-1812.4518760213605,-3845.853402123672,-7207.863972159384,4335.593535965997,2935.2056713791985,-11306.779390062631,-824.6601391812428,-1593.9392124440653,7348.316498387359,-1183.7935948582292,-4472.2394025130525,-2170.440792971663,2498.820884562403,1415.4279163831793,2681.3083114429583,377.34278475306616,4726.693732475017,2772.890755672271,-4855.277846274689,-1045.094267413381,-2314.2003707532417,-3548.078332034541,2554.2921036928874,2913.779955721199,918.2760261491593,1802.1020162285554,1142.6309607289413,-933.7004924083641,1122.2872806962637,1779.6702685150915,10256.330551439143,-2136.336648573408,778.1343218828058,2685.7689914327993,-676.9380374210023,1450.40185910928,-6350.6559482590255
20278.259268970593,26145.273568619654,-2605.042918733339,12834.7711791398,5584.876061982401,-3843.6902972541147,-2190.3581383880137,2736.1696519488573,136.25190222663235,-6653.577317568485,9851.964277589019,4783.527586888023,7976.386941961487,2262.744003101316,-5305.2102818879985,-6594.513370398837,4684.697944977277,275.2380710881047,-8406.726904971989,7117.298127588478,4611.532712783269,2982.2640350830993,-6890.2325753928935,-7180.94111984479,-856.5203823596792,195.05837653178,-1154.2919483344895,3230.759380821218,-1572.230086652658,-103.40650181130633,6354.12292508998,1144.1112754476924,-3554.1449168417903,-6147.084053971065,-3323.2031450764475,6663.863261405765,-359.15071597216706,-1055.5924039619224,6650.233272240961,-3110.4454637795357,-1566.928891994364,-3962.960164930334,-1118.7302968951522,-10179.23474158858,-597.8710873941067,-770.7217506474717,-1942.0088459284855,771.2139739301748,-818.5369292895206,3385.862045233079
21519.01267055381,26763.545430750426,-920.2444177202747,7948.306809178879,9091.973861430268,-6143.132772371836,-432.06582883702305,1990.935080597742,-1839.011109968451,-10068.781879957376,9099.000879220515,10431.870449324026,5621.060877825281,8433.305810263195,-6442.9778950544705,-3557.564861342614,1759.6461818848327,-229.6568284038075,1284.9999651309727,13832.926598864695,7980.871696904984,-7677.045888624528,-6720.337295916119,-602.840000865242,-2219.836683897113,-3116.912037898708,-2889.7959596908518,-2170.8363817240543,-3910.2117358657124,-6833.366644563884,-4152.021751028233,8101.087159782158,2986.6752418094347,1926.5668036354734,4890.647833811955,-3923.990104272774,-5419.888295834095,671.776919085861,-5324.532074904752,1015.2248403289444,3067.4474489111817,3067.3245885441256,-0.5413780060371289,4823.672030587922,967.7710630091165,-1099.282830994937,-400.2127227126514,-894.6687541524778,183.71223511234598,-577.6022468203797
-23281.9948319419,17315.305704384413,-2975.1052516684067,2636.6650079714314,8859.103451278743,-8408.840916216333,3777.91031437169,-2675.4489598726586,7960.7675128865885,-8544.217387294895,3248.8211254845196,4114.720550350387,2185.8143871665898,8748.148903939436,2476.182329804068,-2591.4925824838897,5402.559985042434,1693.0975091025557,1493.2444328048705,3560.4881149848707,3883.7761468039307,-7076.146951418763,3992.9958636099277,4603.801006641224,-1050.9471245740165,-1605.6398369848696,-2439.4363247118717,-1713.373966664646,3747.813748525524,413.73551727146116,-3789.97195952824,-4099.991763454028,-2669.6476044498445,2528.07652511006,-2123.7180893716445,-1469.2419637316682,-1146.7619534843536,-718.3498334753093,-1635.5722827629716,-57.48355473463099,-2390.217716314391,-2344.7942005274276,1125.0668087671463,-1012.4123866165648,-604.390253954025,3560.649379301698,647.267164378348,3648.317290964396,-1038.5589429472373,-3440.82259727284
-26199.930300769407,16798.37479123554,-2856.4255133158595,839.579655460631,8118.51357923698,-7417.196453927798,3080.8233975700587,-4070.5693328144444,9498.88526954194,-8232.093890699325,3799.064216857017,2588.4065935214944,664.437893812124,7007.731321112857,2838.6049480140173,-2196.55699631632,5045.577957633237,2791.2871015490487,4078.7287098609127,520.555022749117,1023.4492399734739,-6970.3799158893935,8785.511256539594,8924.215503674875,-2146.4113713948996,-400.347249497492,-2619.631825624482,-2244.5966094656555,2293.4982248137417,2925.4022352619672,-52.177426852526374,-5078.107964588295,-2812.022894538877,835.8357317664169,-2776.223234509177,-983.2123514735252,3099.1596424517156,139.22719039093215,1372.9918389245836,-476.5358276159811,-1949.999660171005,-4685.793569402818,-129.09153792318585,878.178234700335,-1923.998211796567,1603.2011251619067,1461.8522383641287,1464.5515917364473,750.3860913222544,2597.111065037993
-27636.233050378458,15506.6671388806,-2776.387572190665,394.1456550054359,6307.3536656947135,-6718.245879810938,1213.581294670923,-5598.859084129184,9730.857684182778,-6241.34927927763,2049.1963956556474,182.3547167273124,1432.9670523354678,4446.208104854131,423.27057795002247,-1356.1890941092233,3665.2502238021493,4341.290536292035,4884.2175231849615,-2189.805083182306,-676.8495208882198,-2761.2832973108816,7058.532777915968,7943.266608592489,-698.9747524246719,215.144479418967,1361.716526771692,-653.5630792611267,-1592.8451140700336,4651.419971052012,3786.2360083042568,1336.311878683722,555.3338751544663,-734.0250191674347,581.2078166353882,1627.904239968018,4579.132270938176,-692.736745158553,2873.8268880336336,-60.53088915222715,1869.8728311430766,0.034659840206103264,-1035.059756217334,-230.543603500902,1142.4609133911802,-3175.2936158265225,1076.8957831555554,-3758.012121942722,1305.328060787539,1717.9729544572028
-29780.13735678952,15261.961985258979,-2203.7100184312185,388.9161603928635,1988.32323857919,-6798.375688378094,-3144.9179989440145,-6470.23285089997,8567.84412778333,-5348.795301960665,13.517473766432616,-2138.3072903939537,1044.55252450551,1448.0778209392727,-1495.6895000273812,420.004633410136,1433.8781538610665,3036.206897484058,2911.9814360193845,-3255.7133338969006,-1142.8766103378603,1754.7297622136982,4719.470304656293,4036.428658590785,1823.518313824647,-436.10128327095526,3303.2383372509353,654.7816268475862,-5222.431621463403,4555.357580782467,3367.427306462735,6248.3368118720855,2758.3009599082316,-1349.660641490595,3426.810954598102,2916.0358676757014,2321.0713977527857,-808.2535284972948,506.41512498996286,-627.4078921899555,1947.7269741595348,3305.698105544275,-2557.8912120976524,-1228.6480895242878,2720.8495047720426,-2471.0723160783527,-2576.812516902329,-1808.7530934672184,-504.5478388587318,-1870.712792901545
-30701.522006445466,16279.386152374862,-1048.5314150364661,-407.67052833761755,-440.2258589042671,-6513.337803383523,-6644.880336554238,-8155.688620493869,8763.57850481055,-6130.0987970744145,-1170.6633986741465,-4741.346106632264,636.72418057779,-200.6073534560248,-2426.4864314749716,1508.8937105874284,-773.3478717696754,1401.1603664625084,1408.6038870978857,-2084.23800308037,-1103.0355692857404,2949.876971974231,775.0740023210828,426.7102204649813,2764.7525833528675,-1390.9194705623083,3411.18612063868,2137.0818890772102,-5300.318188380403,3187.324893748935,477.6044961339215,5818.626394072719,2118.3687103532266,-362.94069208050195,3154.0212257836283,2491.8924032406503,-319.05359850981284,-608.2932505521134,-684.0444773725259,-1875.6437630034893,478.6154419603838,3629.744507569488,-968.2345945696649,-1075.928592944636,1752.790897127256,102.5218682337747,-2801.132420617703,847.4131690362776,-1616.3738748301046,-614.9205265874432
-30878.141323382984,17070.96937803305,90.76901987228828,-1125.0454114494555,-2044.1726458181543,-6426.786167153346,-7431.495578982966,-7944.3823849634855,9400.025551224126,-6908.1774440606,-2050.4117661799223,-6594.807634029753,-253.37605394704082,-572.8159159492927,-886.7788576658877,3063.661892398454,-2142.476862599163,145.57753120675952,951.5741299137687,-920.1896689677272,-855.2814453872213,2969.5872409133062,-1618.0058628315471,-2201.3546925761384,3051.020158749537,-1745.1015378117793,2334.6406522942902,3020.147567800889,-2361.404999902763,500.8498592088392,-1949.9646969694493,2902.719400675438,708.7358156733932,-541.3589477502128,1205.0055314807387,1906.3556303923108,-2844.1772363603554,312.26158539252486,-1625.0091735400513,-693.9370885229139,-1854.6165067375023,1695.2969695037052,1453.5965189140964,90.35345935435517,-35.88882423106171,679.8640176614583,582.509311532203,1949.0100381693203,-107.34378882654609,58.78984119186336
-29946.79646455315,18023.669504669808,605.0946747039908,-1142.9601646595083,-3471.468174267948,-5425.758022093785,-8040.104520539147,-8334.365285387199,9436.33430175799,-7350.817114842234,-3314.609275307026,-8251.03095255739,-913.0416828902185,-804.701582566319,1035.0071101428248,4349.060879170162,-3024.4709800290175,-1595.4069352373847,-723.4537230859017,135.83463398952875,6.508564404422598,3041.3410142333146,-3901.172777320209,-3490.9852297525676,3171.684901869204,-2197.406232483238,879.0205271201996,1763.646347255703,2178.1856458463526,-1947.1126152984493,-2866.717989246018,860.8462954554014,579.4718514331398,-837.2989324247442,-1034.6838690392412,1321.8137318910497,-3955.4722376581676,18.234366265886308,-1042.515673569285,879.0538814496218,-1846.6736384395801,-464.54989172387275,1972.404243801659,1504.0116066219368,-1704.282117335088,909.4826279935005,2662.6471003137235,1186.3586399899689,1155.6227478169756,-820.2846747926333
-29112.690968294068,19249.88977676326,58.93745846554452,-39.49807728130915,-4262.327352178034,-5024.200441782837,-7985.790165211625,-7951.399065551526,8650.994271960362,-7656.6073509938005,-4620.806604768559,-8393.903498321155,-1418.3621007676345,-1068.8745317409957,1840.8298890842218,4726.940044419869,-2975.5286473868982,-3442.3419707938806,-1808.8226285656058,434.0283516329894,-187.9229174382795,2015.5563046625193,-3876.5717386673823,-3139.5046991244294,2542.356546102714,-2219.070598704088,-77.01547593979858,1375.15544982145,4200.030285575527,-3850.7329954537468,-2055.5144098147616,-1354.7789730988356,-310.75016563124393,-95.6584589337682,-2171.2634103103815,320.33157232084477,-3201.684478484601,-186.8980306208082,-41.702742014835806,2429.8610781955135,-453.74972756579064,-1374.4746499027729,1189.1093145712887,936.3858266201129,-1371.4832034222025,1258.7918800557886,1508.1195263716033,-109.19428691733523,1683.2328345437177,-1790.211005866767
-28919.1366359993,19723.52875524114,-858.9712094088829,1343.1771818505777,-4507.993165911251,-6542.950408439866,-6536.666870641133,-6311.10620817651,5979.301293548823,-7563.282295547894,-4763.579230642885,-7540.547039206039,-1329.4566116724968,28.85565363193689,2660.9104964449684,3490.3229174500702,-2220.3993403958784,-3486.706982237466,-2389.7565646868843,-223.96339887508114,404.39722258530435,780.8868128531259,-2170.598430054404,-1517.8566252439623,1392.6873103567077,-914.7856587005954,-224.31788495045717,1011.5885185959518,4721.448162177426,-4809.8116410774455,43.507801055740224,-3322.505299882518,-1248.9326898922025,215.038966221659,-2417.608993870282,-1181.629180702853,-1577.230774628492,-316.8923685726266,560.6529416686896,2797.7454247203987,760.5930399643016,-1243.463577807162,-614.7346790673259,-414.64466520253114,-1178.1809211230102,670.8885302871497,-541.4780260482999,-790.2822384580944,338.9994405945817,84.65187672325557
1477.4393408268459,20821.728553234523,5737.5700684669,7869.145943018129,-16179.434443216287,-3911.333537258358,-8103.695764878157,-3078.1849386533822,-5853.436163691375,-10486.080809749385,9058.012893982977,-9363.585693036019,-5588.660718796164,-1004.162424180189,-2275.6696907787627,-1895.5933685013986,-3255.9741405706504,-4382.4016596070305,1323.2380263253212,2709.404339701257,-950.4138162370493,834.9250962750563,1211.7312081740954,-184.0933416961326,1305.4586004409678,877.3430426263268,468.1108301255673,-2176.690984731518,2174.1155952867584,-6864.897541210063,5775.438561182584,-3511.0191015372734,2631.1860546648313,1340.1801848473785,-806.4077283052167,-4522.941832305882,4776.619374054676,106.6332813970843,2767.0017113414965,2714.5938036964903,1940.1212276857648,-855.7687542190193,-2289.006928410413,45.560505324904085,1358.113732816448,-691.5980797002508,-1859.7230687366457,-1904.0466799323965,-1236.1820453432672,6543.798276762356
16401.58408971741,31846.2879294447,187.48574754071385,1993.8015806531184,-1232.3846171513383,-2971.135660057665,-641.9670174099259,1243.970485520757,-6714.281528050206,-8197.70790330225,-7759.380219564462,2278.9600827385825,-1894.3929041521947,1339.0829083721696,587.819751638797,2809.172238101468,-8168.6753533744195,-6961.427133622658,-1841.5184915246623,-745.4929429119424,1353.1089943557197,-2148.9953812378562,-1900.6719566194129,-401.28212948630636,-1327.6750355053189,4967.966371183933,-1840.6696741904327,-6426.433974152013,4539.7853775572485,-1733.5551527699,-216.91386633852747,-2666.103644918991,3132.967196542062,-1156.7899440694541,-1183.7420528319124,-1064.8530729152235,7144.663733214283,1261.9583966278874,-934.7737844632535,-2482.7407141106723,3102.4619814062994,-114.97121588530318,-3556.527594043223,913.7232810840684,-204.49023168339573,-3178.476443206796,-2832.6736602593255,791.504962020059,568.2224582142685,-1909.2330853136493
12674.416244865344,32117.999568723844,536.9809448283603,806.4339805862484,420.18873549402605,-1915.5471646536555,685.4095452721505,3520.292256707594,-6896.600913888631,-9237.68637542069,-8897.489636575421,1274.5003030799396,-2684.2081151855496,-50.65408745194188,2806.2357888015426,3214.8476460321813,-5881.901767859252,-6690.282588259906,-4181.137036168792,-3442.7650253301754,2434.3225191094293,-3427.851032040178,911.6886549450294,-489.4425576363741,-3876.525322292304,3631.0318895343,-3144.3290331231374,-5013.842030728672,1685.6400093524958,2281.1728994463047,537.5115556090211,-71.85936131271671,1099.755759137381,-2171.5423804214597,-1324.1484273603737,-351.6797694683972,2610.692535325444,546.1380133585556,643.4266472118342,-3513.126011375476,488.59706501949813,2204.953514817342,35.63822602097877,600.2756008165832,501.2796798428703,-582.9370750408794,-2909.750680141571,1477.4823465905615,-931.0769500781674,-3331.71818016266
14087.952571749605,31712.58721169677,2234.977684383166,-809.2166360828504,1360.4635503970612,-301.2863087380974,1106.4356636845425,5467.1808057987955,-9355.582284355196,-9387.211798746344,-7675.948710296191,81.032901798741,-2684.131896506793,-2063.1734792187503,3994.1606178829443,2408.7553494835042,-3869.414941396534,-5083.247865737331,-4443.9447048409575,-4298.907569933783,1294.3417149692505,-3606.3854317092632,1692.794252512549,276.3473702246596,-4493.309953736911,2670.9436065863197,-1692.3438201843735,-1893.3583078148977,-3634.550944420026,3585.1802144282333,1725.8418007163134,2073.4382105192803,-1030.3617767193823,-1178.9826881887668,-390.0441013011434,-2.565846610229455,-1691.852912826119,-11.571769518854982,1489.2534562987814,-2803.2743116693578,534.5425867532997,3764.778765308204,2396.7602126713296,-986.5448541110079,1961.657643126958,2614.8785483588445,3209.786393638068,-91.02664659651074,-950.7697686799495,210.45591805984515
16312.733686976944,32144.120299321006,3164.257897699792,-3110.678897299646,1878.8905638009874,1657.6508434723557,1931.486310875608,7655.802697178216,-10686.81223404491,-8491.364213990135,-6015.51477528997,-768.2674153244288,-3328.796631359504,-2737.523100224104,5383.463395445474,2201.037933685245,-847.8508543394898,-3624.7716639812325,-3719.3388950796907,-4909.423827453498,308.59243332463365,-3001.0970182484157,2293.833488369551,-361.6587086543518,-2895.869030963056,914.8410812256226,579.5495813351603,1432.6015611615137,-6394.207887430805,3829.6337288296777,2998.3018590888373,2417.9476752865507,-2390.0987735397885,1053.279964497161,1853.1892372409131,-707.4964269447662,-5327.663261419086,218.37185621793984,260.5121847675099,426.2996767437582,-165.3996500055721,1387.366713151817,1788.051409903254,271.14481842794413,1236.6840838340456,3311.6232637467124,5163.634003161978,-720.2761244854597,-938.082262990128,3214.9888911441813
17355.95612740342,33525.426443673656,5646.5544500482665,-4246.126285915591,2207.0618365073287,3414.2456173485857,3604.3769255614975,10455.662823787914,-11038.11620067731,-6531.2329906053055,-2968.827233126405,-1794.5721220449739,-3580.2424749757415,-1479.0078530348285,7232.080899159914,1775.6253070551004,2954.5394327346767,-1568.4908928320654,-1426.8722310517194,-2766.7284019447175,-243.4994267800483,-2378.331673315362,1995.08710460907,-1689.9560993729096,343.961871699299,-3542.641864353812,1678.461217844296,5580.764229217481,-5263.955022978843,1806.0262540692902,2588.065213477332,-1248.4371280943285,-3946.3255430600598,2005.0075864533862,3913.1301026163937,-1526.8349164501335,-3277.342859944917,-1522.09319025927,-2615.2816694750964,6499.298470550396,-3555.4305745963507,-5551.2670557394185,-2540.3795977964487,69.99671607928214,-3429.650644945264,-806.0625485648106,-3095.930209749526,19.791030308730985,2693.218839063219,1748.9404085468434
18107.19914551275,35338.5530004616,7212.297218056063,-6807.582036228846,3198.00562833988,4728.800376913446,6053.978631962205,10971.035888213983,-11365.078191714703,-4316.933473331834,1541.0955782407452,-2326.449554736147,-3242.2195085344665,598.5434856015152,6773.069589009002,1457.0988920654304,5962.016827302469,2406.794325505755,2804.8659523974393,839.7413063416042,-717.629220797117,856.882645962099,-456.02738531805085,-1720.1223096065755,5209.332931201994,-7406.494345113601,5245.295047023749,6078.74129625324,801.3344612240522,1120.1762812026088,-5114.6069269838445,-680.9004690234028,-1882.5986274886286,3397.9980355810876,2083.463345468925,1414.026701813855,4346.311984766692,-1956.5439980885265,-1667.9291769146566,1263.8435108205535,-82.13175486582064,-4490.693320743209,-4637.526759815317,-366.9133659284075,-1892.5672319483704,-3280.114649400311,-1639.1091164553823,-2565.6302342578374,361.1181871109473,-4315.833069576298
22043.370713192384,35696.98938799552,9091.37373291221,-8775.974132848369,4091.5003497476305,6577.184190241288,5834.872871805842,10795.897408891085,-11543.829290339552,-1338.2326981533693,3016.7881990589735,-2415.475407819206,-4143.512772682382,3765.60117732487,4166.436462287889,905.2232632100412,6148.6836027421,5654.1762710333005,4703.1328979116215,3056.469574506906,-825.5949912717169,3422.390345492964,-1731.6157441099826,760.6566391857061,8203.373992172968,-4445.300923513897,4915.935601324625,1490.0791975979432,7967.201791071155,-1010.1030473147675,-5014.729740438376,855.4031008105155,3534.4958227466605,-1583.74225775693,-2993.0596519817936,2994.1209379361703,4080.0964778024554,521.3712928575362,2631.2704607014152,-2351.2684745146707,2453.9970970504187,4271.404153255591,5347.846657069539,-396.8082084030238,4836.256878852457,1195.3796473204197,483.8162299092597,-1750.8329644882224,-1196.5591260042825,734.2346477066184
-8449.564173140569,23397.201585232775,3676.370701651062,-15593.869714851968,11640.861847359614,8032.0885535285925,7806.740917815344,10328.580513382587,1741.0112737305597,6069.672307041462,-7154.1394077566265,1529.1165255016297,182.51519064734688,6923.444213824046,6574.781695377777,2437.2377695698133,4218.247702882109,9350.585561620195,3067.535611618139,-787.53424266762,2805.434300538383,3577.4435251214095,-2373.293801879592,140.93548306061416,2774.075569187987,2420.0420157383046,-2788.7293109482644,-2634.271573555849,5103.4906157996675,-969.2773353400769,1559.3169661890183,806.6923177459809,5575.86109810609,-3051.6084125327857,-1158.7146895522092,2934.9292472420407,-4175.352445895438,-919.5670924215965,2845.372014719842,2.4426964041207655,-1321.7248753365018,3820.440830414369,-1345.193989652267,975.757823644736,-1025.065449332308,2144.8182475082635,1892.1062559496886,4638.055112725906,-678.7956688907012,2479.7499193946
-22290.962368013155,25896.174350078472,7602.073121758205,-14990.019395554295,2759.796479796531,5333.209608955438,660.3672549184706,5620.669159773101,2464.749201452672,5491.601051589826,1914.446897884534,-4356.1297913623,-878.4053834092588,4670.991522656987,2702.350603479227,758.9825733849007,3783.223698261355,9398.922374723777,6481.5341735859465,-385.51573521462916,-3317.3070302196884,1988.268586255418,-1302.3154408906491,-2162.961428619342,-2352.608040375543,4208.104105900576,-5838.4483020943435,-3222.1991244457404,-1666.5585801201005,-4211.762671939382,6009.902916547665,-2285.6339655546885,1055.3787571816079,-3103.6953216215834,-1875.554135043279,-1481.231277444118,-3299.6722142317194,2025.45595413978,320.4298669720819,3635.2638921834173,-817.7883276221143,3037.7596868843343,1166.4465967729207,1450.275409284602,-1841.0484115914155,-827.8337858350344,-632.6173165241688,-1616.1600687839932,183.0285643486299,5.756958635632683
-24204.824845068153,26325.366236305865,8439.894197021582,-15653.072514904017,-538.5993608575869,4355.652661607359,-109.6232496613476,3128.1567536016937,2167.8556591867846,6346.065139533818,1698.7608408173055,-3445.2399500566185,-1058.7624898196752,2179.3471098906184,-1000.5918670199333,-467.8917345172519,1654.5454379345163,7264.7180292456815,4981.443407333937,-1702.3847494007296,-4215.222608563941,2705.251288497888,-2646.116331527616,-4532.0465835133455,-3621.23786622906,4825.920197989826,-6629.211348533915,-2218.582143261288,-4776.511444356264,-2859.633952813238,4091.2850718569134,-1634.5563219864077,-2042.7086984818072,-215.01396384022877,1048.1111562829885,-2798.980404022589,-946.5154349233277,2601.5600510078257,-619.5833552172908,247.1100180736523,94.6570296030801,-951.2934128179031,-495.06580206987434,903.9355291508524,-22.47829402021577,-1749.4258323493748,-1713.030633883552,-1460.9359023670497,880.0527235635344,-1544.0325658973004
-25738.38898836758,27260.849051287754,9459.057972986739,-15791.875010074255,-2673.9645909198152,4073.354099542131,-837.982352937359,-1097.72814294402,2616.1984715315216,5896.203731983425,1708.9327797794044,-1625.210948685558,-809.6145592642505,426.8803959635563,-2653.7508667897187,-1351.6897247878762,-360.69997539400765,4239.270434259711,2968.9615881137765,-1075.1341488007847,-4179.570263486903,1526.6367863267421,-3866.261405526196,-3660.964379438126,-2844.6376596352075,3312.540402742638,-3186.4627929432504,-196.36782879625216,-5224.194371208548,-1251.2360129852343,-1353.8684105916666,-396.48941143026684,-4734.772585841547,2911.9589496045905,2990.0525384160724,-1787.4254034140652,4058.896225955575,2166.4437930561585,-2353.1435278765275,-3184.5704369270757,1365.002106128292,-3505.229898953472,665.4047004979146,-1008.1616904909872,1181.1748692412873,-1292.6361083002007,-1604.9763248553925,-868.3220716454198,-586.133826027562,-2567.0108713548393
-25687.82240843052,27536.733835913856,8541.786514125619,-15498.433658228525,-3768.4133010485466,2922.5429912281584,-976.5785534167214,-3452.310948986163,1337.7015896323499,7312.764680391965,1276.7199313606247,1394.676672653637,208.06885731926323,-1144.7079995118727,-3686.5003425946693,532.4769945414112,-1697.1561183146837,497.38736778867934,1154.9451040928798,37.04980939372443,-1707.644896439027,779.8935451826951,-4925.165355076774,-2219.517236715888,-3836.446244861242,249.24317611698285,573.8022995100191,-987.4214946114507,-1994.5207149270411,622.3207543706081,-5748.60618432021,6.922178310709103,-3386.966041107234,3651.605921333632,1812.692036665726,19.814648219623418,5087.975568386787,-510.34892910133243,480.47506283344427,-6159.355905880606,1575.4759366359078,-3101.3278829587393,1150.1494163459874,-1132.357635809515,1297.9526916120599,922.5711696223663,1887.6485864017495,1906.52869040714,-1511.2405104561667,1300.0187385652673
-24595.4814578833,27335.76388669006,7674.864490927187,-14778.450793548858,-3820.750294023126,2456.3929179183447,-892.7779677987321,-3757.984588606042,-520.8984013173698,8926.294790713526,1575.187284606882,4246.207546279905,1343.2409213312674,-2828.118299565221,-4378.209747175541,575.6559642428591,-2042.0764854948675,-1898.71201095747,-528.3026367990909,669.6284097931887,-167.68080998011752,-227.0910098116892,-2680.8838319109686,-999.4854340747411,-4122.937559930988,-1775.4206056357677,2217.1902431540584,-2052.02719077394,432.4038879372256,1861.782680234516,-6610.7544025686975,-290.29377152925923,-3607.834148018242,2523.1610206432015,1267.7226749938327,1244.4292797885603,1098.74444578157,-3052.421693014946,3666.4097184022908,-3562.7910263935,1275.5687356194164,349.4512254676229,83.39137506825674,57.42312047546956,390.0212467569439,1953.4408428716924,2508.3991556349065,2100.4314865569286,210.17994046080548,4326.202020378506
-24303.663704903043,27590.66849073099,7096.025584497291,-13217.160655974085,-4730.145945830154,2393.8931339947726,138.74851014121876,-4142.388893742,-632.832062927809,10644.55414450722,1351.3570017016682,5428.042920883942,1490.3958105689285,-3520.6446668682556,-5045.873701379589,-336.07956199046254,-2437.357054157022,-4919.5658956284915,-2502.4012461613866,1692.641031213795,183.71480929507354,-1194.4750171925004,-7.078168118596274,1376.8589748145341,-3599.505714575886,-1723.240954932691,2100.523044163262,-2889.1975104328126,1980.5956667798007,1721.2972399110815,-5061.724718919485,-2008.2979599030007,-2513.902047384244,837.4039642603781,252.59449338303895,1460.2082408768636,-2286.8118617282216,-4491.220422608189,3073.7389294541335,2863.14780370399,-1350.9143944049001,3442.4863340959723,-884.3119894360505,51.719514345006374,-1176.8419136969587,481.9390437750451,-383.156758254973,-1726.5845689077464,2044.111289235987,3287.0637727482344
-24427.27203400239,27474.346001995043,7412.662685678845,-13534.380629844625,-7412.369223095215,4856.731564049069,2401.5013429710616,-3638.6418713467215,-366.8870482079505,12940.970145463538,1956.8368496828632,7808.992140110518,2311.4742926117947,-3583.746771553251,-5139.488879552461,-20.401267228654095,-3082.3287473836326,-5983.212376158285,-4936.361358666488,2416.0323830295188,2487.74314581276,-2222.9396314813334,2793.817446731083,3983.537701198433,698.6031139872539,-775.5877508426258,1196.2260949012136,-166.07662992050834,284.87536489745645,1122.6677925402755,-80.23204568469497,-1870.4624627808678,2208.3268536261985,-1453.8669239413607,-2058.7906178695366,1203.99596314128,-3146.2165578466156,-1567.7202211832384,670.0238313400027,4309.882248138212,-1923.263525998571,1475.2767891199605,-1594.5419579416953,-186.06114249654084,-974.1759876260543,-204.73776273132512,-1468.2046392066648,-3037.0321793918697,807.9963049569526,-1690.368272604475
-24193.440232798235,26817.08187932255,8102.848299656509,-14316.102135136864,-7707.004939339669,6930.0217428226915,3397.0618656295765,-2593.863902173727,382.1559895671551,13388.661639349646,3491.4702648527823,8120.345705122906,2717.6622580363924,-3036.612851355747,-4861.849236962434,-216.5708584637916,-1337.5313754982321,-6971.787763527559,-4394.099351192053,1806.1666451674114,1967.8220125280857,-1708.3761004397347,4016.3958003654943,3854.5160331457587,2910.1899471581337,-295.74814316275695,1383.7074063470247,3164.4737673836084,80.39235072150313,64.53522888391262,3582.502359439631,-58.65313809692027,3915.3107044867684,-1525.8582105023409,-1346.8635724152762,101.35290590983405,-1494.3896990611158,1244.2387965486384,-1854.6181384320244,3994.73998902094,-1396.546695861395,-656.2851201645302,81.27931074151648,-627.2300895551717,571.2425007183123,-347.62511589045965,-1066.1527226723474,-1843.9096010889132,-1161.3836327129682,-2736.6711142526815
-7844.52806370066,25913.039445802857,12810.236359254315,-8689.882959180342,-15311.871632379432,10207.68924764509,3660.0012798647736,-79.99713810680412,-557.0853224687706,7801.469857096223,10333.67278441934,-1489.6982224434164,-2045.5627370979457,-2789.6197819021086,-2331.8539777468054,-4758.221413792088,1060.5004151302655,-7828.52065345729,-1859.7556445153427,-374.81285088072735,2588.531036808123,-1105.482689025735,8039.768366312895,2698.975250137561,5254.085316103739,-535.6307774981269,414.85304390887745,4508.308194209148,3618.619621266352,-943.9302549341405,7111.320149843968,3861.1593296201077,3599.833490413292,-1533.948239754685,-431.3842750033988,-2652.033360268621,203.45462887212497,4530.5810442246575,-4703.010729339609,-4077.7110905349114,1564.191917564089,-2007.9558209513127,1480.0529988806582,15.04965679056271,-223.02002046977267,-1005.3040430359284,2947.7482456547,5604.288617825319,-856.2552243026458,-1602.395988017735
