1.4242263381389617,-0.002298840329834276,-1.7303196219213357
1.417146471497046,0.138599074532507,-1.7268555185741459
1.3959776112584914,0.2780891840042021,-1.723391415226956
1.3609312696773073,0.41477774902070985,-1.7199273118797662
1.3123576182137926,0.5472990226236174,-1.7164632085325764
1.2507419887370557,0.6743288960527936,-1.7129991051853866
1.176700024249409,0.7945981288034277,-1.7095350018381965
1.0909715275849945,0.9069050304575975,-1.7060708984910067
0.994413069544409,1.010127467577701,-1.702606795143817
0.8879894303224114,1.1032340756928352,-1.699142691796627
0.7727639597431304,1.1852945643516664,-1.6956785884494372
0.6498879526201168,1.2554890122771067,-1.6922144851022474
0.5205891453991365,1.3131160597486848,-1.6887503817550573
0.38615944902143856,1.3575999163570338,-1.6852862784078677
0.2479420405766789,1.3884961141113312,-1.6818221750606779
0.10731794272143712,1.4054959484165408,-1.6783580717134878
-0.03430777504266427,1.4084295625476837,-1.674893968366298
-0.1755200353589641,1.3972676448020847,-1.6714298650191082
-0.3149078920009488,1.372121721372219,-1.6679657616719183
-0.4510786275805519,1.3332430420128603,-1.6645016583247285
-0.5826716691199219,1.2810200696365848,-1.6610375549775387
-0.7083721824468744,1.2159745989207567,-1.6575734516303486
-0.8269242095833113,1.138756542707594,-1.6541093482831588
-0.9371432178621756,1.0501374382898834,-1.6506452449359692
-1.037927935386305,0.9510027384653855,-1.6471811415887792
-1.128271354573196,0.8423429643851721,-1.6437170382415893
-1.2072707938418983,0.7252438085937056,-1.6402529348943993
-1.2741369169089811,0.6008752871478206,-1.6367888315472094
-1.32820161957576,0.47048004920303665,-1.6333247282000198
-1.368924705204603,0.3353609608739633,-1.6298606248528298
-1.3958992821851686,0.1968680874267528,-1.62639652150564
-1.4088558294608777,0.05638520387323118,-1.6229324181584501
-1.4076648894942159,-0.08468403125160155,-1.61946831481126
-1.392338361763657,-0.22493010078166742,-1.6160042114640705
-1.3630293838680096,-0.362951712349409,-1.6125401081168806
-1.320030801426147,-0.49736979963591954,-1.6090760047696906
-1.2637722420603852,-0.626841301545746,-1.6056119014225008
-1.1948158226993006,-0.750072581629393,-1.602147798075311
-1.1138505330911876,-0.8658323536711101,-1.598683694728121
-1.0216853516462436,-0.9729639842937499,-1.5952195913809313
-0.9192411623917087,-1.0703970496571389,-1.5917554880337415
-0.8075415538030659,-1.1571580307792573,-1.5882913846865514
-0.6877025914463535,-1.2323800406160983,-1.5848272813393616
-0.5609216666199446,-1.2953114857104633,-1.581363177992172
-0.4284655324165013,-1.3453235758653406,-1.577899074644982
-0.29165764674481043,-1.3819166068077005,-1.574434971297792
-0.15186494877582632,-1.4047249530684147,-1.570970867950602
-0.010484200938335325,-1.4135207211910839,-1.5675067646034122
0.13107196706953458,-1.4082160267681199,-1.5640426612562224
0.2713891728092943,-1.3888638725526985,-1.5605785579090325
0.4090654131438948,-1.3556576188727687,-1.5571144545618427
0.5427250725896284,-1.3089290516385717,-1.553650351214653
0.6710326680113203,-1.2491450672475017,-1.5501862478674628
0.7927061923283713,-1.1769030075096356,-1.546722144520273
0.906529923905723,-1.0929246912058248,-1.5432580411730834
1.0113665736425788,-0.9980492019130364,-1.5397939378258934
1.106168648389158,-0.8932245041586154,-1.5363298344787035
1.1899889171519906,-0.779497971672088,-1.5328657311315137
1.2619898755128969,-0.6580059223730639,-1.5294016277843236
1.321452113696286,-0.5299622646582086,-1.525937524437134
1.3677815046738326,-0.39664636842980266,-1.5224734210899442
1.4005151404853504,-0.2593902820545824,-1.5190093177427542
1.419325957462111,-0.11956542297678144,-1.5155452143955643
1.4240260041389123,0.021431125031650497,-1.5120811110483745
1.4145683192029888,0.1621905710702729,-1.5086170077011847
1.3910474007159255,0.30130649328315573,-1.5051529043539948
1.353698261920262,0.4373888913611592,-1.501688801006805
1.3028940830648625,0.5690780749655454,-1.498224697659615
1.2391424827112196,0.6950582493043986,-1.4947605943124251
1.163080445776591,0.8140706621192312,-1.4912964909652355
1.0754679589912608,0.9249261807214724,-1.4878323876180455
0.977180417362349,1.0265171734132115,-1.4843682842708557
0.8691998775162717,1.1178285765769886,-1.4809041809236656
0.7526052453135481,1.1979480368559294,-1.4774400775764758
0.6285614957780891,1.2660750270868983,-1.4739759742292862
0.4983080330518392,1.3215288449032965,-1.4705118708820961
0.36314630667828807,1.3637554140880983,-1.4670477675349063
0.22442680794883574,1.3923328207202563,-1.4635836641877165
0.08353557624021482,1.406975528799137,-1.4601195608405264
-0.0581196498327889,1.4075372332258524,-1.4566554574933368
-0.19912349807624746,1.394012321635445,-1.453191354146147
-0.3380671046481875,1.366535930473785,-1.449727250798957
-0.4735621909603948,1.3253825947588715,-1.446263147451767
-0.6042549348991533,1.2709635050176848,-1.4427990441045775
-0.7288394977683071,1.2038223988063599,-1.4393349407573874
-0.8460710717978488,1.1246301278642605,-1.4358708374101976
-0.9547783178516812,1.0341779551851558,-1.4324067340630078
-1.0538750690610743,0.9333696489789407,-1.4289426307158177
-1.142371183444971,0.8232124525184354,-1.4254785273686281
-1.219382437081376,0.7048070200975436,-1.4220144240214383
-1.284139358980489,0.5793364196573828,-1.4185503206742482
-1.3359949193844882,0.44805431196248474,-1.4150862173270584
-1.3744309946749853,0.31227242443683917,-1.4116221139798684
-1.3990635442929538,0.17334744481708267,-1.4081580106326788
-1.4096464479450506,0.03266746557708063,-1.404693907285489
-1.4060739647562266,-0.10836188543321924,-1.4012298039382989
-1.388381789797598,-0.24833148955663004,-1.397765700591109
-1.3567466974330964,-0.3858428167765452,-1.3943015972439192
-1.311484775048457,-0.5195218993665872,-1.3908374938967294
-1.2530482648105445,-0.6480330601219463,-1.3873733905495396
-1.1820210450131141,-0.7700922580044968,-1.3839092872023497
-1.0991127961579026,-0.8844799178564045,-1.3804451838551597
-1.005151910061651,-0.9900531159919584,-1.3769810805079699
-0.9010772128388922,-1.0857569999132497,-1.3735169771607803
-0.787928584461755,-1.1706353280476347,-1.3700528738135902
-0.6668365686230197,-1.2438400241974399,-1.3665887704664004
-0.5390110767172461,-1.3046396512369924,-1.3631246671192105
-0.40572929880607167,-1.352426719390596,-1.3596605637720205
-0.2683229423572839,-1.386723756069565,-1.3561964604248309
-0.12816492626401663,-1.4071880766204967,-1.352732357077641
0.013344336907006562,-1.4136152083170515,-1.349268253730451
0.15479093337492666,-1.405940933383843,-1.3458041503832612
0.2947615755038597,-1.3842419306392273,-1.3423400470360713
0.4318577229057986,-1.3487350093458919,-1.3388759436888815
0.5647095561938643,-1.2997749429243712,-1.3354118403416917
0.6919896637648202,-1.2378509241743039,-1.3319477369945019
0.8124263048570288,-1.1635816774216796,-1.3284836336473118
0.9248161163637535,-1.077709276429904,-1.325019530300122
1.0280361364395532,-0.9810917298440445,-1.3215554269529324
1.1210550247638327,-0.8746944082520716,-1.3180913236057423
1.2029433673524128,-0.7595803985210541,-1.3146272202585525
1.2728829629548364,-0.6368998817845897,-1.3111631169113624
1.3301749982507982,-0.5078786412131259,-1.3076990135641726
1.3742470301618512,-0.373805814393699,-1.304234910216983
1.4046587055134172,-0.23602101269330467,-1.300770806869793
1.4211061608981468,-0.0959009363049328,-1.2973067035226031
1.4234250587786412,0.0451543812856854,-1.2938426001754133
1.4115922294938037,0.18573556197186836,-1.2903784968282233
1.3857259027624367,0.32443796506616235,-1.2869143934810336
1.346084526370968,0.45987572200576793,-1.2834502901338438
1.2930641838486048,0.5906955834931146,-1.2799861867866538
1.2271946369316342,0.7155904407155199,-1.276522083439464
1.1491340323592751,0.8333123855443639,-1.273057980092274
1.0596623258890085,0.9426851792206206,-1.2695938767450843
0.9596734892364714,1.0426160049437152,-1.2661297733978945
0.850166577805581,1.1321063869357622,-1.2626656700507046
0.7322357484571799,1.2102621668814855,-1.2592015667035146
0.6070593270553726,1.2763024380625305,-1.2557374633563247
0.4758880350249799,1.3295673479192691,-1.2522733600091351
0.34003249255650564,1.3695246910794516,-1.248809256661945
0.20085012332242266,1.395775226978362,-1.2453451533147553
0.05973159154854117,1.4080566689385727,-1.2418810499675652
-0.08191309304323387,1.4062463048517218,-1.2384169466203754
-0.2226686635859716,1.3903622232773383,-1.2349528432731858
-0.3611287369464147,1.3605631327079344,-1.2314887399259957
-0.4959098658403607,1.3171467758062099,-1.228024636578806
-0.6256653617806214,1.2605469544587862,-1.224560533231616
-0.7490987507432214,1.191329195371155,-1.221096429884426
-0.8649767271073027,1.1101850995117701,-1.2176323265372364
-0.9721414764372013,1.0179254318637863,-1.2141682231900466
-1.06952224398157,0.9154720205293513,-1.2107041198428565
-1.156146033300908,0.8038485461279213,-1.2072400164956667
-1.2311473281263516,0.6841703135179042,-1.2037759131484769
-1.2937767403121387,0.5576331080391739,-1.200311809801287
-1.3434084974742404,0.42550124762123415,-1.1968477064540972
-1.3795466955011695,0.28909495013639536,-1.1933836031069074
-1.4018302534639422,0.14977714221919636,-1.1899194997597173
-1.4100365214173587,0.008939841354006233,-1.1864553964125275
-1.4040835050446594,-0.13200975270355456,-1.182991293065338
-1.3840306849176363,-0.27166331820140416,-1.1795271897181479
-1.3500784221864166,-0.40862548287641937,-1.176063086370958
-1.3025659566370837,-0.5415277660528419,-1.1725989830237682
-1.2419680171198766,-0.6690422520488204,-1.1691348796765781
-1.1688900782154317,-0.7898948582709765,-1.1656707763293885
-1.0840623105329288,-0.9028780654264945,-1.1622066729821983
-0.9883322850867231,-1.0068629826567554,-1.1587425696350087
-0.8826565046469275,-1.100810627041646,-1.1552784662878188
-0.7680908466799345,-1.183782304773428,-1.1518143629406288
-0.6457800133697713,-1.254948990275001,-1.1483502595934392
-0.5169460941322906,-1.3135996095494091,-1.1448861562462491
-0.38287635490168664,-1.3591481449961784,-1.1414220528990593
-0.2449103761947784,-1.3911394907054717,-1.1379579495518695
-0.10442666846532593,-1.4092539997258922,-1.1344938462046796
0.03717110151678779,-1.4133106778711704,-1.1310297428574898
0.17846813563989625,-1.4032689921542365,-1.1275656395102998
0.318052640645626,-1.3792292757794353,-1.1241015361631101
0.45452993430047245,-1.341431725646309,-1.12063743281592
0.5865363805996222,-1.290254002381581,-1.1171733294687303
0.7127530147671932,-1.2262074568790031,-1.1137092261215407
0.8319187219162504,-1.1499320210502653,-1.1102451227743504
0.9428428376919021,-1.0621898138368646,-1.1067810194271608
1.0444170449959636,-0.9638575263695539,-1.103316916079971
1.1356264479250147,-0.8559176623603806,-1.0998528127327811
1.2155597122748147,-0.7394487212503414,-1.096388709385591
1.2834181712904011,-0.6156144221994982,-1.0929246060384015
1.338523805680313,-0.4856520765897951,-1.0894605026912114
1.3803260181612311,-0.3508602252187152,-1.0859963993440216
1.408407134844017,-0.2125856637089054,-1.0825322959968318
1.4224865784931615,-0.07220998577146903,-1.079068192649642
1.4224236719617669,0.06886422122166795,-1.075604089302452
1.408219043791101,0.20922739042715802,-1.072139985955262
1.3800146219304186,0.34747705945620483,-1.0686758826080722
1.3380922156398098,0.48223188331512973,-1.0652117792608822
1.2828706997452266,0.6121454363479524,-1.0617476759136926
1.2149018293796783,0.735919665276489,-1.0582835725665027
1.1348647270283405,0.8523178589195977,-1.054819469219313
1.0435590969611537,0.9601770050025316,-1.0513553658721229
0.9418972348521232,1.058419410591119,-1.0478912625249328
0.830894912422503,1.1460634700433383,-1.0444271591777432
0.7116612281855125,1.2222334728884228,-1.0409630558305534
0.5853875257006403,1.2861683536363944,-1.0374989524833635
0.4533354900625698,1.337229296092886,-1.0340348491361737
0.3168245415608015,1.374906116199373,-1.0305707457889837
0.17721865246824986,1.3988223596236518,-1.0271066424417938
0.035912718681146476,1.408739063167087,-1.0236425390946042
-0.10568137761962955,1.4045571424058996,-1.0201784357474142
-0.24614887502863617,1.386318381709975,-1.0167143324002244
-0.384086268744139,1.3542050167472544,-1.0132502290530343
-0.5181153339241681,1.3085379136451796,-1.0097861257058447
-0.6468968964535726,1.2497733630024064,-1.0063220223586549
-0.7691442135290747,1.1784985207839835,-1.002857919011465
-0.8836358303680549,1.0954255416530223,-0.999393815664275
-0.9892277845809504,1.0013844633567253,-0.995929712317085
-1.0848650362653223,0.8973149132635857,-0.9924656089698953
-1.169592009615819,0.7842567199173069,-0.9890015056227055
-1.2425621407217307,0.6633395234137436,-0.9855374022755157
-1.3030463361537703,0.5357714884104391,-0.9820732989283257
-1.350440257824595,0.402827232544765,-0.9786091955811357
-1.3842703613352167,0.2658350908758077,-0.9751450922339461
-1.4041986274741047,0.1261638435995324,-0.9716809888867562
-1.4100259395934076,-0.014790960350442611,-0.9682168855395663
-1.4016940731166818,-0.15562094716652256,-0.9647527821923764
-1.3792862772996146,-0.29491899017264056,-0.9612886788451864
-1.3430264434309782,-0.43129326936888557,-0.9578245754979967
-1.2932768677848787,-0.5633811780368818,-0.9543604721508069
-1.2305346316761516,-0.689862937455667,-0.950896368803617
-1.1554266347881657,-0.8094747836944483,-0.9474322654564271
-1.068703331398424,-0.9210215947240228,-0.9439681621092371
-0.9712312320874882,-1.023388831681053,-0.9405040587620475
-0.8639842458516742,-1.1155536749719812,-0.9370399554148576
-0.748033949126317,-1.1965952439482845,-0.9335758520676677
-0.6245388789482165,-1.2657037980415387,-0.9301117487204777
-0.4947329572365529,-1.3221888274234914,-0.9266476453732878
-0.35991316185294164,-1.365485952352025,-0.9231835420260981
-0.22142656762734653,-1.3951625622669837,-0.9197194386789083
-0.08065688683169808,-1.4109221382918782,-0.9162553353317184
0.0609893564157736,-1.4126072159524914,-0.9127912319845285
0.2020968796745576,-1.400200958509851,-0.9093271286373384
0.34125578321619293,-1.3738273251873607,-0.9058630252901488
0.47707563727631913,-1.3337498326112143,-0.902398921942959
0.6081993747692326,-1.2803689218393766,-0.8989348185957691
0.7333168506536579,-1.2142179572868927,-0.8954707152485792
0.8511779324688926,-1.1359578975249722,-0.8920066119013892
0.9606049912451284,-1.0463706912014226,-0.8885425085541995
1.0605046679828576,-0.9463514640682291,-0.8850784052070098
1.1498787981345524,-0.8368995751809533,-0.8816143018598198
1.2278343849349027,-0.7191086316333646,-0.8781501985126299
1.2935925219292876,-0.5941555615968851,-0.8746860951654398
1.3464961755496072,-0.4632888548433307,-0.8712219918182502
1.386016749976514,-0.32781608824779185,-0.8677578884710604
1.4117593686940961,-0.1890908609127577,-0.8642937851238705
1.4234668199655085,-0.0484992694532868,-0.8608296817766806
1.4210221268076144,0.09255394142215419,-0.8573655784294906
1.4044497157863405,0.23265941465648532,-0.8539014750823009
1.373915172954499,0.37041726267387126,-0.8504373717351111
1.3297235893706905,0.5044510545936025,-0.8469732683879212
1.2723165127302853,0.6334215690725079,-0.8435091650407313
1.2022675355668195,0.7560401753618934,-0.8400450616935412
1.120276564105,0.8710817088800338,-0.8365809583463516
1.027162825029056,0.9773967126516989,-0.8331168549991618
0.9238566800405311,1.0739229223022626,-0.8296527516519718
0.8113903299916714,1.1596958798522266,-0.826188648304782
0.6908875014757365,1.233858570262517,-0.822724544957592
0.5635522189223228,1.2956699844454798,-0.8192604416104022
0.4306567743832469,1.3445125231827388,-0.8157963382632125
0.29352901521095925,1.3798981679724254,-0.8123322349160226
0.15353907664668892,1.4014733571487425,-0.8088681315688326
0.01208569188205373,1.4090225185532486,-0.8054040282216426
-0.12941778362064543,1.4024702234606103,-0.801939924874453
-0.2695574939090258,1.3818819402374922,-0.7984758215272632
-0.4069332093219052,1.3474633802042804,-0.7950117181800732
-0.5401723171212619,1.2995584422355606,-0.7915476148328834
-0.6679435361849534,1.2386457766362498,-0.7880835114856933
-0.7889702187276403,1.165334002625969,-0.7846194081385036
-0.9020431061434674,1.0803556272169734,-0.7811553047913139
-1.0060324115182946,0.9845597262462394,-0.777691201444124
-1.0998991080871185,0.8789034606903449,-0.774227098096934
-1.182705310846024,0.7644425130294099,-0.770762994749744
-1.2536236475891327,0.6423205392167076,-0.7672988914025544
-1.311945525738199,0.5137577416464087,-0.7638347880553645
-1.3570882123654018,0.3800386772946343,-0.7603706847081746
-1.3886006566681544,0.24249942285073137,-0.7569065813609848
-1.4061679967196106,0.10251422508067554,-0.7534424780137947
-1.4096147054649673,-0.03851823019236411,-0.749978374666605
-1.3989063445297711,-0.17918879329444087,-0.7465142713194153
-1.3741499083167739,-0.3180919304585347,-0.7430501679722253
-1.3355927549532247,-0.4538397674533844,-0.7395860646250354
-1.2836201347702323,-0.5850759567640015,-0.7361219612778453
-1.2187513410088031,-0.7104892297677065,-0.7326578579306557
-1.1416345212134247,-0.8288264984967713,-0.7291937545834659
-1.0530402011560664,-0.9389053760791475,-0.7257296512362761
-0.9538535859973468,-1.0396259907572785,-0.7222655478890861
-0.8450657156091986,-1.129981975443105,-0.7188014445418961
-0.7277635624320558,-1.2090705230053616,-0.7153373411947064
-0.6031191708055192,-1.2761014068200094,-0.7118732378475167
-0.4723779462887722,-1.3304048764534322,-0.7084091345003267
-0.336846211979874,-1.3714383495873967,-0.7049450311531368
-0.19787815616720877,-1.39879183332221,-0.7014809278059467
-0.05686230172772992,-1.4121920206902527,-0.6980168244587571
0.08479236753465746,-1.4115050214488567,-0.6945527211115673
0.22567048498948167,-1.396737699867351,-0.6910886177643775
0.3643644430552583,-1.3680376061415493,-0.6876245144171875
0.49948845754911614,-1.3256915021209705,-0.6841604110699975
0.6296924139842887,-1.2701224960792292,-0.6806963077228079
0.753675357467791,-1.2018858151560197,-0.677232204375618
0.8701984914116391,-1.1216632577110834,-0.6737681010284281
0.9780975551789012,-1.0302563810203529,-0.6703039976812382
1.0762944569910993,-0.9285784923806282,-0.6668398943340482
1.163808045864903,-0.81764552364496,-0.6633757909868585
1.2397639149484379,-0.6985658803673835,-0.6599116876396687
1.3034031383054878,-0.5725293669810397,-0.6564475842924788
1.3540898538526047,-0.4407952986655439,-0.6529834809452889
1.3913176166828392,-0.30467991868601557,-0.6495193775980989
1.4147144592958536,-0.16554324692545228,-0.6460552742509093
1.4240466081742278,-0.024775491015607234,-0.6425911709037194
1.419220819571167,0.1162168441580922,-0.6391270675565295
1.4002853111711995,0.25602500978847,-0.6356629642093395
1.36742928031501,0.3932520888989775,-0.6321988608621496
1.3209810136021565,0.5265269538763793,-0.6287347575149599
1.2614046067598736,0.6545179663246438,-0.6252706541677701
1.189295327551993,0.7759462823555825,-0.6218065508205802
1.1053736680601958,0.8895986303742877,-0.6183424474733903
1.0104781457653136,0.9943394336878232,-0.6148783441262003
0.9055569253578283,1.0891221568121867,-0.6114142407790105
0.7916583449897153,1.1729997621089168,-0.6079501374318208
0.6699204416261313,1.2451341722721503,-0.6044860340846309
0.5415595801562929,1.3048046441199952,-0.601021930737441
0.40785829987754707,1.3514149700221842,-0.5975578273902511
0.27015249978667183,1.3844994350096274,-0.5940937240430612
0.12981809071869957,1.4037274700444398,-0.5906296206958715
-0.011742752299370442,1.4089069549564992,-0.5871655173486816
-0.15311560011788508,1.3999861380446725,-0.5837014140014917
-0.292887901973092,1.3770541531627136,-0.5802373106543017
-0.42966309922743434,1.3403401291232553,-0.5767732073071119
-0.5620745793218064,1.2902109003184623,-0.5733091039599222
-0.6887993305165402,1.227167341432024,-0.5698450006127322
-0.8085711609873214,1.1518393628649077,-0.5663808972655424
-0.9201933501953897,1.0649796168788366,-0.5629167939183525
-1.0225506061235679,0.9674559773436886,-0.5594526905711625
-1.114620208905426,0.8602428682286781,-0.5559885872239729
-1.195482229504145,0.7444115274801247,-0.552524483876783
-1.2643287213393255,0.621119303566045,-0.549060380529593
-1.3204717930221754,0.49159809163279755,-0.5455962771824031
-1.363350481538872,0.357142024815999,-0.5421321738352133
-1.3925363572075633,0.2190945436900262,-0.5386680704880236
-1.4077378044061415,0.07883497305384012,-0.5352039671408336
-1.4088029352991251,-0.062235259826402684,-0.5317398637936438
-1.3957211074507176,-0.20270662781538196,-0.5282757604464539
-1.3686230301605025,-0.34117558743781246,-0.5248116570992639
-1.3277794584593334,-0.4762586026208899,-0.5213475537520743
-1.273598487814553,-0.6066059685294324,-0.5178834504048844
-1.2066214765749987,-0.7309152973703827,-0.5144193470576944
-1.1275176368973199,-0.8479445314211626,-0.5109552437105045
-1.037077348199323,-0.9565243532598583,-0.5074911403633143
-0.9362042599501009,-1.0555698691983681,-0.504027037016125
-0.8259062627032163,-1.1440914491815433,-0.500562933668935
-0.707285417587496,-1.221204614843528,-0.4970988303217451
-0.5815269448764981,-1.286138876923252,-0.49363472697455524
-0.44988738165932723,-1.3382454337384273,-0.4901706236273651
-0.3136820269374045,-1.3770036537974921,-0.48670652028017564
-0.17427179959158795,-1.4020262777773862,-0.48324241693298575
-0.03304964053063233,-1.4130632878906788,-0.4797783135857958
0.10857340511396463,-1.4100044059806687,-0.47631421023860593
0.2491822866844768,-1.3928801953842684,-0.47285010689141627
0.3873720867153586,-1.3618617555532484,-0.4693860035442263
0.5217620584041958,-1.3172590124850634,-0.46592190019703644
0.6510094215772817,-1.259517622044745,-0.4624577968498465
0.7738227793052893,-1.1892145171188075,-0.4589936935026566
0.8889750211144984,-1.1070521430925537,-0.45552959015546696
0.995315583869015,-1.0138514392479914,-0.452065486808277
1.0917819478173272,-0.9105436362098652,-0.44860138346108713
1.177410252938396,-0.7981609513971191,-0.44513728011389725
1.2513449295124062,-0.6778262754476254,-0.4416731767667073
1.312847246690585,-0.5507419526661161,-0.43820907341951765
1.3613026936496482,-0.41817776759734204,-0.43474497007232776
1.3962271195808287,-0.2814582577585977,-0.4312808667251378
1.417271571164699,-0.14194947929873977,-0.42781676337794794
1.4242257791974036,-0.0010453578166683588,-0.424352660030758
1.4170202595310353,0.13984623928247772,-0.42088855668356834
1.3957270073362744,0.27931756973304395,-0.41742445333637845
1.3605587777504342,0.41597508210428047,-0.4139603499891885
1.3118669600984671,0.5484533397055313,-0.41049624664199863
1.250138066926976,0.6754286635783346,-0.4070321432948087
1.175988872931671,0.7956323582590152,-0.40356803994761903
1.090160252348489,0.907863388164382,-0.40010393660042864
0.9935097763831343,1.0110003779422598,-0.3966398332532392
0.8870031446430393,1.1040128168833592,-0.3931757299060493
0.771704536186146,1.1859713554435969,-0.3897116265588594
0.6487659765955026,1.2560570909975703,-0.3862475232116697
0.5194158273204545,1.313569750042888,-0.38278341986447934
0.3849465122950927,1.357934685101524,-0.3793193165172899
0.246701604465486,1.3887086164074762,-0.3758552131701
0.10606240125298619,1.4055840610116417,-0.37239110982291007
-0.035565876913046995,1.408392405049815,-0.3689270064757204
-0.17676812709326292,1.3971055884766832,-0.36546290312853
-0.31613350307910937,1.3718363854325206,-0.3619987997813406
-0.45226951210182387,1.3328372774412538,-0.3585346964341507
-0.5838159281598232,1.2804979306985411,-0.35507059308696076
-0.7094583829473193,1.215341302655948,-0.3516064897397711
-0.8279414985879495,1.1380184168029586,-0.3481423863925807
-0.9380814309555361,1.0493018578554745,-0.3446782830453913
-1.0387776982532988,0.9500780523446911,-0.3412141796982014
-1.1290241766641504,0.8413384117362488,-0.33775007635101145
-1.2079191532073297,0.7241694265745612,-0.3342859730038218
-1.274674335356429,0.5997418106284463,-0.3308218696566314
-1.3286227273977407,0.469298803506146,-0.32735776630944197
-1.3692252948309624,0.3341437486160826,-0.3238936629622521
-1.3960763502237226,0.1956270705904051,-0.32042955961506214
-1.4089076067063144,0.05513278228842022,-0.3169654562678725
-1.4075908586054144,-0.08593534380239591,-0.3135013529206821
-1.3921392624327884,-0.22616780159705666,-0.31003724957349266
-1.3627072054297729,-0.36416343473198504,-0.3065731462263028
-1.3195887629809981,-0.4985434364561786,-0.3031090428791129
-1.26321476031035,-0.6279651262125319,-0.29964493953192317
-1.1941484678177463,-0.7511353652581222,-0.2961808361847328
-1.1130799730674978,-0.8668234772790656,-0.2927167328375434
-1.0208192856614564,-0.9738735449014714,-0.28925262949035346
-0.9182882438908598,-1.071215959235695,-0.2857885261431636
-0.8065113040328236,-1.157878107054833,-0.2823244227959739
-0.6866053043218656,-1.2329940888245743,-0.2788603194487835
-0.559768305871453,-1.2958133704851138,-0.2753962161015941
-0.42726762204334684,-1.345708282539402,-0.27193211275440415
-0.2904271558714637,-1.3821802915192525,-0.26846800940721427
-0.1506141720603488,-1.4048649811669822,-0.2650039060600246
-0.009225635728214939,-1.4135356935621923,-0.26153980271283417
0.13232574560673335,-1.408105793812787,-0.2580756993656448
0.27262563733288314,-1.3886295356821752,-0.25461159601845484
0.41027220930907476,-1.3553015195036036,-0.25114749267126496
0.5438901424880294,-1.3084547477979507,-0.24768338932407527
0.6721443706496395,-1.2485572980226152,-0.2442192859768849
0.7937534199413169,-1.1762076456962938,-0.24075518262969545
0.9075022129411636,-1.092128684629405,-0.23729107928250553
1.012254209309868,-0.9971605040081251,-0.23382697593531562
1.1069627617261206,-0.8922519945009146,-0.23036287258812596
1.190681573640663,-0.7784513672566271,-0.22689876924093558
1.2625741543586004,-0.6568956805252106,-0.22343466589374614
1.3219221769779368,-0.5287994785475,-0.21997056254655625
1.3681326556745028,-0.39544265623069047,-0.21650645919936634
1.4007438706203155,-0.258157670861467,-0.21304235585217665
1.4194299813354698,-0.11831622863325615,-0.20957825250498627
1.4240042823785084,0.022684420988622726,-0.20611414915779686
1.414421068845472,0.1634354461217858,-0.20265004581060694
1.390776093038193,0.30253050904919554,-0.19918594246341703
1.3533056077389478,0.43857981788079614,-0.19572183911622737
1.3023840056507507,0.5702240128946645,-0.19225773576903696
1.238520078589228,0.6961477488099983,-0.18879363242184755
1.1623519338029626,0.8150928372824027,-0.18532952907465763
1.0746406182168209,0.925870818305871,-0.18186542572746772
0.9762625143026342,1.0273748349123486,-0.17840132238027806
0.8682005835552351,1.1185906925206703,-0.17493721903308765
0.7515345450661352,1.1986069924335625,-0.17147311568589824
0.6274300873272359,1.266624238232179,-0.16800901233870832
0.4971272210567928,1.3219628240800056,-0.1645449089915184
0.3619278894221794,1.3640698251197563,-0.16108080564432875
0.22318295945413147,1.3925245221157647,-0.15761670229713834
0.08227872462992353,1.4070426051415195,-0.15415259894994893
-0.059376946512848326,1.4074790143104692,-0.15068849560275902
-0.20036867733325484,1.3938293891664535,-0.1472243922555691
-0.33928772506260835,1.3662301122519454,-0.14376028890837944
-0.474746056496529,1.324956946418767,-0.14029618556118903
-0.6053902167638913,1.2704222794968325,-0.13683208221399962
-0.7299148526005397,1.2031710038512542,-0.1333679788668097
-0.8470757550075572,1.1238750719979702,-0.1299038755196198
-0.9557022909763376,1.0333267826763084,-0.12643977217243013
-1.05470910006664,0.9324308644618855,-0.12297566882523973
-1.1431069389693287,0.8221954360177521,-0.11951156547805031
-1.22001256569854,0.7037219333059188,-0.1160474621308604
-1.2846575646536098,0.5781941044033556,-0.1125833587836705
-1.3363960243737751,0.44686618188247407,-0.10911925543648082
-1.374710991271972,0.31105035093386324,-0.10565515208929042
-1.3992196348641974,0.17210363844562687,-0.10219104874210101
-1.409677072885161,0.03141435403925103,-0.0987269453949111
-1.4059788180709252,-0.10961178146116032,-0.09526284204772119
-1.388161822161113,-0.2495656815267295,-0.09179873870053153
-1.3564041066893393,-0.3870489730506099,-0.08833463535334111
-1.311022984250897,-0.5206879684298196,-0.0848705320061517
-1.25247188802018,-0.6491473909977271,-0.08140642865896179
-1.1813358411963089,-0.7711437166670637,-0.07794232531177188
-1.0983256116446973,-0.885457998478365,-0.07447822196458222
-1.0042706101394911,-0.9909480459150503,-0.0710141186173918
-0.9001106031652883,-1.086559837293499,-0.0675500152702024
-0.7868863230810398,-1.1713380511993277,-0.06408591192301248
-0.6657290694663832,-1.2444356117431334,-0.06062180857582257
-0.5378494055501731,-1.305122152262804,-0.05715770522863291
-0.40452506266286326,-1.3527913129057698,-0.0536936018814425
-0.2670881735674255,-1.386966799176214,-0.050229498534253084
-0.12691196222908652,-1.4073071409122406,-0.04676539518706318
0.014602976984546339,-1.4136091041428438,-0.04330129183987327
0.1560426735794699,-1.4058097217345753,-0.039837188492683605
0.29599390886105537,-1.3839869225383254,-0.0363730851454932
0.4330583363480871,-1.3483587527500078,-0.03290898179830378
0.5658664535886102,-1.2992811972650349,-0.02944487845111387
0.6930912857756742,-1.2372446227949323,-0.02598077510392396
0.8134616444410041,-1.1628688782852394,-0.022516671756734295
0.9257748287499664,-1.0768971015897453,-0.01905256840954389
1.0289086424907419,-0.9801882942827075,-0.015588465062354475
1.1218326066879531,-0.8737087387990423,-0.012124361715164563
1.2036182558079132,-0.758522343659688,-0.008660258367974653
1.273448414679356,-0.6357800132493168,-0.005196155020784989
1.3306253634376206,-0.5067081483601692,-0.001732051673594586
1.3745778089108969,-0.37259639240074127,0.0017320516735948321
1.4048665927927702,-0.23478474570510804,0.005196155020784743
1.4211890795668292,-0.09465017669258793,0.008660258367974653
1.4233821803407245,0.04640713634557571,0.012124361715164317
1.411423982376466,0.18697779536485398,0.01558846506235472
1.3854339680352608,0.32565726480679846,0.019052568409544137
1.345671820949245,0.46105990525410284,0.02251667175673405
1.2925348313484863,0.5918328182815698,0.02598077510392396
1.2265539264683212,0.7166693641700063,0.029444878451113623
1.148388365699925,0.8343222174183713,0.032908981798304024
1.0588191534884033,0.943615829607862,0.03637308514549344
0.9587412357945155,1.0434581750931613,0.039837188492683355
0.8491545580905042,1.1328516621616638,0.04330129183987327
0.7311540742354481,1.2109031006401387,0.04676539518706293
0.6059188060582528,1.2768326263556848,0.05022949853425333
0.4747000629612787,1.3299814932807523,0.05369360188144275
0.3388089392503829,1.3698186555057137,0.057157705228632665
0.19960321411406007,1.3959460732740274,0.06062180857582257
0.058473785142577756,1.4081026900639284,0.06408591192301223
-0.08316922906096776,1.4061670409788958,0.06755001527020264
-0.22391057831960018,1.3901584663847477,0.07101411861739206
-0.36234402159445195,1.360236918667096,0.07447822196458197
-0.4970863776803231,1.3167013640399872,0.07794232531177188
-0.6267913454951046,1.259986795374314,0.08140642865896154
-0.7501629558751531,1.1906598858928403,0.08487053200615195
-0.865968520470776,1.109413327158682,0.08833463535334136
-0.9730509483607799,1.0170589079301569,0.09179873870053128
-1.0703403073224242,0.9145194030358902,0.09526284204772119
-1.1568645142405505,0.8028193533137314,0.09872694539491085
-1.2317590478407328,0.683074828737377,0.10219104874210125
-1.2942755867000757,0.5564822770141259,0.10565515208929067
-1.3437894862275257,0.4243065690748448,0.10911925543648059
-1.3798060199061186,0.2878683609017918,0.1125833587836705
-1.401965322436821,0.14853089797055655,0.11604746213086016
-1.4100459853936376,0.00768639415190653,0.11951156547805056
-1.4039672694634169,-0.13325787882899534,0.12297566882523997
-1.3837899111663772,-0.27289365238652635,0.12643977217242988
-1.3497155159968734,-0.40982573202873934,0.1299038755196198
-1.3020845440479427,-0.542685937679577,0.13336797886680946
-1.2413729082465919,-0.6701467740819211,0.13683208221399987
-1.1681872191891558,-0.7909346946913819,0.14029618556118928
-1.083258724088713,-0.9038428265324249,0.1437602889083792
-0.9874360003946845,-1.0077430288741513,0.1472243922555691
-0.8816764770874395,-1.1015971652396042,0.15068849560275877
-0.7670368683644134,-1.1844674761222718,0.15415259894994918
-0.6446626153011596,-1.2555259487690928,0.1576167022971386
-0.5157764409827189,-1.3140625904101986,0.1610808056443285
-0.38166613345878464,-1.359492522271947,0.1645449089915184
-0.24367167859116212,-1.391361823492314,0.16800901233870807
-0.10317187135798679,-1.4093520665480959,0.1714731156858985
0.038429460609919024,-1.4132834988774636,0.1749372190330879
0.1797174836107292,-1.4031168389081414,0.1784013223802778
0.3192804944222206,-1.3789536685458907,0.18186542572746772
0.4557240255737625,-1.3410354182016893,0.18532952907465738
0.5876847784043238,-1.289740954498869,0.1887936324218478
0.7138442446920379,-1.2255827947630582,0.1922577357690372
0.8329418807525508,-1.1492019861184604,0.19572183911622712
0.9437877023747814,-1.0613617003569173,0.19918594246341703
1.045274174749837,-0.9629396085776206,0.2026500458106067
1.136387278592714,-0.8549191117876113,0.20611414915779708
1.2162166418877967,-0.7383795150839944,0.20957825250498652
1.283964636025131,-0.6144852435941472,0.21304235585217643
1.3389543454418005,-0.48447420792480317,0.21650645919936634
1.380636331138494,-0.34964543536843573,0.219970562546556
1.408594120492364,-0.21134609045196145,0.2234346658937464
1.422548368513802,-0.07095801451411037,0.22689876924093583
1.4223596489692403,0.07011608119649441,0.23036287258812574
1.4080298474819852,0.21046663094839863,0.23382697593531562
1.3797021426916944,0.34869129844220476,0.2372910792825053
1.3376595756607386,0.483408988491315,0.2407551826296957
1.2823222218214698,0.6132736464684972,0.2442192859768851
1.2142429937213457,0.7369877076388104,0.24768338932407502
1.134102116503545,0.8533150619974629,0.25114749267126496
1.0427003313221757,0.9610934050724141,0.2546115960184546
0.9409508946013578,1.0592458512864424,0.258075699365645
0.8298704530789214,1.1467916938418565,0.26153980271283445
0.7105688858082305,1.2228562036186634,0.26500390606002433
0.5842382146136068,1.2866793691787504,0.26846800940721427
0.4521406938022591,1.3376234905489741,0.27193211275440393
0.3155961981364994,1.375179550908492,0.2753962161015943
0.17596903508142073,1.398972302516573,0.27886031944878376
0.034654313095646025,1.4087640160639903,0.28232442279597364
-0.10693599783116961,1.4044568559856867,0.2857885261431636
-0.24738717411577943,1.3860938580014062,0.28925262949035324
-0.38529587403173393,1.3538584991170077,0.2927167328375436
-0.5192841594360189,1.3080728643828758,0.29618083618473307
-0.648013263671532,1.2491944287265477,0.29964493953192295
-0.7701969680809267,1.1778114860144813,0.3031090428791129
-0.8846144534783076,1.0946372710141923,0.30657314622630255
-0.9901224981709759,1.0005028329882228,0.31003724957349293
-1.0856669006526787,0.8963487321246286,0.3135013529206823
-1.170293012836613,0.7832156417704553,0.31696545626787226
-1.2431552785835027,0.6622339503677014,0.32042955961506214
-1.3035256822190684,0.5346124669856329,0.3238936629622518
-1.3508010226259854,0.40162634330014985,0.32735776630944224
-1.3845089402300557,0.26460433269975947,0.33082186965663163
-1.4043126366609406,0.1249155138209068,0.33428597300382157
-1.4100142399301319,-0.01604438883314551,0.33775007635101145
-1.4015567815024619,-0.15686695051022698,0.3412141796982011
-1.379024765506877,-0.2961451187238101,0.34467828304539155
-1.3426433243991138,-0.43248727205633647,0.34814238639258094
-1.2927759695126102,-0.5645311247804509,0.3516064897397709
-1.229920958973438,-0.6909573383676184,0.35507059308696076
-1.154706319269801,-0.8105027038826262,0.3585346964341504
-1.0678835702189635,-0.9219727635496923,0.36199879978134086
-0.9703202160296637,-1.024253745379719,0.36546290312853025
-0.86299107748679,-1.116323691611873,0.3689270064757202
-0.7469685518643734,-1.1972626697776727,0.37239110982291007
-0.6234118978864849,-1.2662619643621542,0.37585521317009973
-0.49355565279727204,-1.3226321572219641,0.3793193165172902
-0.3586972972729083,-1.365810016023553,0.38278341986447956
-0.22018429142352847,-1.3953641218744839,0.3862475232116695
-0.07940061141727682,-1.410999179918379,0.3897116265588594
0.06224707875212161,-1.4125589698235272,0.39317572990604904
0.2033434821869953,-1.4000279066847936,0.3966398332532395
0.34247881026448324,-1.3735311967428452,0.40010393660042887
0.4782628687784794,-1.3333335863647693,0.4035680399476188
0.6093389483005441,-1.2798367167859022,0.4070321432948087
0.7343973799720845,-1.2135751110433617,0.41049624664199835
0.8521886212826597,-1.1352108331985524,0.4139603499891888
0.9615357410856945,-1.0455268732119207,0.4174244533363782
1.0613461791054848,-0.9454193235660645,0.4208885566835681
1.150622662438273,-0.8358884258058944,0.424352660030758
1.2284731699734794,-0.7180285764557294,0.42781676337794766
1.2941198451737694,-0.5930173921709897,0.43128086672513805
1.3469067681604432,-0.4621039433818545,0.4347449700723275
1.3863065094480627,-0.3265962739943738,0.4382090734195174
1.4119253998455008,-0.187848331848196,0.4416731767667073
1.4235074638683851,-0.04724644051727392,0.44513728011389697
1.4209369773615206,0.09380455237701979,0.44860138346108736
1.4042396237763954,0.2338953119389347,0.4520654868082768
1.3735822375506193,0.3716260976067965,0.45552959015546673
1.3292711371533756,0.5056207488979464,0.4589936935026566
1.2717490644525318,0.6345404355494259,0.4624577968498463
1.2015907609842444,0.7570970346673964,0.46592190019703666
1.119497225325524,0.8720660012252882,0.4693860035442261
1.026288708948146,0.9782986033129593,0.472850106891416
0.9228965205371188,1.0747333998861703,0.47631421023860593
0.8103537206621322,1.1604068463346673,0.4797783135857956
0.6897847997778335,1.2344629219014134,0.483242416932986
0.5623944426869213,1.2961616827590252,0.4867065202801754
0.4294554917277673,1.3448866552839243,0.4901706236273656
0.292296228954618,1.3801509956569622,0.49363472697455524
0.15228710438225962,1.4016023542459812,0.4970988303217449
0.010827042902535566,1.4090263961668357,0.500562933668935
-0.13067053331068812,1.4023489428467124,0.5040270370161247
-0.27079182724880896,1.3816367131919123,0.5074911403633149
-0.40813679326069935,1.3470966569545981,0.5109552437105045
-0.5413331258461981,1.2990738869592673,0.5144193470576942
-0.6690499712789828,1.2380482308494858,0.5178834504048844
-0.7900112250570289,1.16462943680872,0.521347553752074
-0.9030082823170951,1.079551081157978,0.5248116570992641
-1.0069121138148673,0.9836632387037807,0.5282757604464539
-1.1006845468120776,0.8779239890716124,0.5317398637936435
-1.1833886381552734,0.7633898438910319,0.5352039671408336
-1.2541980359020684,0.6412051904807614,0.5386680704880233
-1.3124052359566714,0.5125908575087649,0.5421321738352135
-1.3574286512168623,0.3788319168758891,0.5455962771824031
-1.3888184226001332,0.24126484370209234,0.5490603805295928
-1.4062609138869029,0.10126416270887857,0.552524483876783
-1.40958184546995,-0.03977128557730082,0.5559885872239726
-1.3987480356986517,-0.18043232157733097,0.5594526905711628
-1.3738677324190645,-0.3193135067158165,0.5629167939183525
-1.3351895313972224,-0.4550271860988901,0.5663808972655421
-1.2830998924324142,-0.5862173535031523,0.5698450006127322
-1.2181192779786456,-0.7115732001415667,0.573309103959922
-1.140896952855785,-0.829842211831691,0.5767732073071121
-1.052204497010175,-0.9398426837032219,0.5802373106543017
-0.9529280961427861,-1.0404755274025579,0.5837014140014914
-0.8440596872346545,-1.1307352528202628,0.5871655173486816
-0.7266870474405098,-1.209720014615836,0.5906296206958712
-0.6019829253789052,-1.2766406231583294,0.5940937240430614
-0.47119332341581355,-1.3308284298481796,0.5975578273902511
-0.33562504802073834,-1.3717420080330593,0.6010219307374407
-0.19663265258849294,-1.3989725627639795,0.6044860340846309
-0.05560490318949857,-1.4122480153392856,0.6079501374318206
0.086049097521866,-1.411435721825129,0.6114142407790107
0.22691398959503986,-1.3965437983897966,0.6148783441262003
0.36558229759219063,-1.3677210402096383,0.6183424474733901
0.5006684936174783,-1.3252554347568468,0.6218065508205802
0.6308228410537394,-1.2695712843238554,0.6252706541677698
0.7547448806847349,-1.2012249665350418,0.62873475751496
0.8711964244536167,-1.1208993752054823,0.6321988608621497
0.9790139270288272,-1.0293970970916229,0.6356629642093393
1.077120111564376,-0.9276323927097299,0.6391270675565295
1.1645347334939489,-0.816622061347077,0.6425911709037192
1.2403843748106829,-0.6974752815394722,0.6460552742509094
1.3039111709710778,-0.5713825285260972,0.649519377598099
1.3544803832270769,-0.4396036794143227,0.6529834809452887
1.3915867407257823,-0.30345542490415806,0.6564475842924788
1.4148594890087873,-0.1642981133500775,0.6599116876396685
1.4240660944682026,-0.02352215860979887,0.6633757909868586
1.4191145677455739,0.11746585251121693,0.6668398943340483
1.4000543828591592,0.257257214410309,0.6703039976812379
1.367075982875878,0.3944551780082818,0.6737681010284281
1.3205088770671638,0.5276889066044426,0.6772322043756178
1.2608183485612046,0.6556271728239114,0.680696307722808
1.1886008053877837,0.7769916598013552,0.6841604110699976
1.1045778213663364,0.8905697337006798,0.6876245144171873
1.009588926378885,0.9952265599514172,0.6910886177643775
0.9045832180650166,1.0899164421405874,0.6945527211115671
0.7906098787519016,1.1736932702656966,0.6980168244587572
0.6688076923714117,1.2457199739530327,0.701480927805947
0.5403936661073955,1.3052768861882271,0.7049450311531366
0.40665087046222964,1.3517689339911299,0.7084091345003267
0.26891561924054863,1.3847315841883083,0.7118732378475164
0.1285641175432993,1.4038354848750052,0.715337341194707
-0.013001288818557777,1.4088897561904639,0.7188014445418962
-0.1543661250999766,1.3998438975264231,0.7222655478890859
-0.2941179205858553,1.3767882921124877,0.7257296512362761
-0.43086032153146103,1.33995330393679,0.7291937545834657
-0.5632270430676121,1.289706976025142,0.7326578579306563
-0.6898955206673025,1.226551353076824,0.7361219612778456
-0.8096001247734077,1.151117465199856,0.7395860646250352
-0.9211448065507957,1.0641590228667632,0.7430501679722253
-1.0234150484108848,0.9665448860887231,0.7465142713194151
-1.1153889999030855,0.8592503830534508,0.7499783746666057
-1.196147687706608,0.7433475649684579,0.7534424780137948
-1.264884197708206,0.6199944944796568,0.7569065813609845
-1.3209117374212203,0.49042367469224885,0.7603706847081746
-1.3636704981890648,0.3559297344071678,0.7638347880553643
-1.3927332486083264,0.21785649261791845,0.7672988914025549
-1.407809603283676,0.07758353151555242,0.7707629947497441
-1.4087489242627822,-0.06348758784069121,0.7742270980969338
-1.3955418261609176,-0.20394732945813707,0.777691201444124
-1.3683202699366337,-0.34239226602832146,0.7811553047913136
-1.3273562443814655,-0.4774391015088858,0.7846194081385043
-1.2730590484978648,-0.6077384925602187,0.7880835114856934
-1.20597120191883,-0.7319885307382072,0.791547614832883
-1.126763024231072,-0.8489477507329951,0.7950117181800732
-1.0362259373633274,-0.9574475346799393,0.7984758215272629
-0.935264557959971,-1.0564037886031328,0.8019399248744535
-0.8248876587506349,-1.1448277743239352,0.8054040282216427
-0.7061980892264528,-1.2218359886061232,0.8088681315688324
-0.5803817563325366,-1.2866589908281287,0.8123322349160226
-0.44869577527784743,-1.3386490909793667,0.8157963382632122
-0.31245590885544905,-1.3772868211647828,0.8192604416104029
-0.17302342077575997,-1.4021861259562889,0.8227245449575921
-0.03179147436940061,-1.413098219731031,0.8261886483047817
0.1098287874402315,-1.409914072455069,0.8296527516519718
0.250422341810529,-1.392665499075446,0.8331168549991615
0.3885844244203139,-1.3615248416357453,0.8365809583463522
0.5229345654104225,-1.3168032472913815,0.8400450616935413
0.6521303825823537,-1.2589475594300459,0.843509165040731
0.774880994037402,-1.1885358529602903,0.8469732683879212
0.889959916241831,-1.1062716583781647,0.8504373717351108
0.9962173186450413,-1.0129769323229831,0.8539014750823015
1.0925915124062167,-0.9095838448583791,0.8573655784294907
1.1781195584383846,-0.7971254655370756,0.8608296817766803
1.2519468887774146,-0.6767254413114355,0.8642937851238705
1.3133358451426085,-0.549586769424599,0.8677578884710602
1.3616730493744746,-0.41697977745956566,0.8712219918182508
1.396475532106469,-0.28022943064604455,0.8746860951654399
1.4173955584353133,-0.14070209324572253,0.8781501985126297
1.4242241023731703,0.00020812370772213895,0.8816143018598198
1.416892935366228,0.1410932919051757,0.8850784052070094
1.3954753080118558,0.2805457333164939,0.8885425085542001
1.3601852181628586,0.41717208524390387,0.8920066119013893
1.3113752727316528,0.5496072223416344,0.8954707152485789
1.2495331645585543,0.6765278964970587,0.8989348185957691
1.1752767995461628,0.7966659582883767,0.9023989219429588
1.0893481227477708,0.908821027914567,0.9058630252901494
0.9926057050977276,1.0118724889934299,0.9093271286373386
0.8860161648543896,1.1047906853901661,0.9127912319845283
0.7706445094700337,1.1866472092010623,0.9162553353317184
0.6476434943884938,1.2566241770983464,0.919719438678908
0.5182421050937001,1.3140224023501184,0.9231835420260988
0.3837332774931107,1.3582683808629774,0.9266476453732879
0.24546097932936572,1.3889200214454114,0.9301117487204785
0.10480678169901136,1.405671063036797,0.9335758520676677
-0.036823945149345526,1.4083541347667168,0.9370399554148574
-0.17801607380995016,1.3969424282693486,0.940504058762048
-0.3173588592050985,1.3715499655438081,0.9439681621092372
-0.45346003428376236,1.33243045968401,0.9474322654564279
-0.5849597210935843,1.2799747798613272,0.950896368803617
-0.7105440182319978,1.2147070458890006,0.9543604721508067
-0.8289581289146613,1.1372793913902248,0.9578245754979974
-0.9390188984901013,1.0484654478945947,0.9612886788451865
-1.0396266361300042,0.9491526149675068,0.9647527821923771
-1.1297761025763404,0.8403331936071384,0.9682168855395663
-1.2085665541598447,0.723094471500791,0.971680988886756
-1.2752107427329642,0.5986078592057635,0.9751450922339466
-1.3290427815930967,0.46811718580234,0.9786091955811358
-1.369524798802474,0.3329262709646493,0.9820732989283265
-1.3962523114267036,0.19438589762561245,0.9855374022755157
-1.4089582669945926,0.05388031540025541,0.9890015056227053
-1.4075157117981356,-0.08718659037881675,0.992465608969896
-1.3919390593720102,-0.22740532581953904,0.9959297123170852
-1.362383946478298,-0.36537487166757876,0.9993938156642758
-1.3191456780354198,-0.49971668182745177,1.002857919011465
-1.2626562765289817,-0.6290884573395588,1.0063220223586546
-1.1934801653859122,-0.7521975581876232,1.0097861257058454
-1.11230852944219,-0.867813918930395,1.0132502290530345
-1.0199524088523666,-0.9747823391090521,1.016714332400225
-0.917334595444527,-1.0720340256281982,1.0201784357474142
-0.8054804124892905,-1.1585972717832833,1.023642539094604
-0.6855074700086512,-1.2336071662327404,1.0271066424417945
-0.5586144979861274,-1.296314234906184,1.0305707457889837
-0.4260693690528927,-1.3460919295016478,1.0340348491361744
-0.28919643032369075,-1.3824428877490385,1.0374989524833635
-0.1493632709581072,-1.4050039028895842,1.0409630558305532
-0.00796705766180538,-1.4135495527176818,1.0444271591777439
0.13357942534129194,-1.4079944519250627,1.047891262524933
0.27386189238210434,-1.388394105242573,1.0513553658721237
0.41147868742113863,-1.3549443528552565,1.054819469219313
0.5450547889324496,-1.307979413631947,1.0582835725665025
0.6732555486641424,-1.2479685457208098,1.0617476759136932
0.7948000270024793,-1.1755113578770744,1.0652117792608824
0.9084737916972004,-1.091331818370493,1.068675882608073
1.0131410520669948,-0.9962710213337829,1.072139985955262
1.1077560074446604,-0.8912787828280018,1.0756040893024519
1.1913732964716213,-0.7774041505944631,1.0790681926496424
1.2631574428360968,-0.6557849223165274,1.0825322959968315
1.3223912030763179,-0.5276362771211419,1.0859963993440223
1.3684827330400253,-0.3942386339108249,1.0894605026912114
1.4009715013956645,-0.2569248578411177,1.092924606038401
1.4195328911091873,-0.11706694277258894,1.0963887093855917
1.423981442910151,0.02393769723823715,1.099852812732781
1.4142727083394562,0.16468019043834928,1.1033169160799716
1.3905036938636564,0.303754284358935,1.1067810194271608
1.3529118916184002,0.4397703966253434,1.1102451227743504
1.301872906465518,0.5713694992047756,1.113709226121541
1.2378967030734247,0.6972366973651012,1.1171733294687303
1.1616225105186764,0.8161143676685013,1.120637432815921
1.0738124353204048,0.9268147237290041,1.1241015361631101
0.9753438467238298,1.028231684181543,1.1275656395102998
0.8672006103168041,1.119351924281279,1.1310297428574905
0.7504632575701359,1.199265000709456,1.1344938462046796
0.6262981895241989,1.2671724484221778,1.1379579495518701
0.4959460224954286,1.322395758649097,1.1414220528990593
0.3607091922480612,1.3643831583288362,1.1448861562462491
0.22193894048655602,1.392715123242988,1.1483502595934396
0.08102181369520657,1.4071085697634242,1.1518143629406288
-0.06063419077613664,1.4074196833303576,1.1552784662878195
-0.20161369295600542,1.393645355399868,1.1587425696350087
-0.34050807226026647,1.3659232145034503,1.1622066729821983
-0.47592954196330817,1.3245302511092132,1.165670776329389
-0.606525015504206,1.2698800500247094,1.1691348796765781
-0.7309896260804999,1.2025186579942044,1.1725989830237689
-0.8480797644458067,1.1231191277801706,1.176063086370958
-0.9566255046424523,1.0324747932425034,1.1795271897181476
-1.0555422935148568,0.9314913426088535,1.1829912930653383
-1.1438417872061222,0.821177769137291,1.1864553964125275
-1.2206417263632425,0.7026362895890932,1.1899194997597182
-1.2851747513808218,0.5770513312433354,1.1933836031069074
-1.3367960696046792,0.4456776974909245,1.196847706454097
-1.374989897886865,0.309828030253945,1.2003118098012877
-1.3993746161203742,0.17085969450153768,1.2037759131484769
-1.4097065802611406,0.030161215907676994,1.2072400164956674
-1.4058825567387598,-0.11086159283822092,1.2107041198428565
-1.3879407539322162,-0.25079967844713,1.2141682231900464
-1.356060440404375,-0.3882548258250464,1.2176323265372369
-1.3105601537097855,-0.5218536285759621,1.221096429884426
-1.2518945176726919,-0.6502612116247201,1.2245605332316167
-1.1806496999361125,-0.7721945688473647,1.228024636578806
-1.0975375551684574,-0.8864353824443553,1.2314887399259955
-1.0033885124470097,-0.9918421959692371,1.2349528432731862
-0.8991432778851317,-1.0873618193841,1.2384169466203754
-0.7858434354076437,-1.1720398521863993,1.241881049967566
-0.6646210395886643,-1.2450302194631861,1.2453451533147553
-0.5366873045364042,-1.305603625592052,1.2488092566619449
-0.4033205018422162,-1.3531548411218688,1.2522733600091356
-0.2658531885134544,-1.3872087500253913,1.2557374633563247
-0.12565889250420897,-1.4074250969015907,1.2592015667035155
0.015861611121829232,-1.4136018866951099,1.2626656700507046
0.15729429627290753,-1.4056774029641115,1.2661297733978942
0.29722601431044626,-1.3837308245305455,1.269593876745085
0.4342586137630509,-1.3479814343515517,1.273057980092274
0.5670229101939847,-1.2987864285166117,1.2765220834394646
0.694192366639314,-1.2366373472623344,1.2799861867866538
0.8144963479268897,-1.1621551636648524,1.2834502901338436
0.9267328164429104,-1.0760840790821218,1.286914393481034
1.029780342494377,-0.9792840873399996,1.2903784968282233
1.122609309263995,-0.8727223819581229,1.293842600175414
1.204292200400953,-0.7574636922720809,1.2973067035226031
1.2740128674577988,-0.6346596450097445,1.3007708068697927
1.3310746845758956,-0.5055372576177191,1.3042349102169835
1.3749075089407132,-0.3713866783086759,1.3076990135641726
1.4050733774604147,-0.23354829532674712,1.3111631169113633
1.4212708827482536,-0.09339934423141558,1.3146272202585525
1.423338184685583,0.04765985298507758,1.318091323605742
1.411254627474801,0.18821987945213647,1.3215554269529328
1.3851409460252684,0.32687630584822985,1.325019530300122
1.345258059609986,0.462243722994568,1.3284836336473125
1.292004464846497,0.5929695844055051,1.3319477369945019
1.225912254050376,0.7177477204860676,1.3354118403416915
1.1476417987447052,0.8353313893467226,1.338875943688882
1.0579751514461482,0.9445457338361744,1.3423400470360713
0.957808231654634,1.0442995203257779,1.3458041503832618
0.8481418741219666,1.1335960419551183,1.349268253730451
0.7300718288417204,1.2115430773975961,1.3527323570776408
0.6047778126775492,1.2773618056409428,1.3561964604248313
0.4735117220223056,1.330394587709311,1.3596605637720205
0.3375851242629792,1.3701115375745958,1.3631246671192112
0.19835615303306017,1.3961158166024106,1.3665887704664004
0.057215938190079633,1.4081475986325869,1.37005287381359
-0.08442529389402373,1.4060866660762568,1.3735169771607807
-0.2251523108485918,1.3899536110902697,1.3769810805079699
-0.3635590148384215,1.3599096298271627,1.3804451838551606
-0.4982624918283809,1.3162549118165052,1.3839092872023497
-0.6279168292034554,1.2594256405703246,1.3873733905495393
-0.7512265636826367,1.1899896353816433,1.390837493896729
-0.8669596251597528,1.1086406778618336,1.3943015972439192
-0.9739596471408206,1.0161915799040209,1.3977657005911088
-1.0711575207756805,0.9135660623354172,1.4012298039382989
-1.1575820770403333,0.801789525404069,1.4046939072854887
-1.2323697903367532,0.6819788033185663,1.4081580106326783
-1.294773406555192,0.555331005209862,1.4116221139798684
-1.344169409390306,0.42311155401242667,1.4150862173270582
-1.3800642503099003,0.28664154277672255,1.4185503206742482
-1.4020992799287715,0.14728453474401024,1.4220144240214379
-1.4100543315147795,0.006432939073230042,1.4254785273686277
-1.403849920822066,-0.1345059016509831,1.4289426307158177
-1.3835480402713647,-0.27412377312033936,1.4324067340630073
-1.3493515395422353,-0.41102565971460964,1.4358708374101976
-1.3016020987661001,-0.5438436830367114,1.4393349407573872
-1.2407768145713187,-0.6712507693014291,1.4427990441045768
-1.1674834330914166,-0.7919739090179533,1.446263147451767
-1.0824542775665495,-0.9048068764800349,1.4497272507989567
-0.9865389312118439,-1.0086222819743809,1.453191354146147
-0.8806957484626666,-1.102382836286119,1.4566554574933366
-0.7659822794139259,-1.1851517149496964,1.4601195608405262
-0.6435447031291576,-1.2561019186892366,1.4635836641877165
-0.5146063753980831,-1.3145245365220135,1.467047767534906
-0.38045560537008277,-1.3598358289625752,1.4705118708820961
-0.24243278319491,-1.391583060554787,1.473975974229286
-0.10191698728743954,-1.4094490234548203,1.4774400775764756
0.03968779496792804,-1.4132552068670752,1.4809041809236656
0.1809666953952548,-1.4029635806650549,1.4843682842708554
0.32050810192202644,-1.378676975375813,1.4878323876180455
0.4569177629405041,-1.3406380547313148,1.491296490965235
0.5888327182088486,-1.2892268910526368,1.494760594312425
0.7149349170992683,-1.2249571676929996,1.498224697659615
0.8339643881243302,-1.148471046483448,1.5016888010068046
0.9447318281554304,-1.0605327514641798,1.5051529043539948
1.0461304855466436,-0.9620209330104817,1.5086170077011845
1.1371472184312685,-0.8539198886486493,1.512081111048374
1.2168726177004283,-0.7373097282805221,1.5155452143955643
1.284510093518361,-0.6133555820822711,1.519009317742754
1.339383834584652,-0.4832959589089518,1.5224734210899442
1.3809455606174241,-0.34843037152329853,1.5259375244371338
1.4087800005886415,-0.21010635229381305,1.5294016277843234
1.4226090419749462,-0.06970598909683377,1.5328657311315137
1.4222945095660835,0.07136788404880436,1.5363298344787033
1.4078395460659119,0.21170570363541272,1.5397939378258934
1.3793885806915513,0.3499052605592176,1.5432580411730832
1.3372258860843753,0.4845857105301553,1.5467221445202728
1.281772737951778,0.6144013710115158,1.5501862478674628
1.2135832058195104,0.7380551668351581,1.5536503512146527
1.1333386169521953,0.854311590147688,1.5571144545618427
1.0418407487564512,0.962009045196649,1.5605785579090323
0.9400038176861006,1.0600714546112509,1.5640426612562222
0.8288453446936137,1.1475190112117177,1.5675067646034122
0.7094759884969941,1.223477967918842,1.5709708679506018
0.583088448245129,1.2871893679458764,1.574434971297792
0.45094554646203233,1.3380166280439527,1.5778990746449817
0.314367611341665,1.3754518990314328,1.5813631779921713
0.17471928446512547,1.3991211400550547,1.5848272813393616
0.033395885752925146,1.408787855882528,1.5882913846865512
-0.10819052811026832,1.4043554598846935,1.5917554880337415
-0.24862527247940006,1.385868239097208,1.595219591380931
-0.3865051698103076,1.3535109117191122,1.5986836947281207
-0.5204525697458562,1.3076067814696668,1.602147798075311
-0.6491291141430513,1.2486145072444235,1.6056119014225005
-0.77124910950505,1.177123520347204,1.6090760047696906
-0.8855923732057175,1.0938481350872995,1.6125401081168804
-0.9910164251510292,0.99962041158703,1.61600421146407
-1.086467903062476,0.8953818421120929,1.61946831481126
-1.170993087324857,0.7821739439919623,1.62293241815845
-1.24374743023731,0.661127853123131,1.62639652150564
-1.3040039944548552,0.5334530220330265,1.6298606248528296
-1.3511607163060082,0.400425135430194,1.6333247282000194
-1.3847464214139589,0.26337336398443345,1.6367888315472094
-1.4044255325152362,0.12366708369270009,1.640252934894399
-1.41000142243676,-0.017297806473048183,1.6437170382415893
-1.4014183787295822,-0.1581128319270925,1.647181141588779
-1.3787621603292437,-0.29737101548237466,1.6506452449359685
-1.342259140680857,-0.43368093540140606,1.6541093482831588
-1.2922740458904447,-0.5656806280224634,1.6575734516303484
-1.2293063105022906,-0.6920511960501367,1.6610375549775387
-1.1539850873140214,-0.8115299865412687,1.6645016583247283
-1.0670629610898348,-0.9229232069157248,1.667965761671918
-0.9694084289823524,-1.0251178529371947,1.6714298650191082
-0.8619972227960683,-1.1170928294837197,1.6748939683662978
-0.745902559797802,-1.1979291529925056,1.6783580717134878
-0.622284419484424,-1.266819133640003,1.6818221750606777
-0.4923779534512024,-1.3230744455115888,1.6852862784078673
-0.35748114416540905,-1.36613300412656,1.6887503817550573
-0.21894183595443306,-1.3955645826005154,1.6922144851022471
-0.07814426779095113,-1.411075110330121,1.6956785884494372
0.06350475756545525,-1.4125096112494064,1.6991426917966268
0.20458992987638744,-1.3998537522993668,1.7026067951438166
0.34370157273663215,-1.3732339866391634,1.7060708984910067
0.47944972859496443,-1.332916290167941,1.7095350018381963
0.610478046750384,-1.2793035039815928,1.7129991051853866
0.7354773355601049,-1.212931309317657,1.7164632085325762
0.8531986434496281,-1.1344628752054733,1.7199273118797658
0.9624657380239791,-1.0446822323004967,1.723391415226956
1.062186858593101,-0.9444864391090737,1.7268555185741457
1.1513656246836588,-0.8348766188764756,1.7303196219213357

