0.00122399771662108,0.13133913754278967,-1.7303196219213348
0.0036715582693024875,0.13138580171297182,-1.726855518574145
0.006116509847642846,0.13152576106440333,-1.723391415226955
0.008556245022246335,0.1317589161374113,-1.719927311879765
0.010988159452839126,0.13208510122477224,-1.7164632085325753
0.013409653430909515,0.1325040844600298,-1.7129991051853857
0.015818133420044043,0.13301556794108088,-1.7095350018381956
0.018211013593193163,0.13361918788897204,-1.7060708984910058
0.02058571736610159,0.13431451484183007,-1.702606795143816
0.02293967892613998,0.13510105388383606,-1.6991426917966261
0.025270344755776924,0.13597824490913316,-1.695678588449436
0.027575175149932553,0.13694546292054416,-1.6922144851022463
0.02985164572645785,0.13800201836295653,-1.6887503817550564
0.03209724892898697,0.13914715749121717,-1.6852862784078668
0.034309495521413366,0.14038006277236262,-1.6818221750606768
0.03648591607324411,0.14169985332199392,-1.678358071713487
0.03862406243509149,0.14310558537458917,-1.6748939683662971
0.04072150920356477,0.14459625278753105,-1.6714298650191073
0.04277585517483048,0.14617078757860988,-1.6679657616719172
0.0447847247861144,0.14782806049674774,-1.6645016583247274
0.046745769544424165,0.1495668816256726,-1.6610375549775376
0.04865666944177683,0.1513860010202561,-1.6575734516303477
0.050515134356222645,0.15328410937521297,-1.654109348283158
0.05231890543796195,0.15525983872584517,-1.650645244935968
0.05406575647985958,0.1573117631804971,-1.6471811415887783
0.055753495271667966,0.15943839968437537,-1.6437170382415884
0.057379964937277574,0.1616382088143689,-1.6402529348943984
0.05894304525432138,0.16390959560449342,-1.6367888315472086
0.06044065395546774,0.16625091040156656,-1.6333247282000187
0.061870748010744735,0.16866044975070793,-1.629860624852829
0.06323132489024763,0.17113645731024288,-1.626396521505639
0.06452042380659004,0.17367712479557437,-1.6229324181584492
0.06573612693646878,0.17628059295157508,-1.6194683148112594
0.06687656062072181,0.17894495255303564,-1.6160042114640696
0.06793989654226856,0.18166824543269408,-1.6125401081168795
0.06892435288133252,0.184448465536356,-1.6090760047696897
0.06982819544735534,0.1872835600046037,-1.6056119014224999
0.0706497387870237,0.19017143028057812,-1.6021477980753098
0.0713873472678399,0.19310993324330605,-1.59868369472812
0.07203943613667968,0.19609688236603212,-1.5952195913809304
0.07260447255279073,0.1991300488990027,-1.5917554880337406
0.07308097659469859,0.20220716307613776,-1.5882913846865507
0.07346752224049745,0.20532591534501393,-1.5848272813393607
0.07376273832101649,0.2084839576195721,-1.5813631779921709
0.07396530944536414,0.21167890455495011,-1.577899074644981
0.07407397689836569,0.21490833484383143,-1.574434971297791
0.07408753950942301,0.21816979253369018,-1.5709708679506011
0.07400485449233714,0.22146078836430114,-1.5675067646034115
0.07382483825564927,0.2247788011248755,-1.5640426612562217
0.07354646718306834,0.2281212790301709,-1.5605785579090317
0.0731687783835671,0.2314856411149179,-1.5571144545618418
0.07269087041074361,0.23486927864589222,-1.553650351214652
0.07211190395105778,0.23826955655095644,-1.5501862478674622
0.0714311024805682,0.24168381486438514,-1.5467221445202721
0.07064775288980832,0.2451093701877775,-1.5432580411730823
0.06976120607645599,0.2485435171658572,-1.5397939378258925
0.06877087750546527,0.2519835299764481,-1.5363298344787029
0.06767624773634458,0.25542666383390855,-1.5328657311315128
0.06647686291727982,0.25887015650530154,-1.529401627784323
0.06517233524581753,0.2623112298385679,-1.5259375244371332
0.0637623433958376,0.26574709130196605,-1.5224734210899433
0.06224663291056116,0.26917493553403615,-1.5190093177427533
0.06062501656135514,0.27259194590333796,-1.5155452143955634
0.05889737467211032,0.27599529607720946,-1.5120811110483736
0.057063655408986454,0.2793821515987864,-1.5086170077011838
0.055123875035332996,0.28274967147151997,-1.505152904353994
0.053078118131611826,0.2860950097504229,-1.5016888010068041
0.050926537780162685,0.28941531713927243,-1.4982246976596143
0.048669355714669724,0.2927077425929965,-1.4947605943124245
0.046306862434203934,0.29596943492446004,-1.4912964909652344
0.04383941728173187,0.2991975444148736,-1.4878323876180446
0.04126744848699875,0.3023892244270377,-1.4843682842708548
0.03859145317370954,0.30554163302063614,-1.480904180923665
0.03581199733094932,0.30865193456879164,-1.477440077576475
0.03292971574880051,0.311717301375091,-1.4739759742292853
0.029945311918130605,0.3147349152902924,-1.4705118708820955
0.026859557894542405,0.3177019693279188,-1.4670477675349056
0.023673294126493882,0.3206156692779484,-1.4635836641877156
0.020387429247612974,0.3234732353178087,-1.4601195608405257
0.017002939833247997,0.326271903619882,-1.456655457493336
0.013520870121312818,0.3290089279547305,-1.453191354146146
0.009942331697501326,0.3316815812892519,-1.4497272507989563
0.006268503144963424,0.33428715737897585,-1.4462631474517664
0.002500629658550557,0.33682297235371395,-1.4427990441045766
-0.0013599773762430958,0.33928636629577785,-1.4393349407573868
-0.005311940839502121,0.34167470480998385,-1.4358708374101967
-0.009353818368115841,0.34398538058466294,-1.432406734063007
-0.013484102881832691,0.3462158149429011,-1.428942630715817
-0.017701223143951946,0.34836345938323426,-1.4254785273686272
-0.02200354435644411,0.35042579710903127,-1.4220144240214372
-0.02638936878927621,0.3524003445457985,-1.4185503206742476
-0.030856936443700127,0.35428465284564564,-1.4150862173270575
-0.035404425749247605,0.35607630937815693,-1.411622113979868
-0.04002995429415908,0.3577729392069184,-1.4081580106326779
-0.044731579588956266,0.359372206550956,-1.404693907285488
-0.04950729986285475,0.3608718162303459,-1.401229803938298
-0.05435505489269452,0.36226951509526384,-1.3977657005911084
-0.05927272686405373,0.36356309343774956,-1.3943015972439183
-0.06425814126419237,0.36475038638546614,-1.3908374938967285
-0.06930906780645921,0.365829275276743,-1.3873733905495387
-0.07442322138578024,0.36679768901619947,-1.3839092872023488
-0.07959826306483027,0.3676536054102517,-1.380445183855159
-0.08483180109047579,0.3683950524818173,-1.3769810805079692
-0.09012139194006197,0.3690201097635365,-1.3735169771607791
-0.0954645413971027,0.3695269095688422,-1.3700528738135895
-0.10085870565591715,0.3699136382402162,-1.3665887704663995
-0.1063012924547425,0.370178537373981,-1.3631246671192097
-0.1117896622368404,0.37031990502098616,-1.3596605637720198
-0.11732112933909675,0.3703360968625578,-1.3561964604248302
-0.12289296320760656,0.37022552736109043,-1.3527323570776402
-0.1285023896397152,0.36998667088467085,-1.3492682537304503
-0.1341465920519828,0.36961806280513493,-1.3458041503832603
-0.13982271277351638,0.36911830056897094,-1.3423400470360705
-0.14552785436410964,0.36848604474049174,-1.3388759436888806
-0.15125908095661347,0.3677200200167121,-1.3354118403416908
-0.15701341962294746,0.3668190162133798,-1.331947736994501
-0.16278786176315493,0.3657818892216198,-1.3284836336473111
-0.1685793645168886,0.364607561934665,-1.3250195303001213
-0.1743848521967023,0.3632950251441597,-1.3215554269529315
-0.18020121774251713,0.36184333840553384,-1.3180913236057414
-0.18602532419661488,0.3602516308719623,-1.3146272202585516
-0.19185400619850243,0.3585191020964331,-1.3111631169113618
-0.19768407149898284,0.3566450228014665,-1.3076990135641717
-0.2035123024927556,0.3546287356160374,-1.304234910216982
-0.20933545776885884,0.3524696557792715,-1.3007708068697923
-0.2151502736782611,0.35016727181049534,-1.2973067035226025
-0.22095346591789397,0.3477211461452415,-1.2938426001754126
-0.22674173113041562,0.3451309157368175,-1.2903784968282226
-0.23251174851898082,0.3423962926230696,-1.2869143934810328
-0.23826018147628725,0.3395170644579834,-1.283450290133843
-0.24398367922716038,0.3364930950077787,-1.279986186786653
-0.2496788784839313,0.33332432461117445,-1.2765220834394633
-0.2553424051138521,0.3300107706035136,-1.2730579800922732
-0.260970875817791,0.32655252770445387,-1.2695938767450836
-0.26656089981943903,0.3229497683689455,-1.2661297733978938
-0.27210908056425454,0.31920274310123764,-1.262665670050704
-0.27761201742736785,0.31531178073166494,-1.259201566703514
-0.2830663074296603,0.31127728865598897,-1.2557374633563239
-0.288468546961226,0.3070997530370811,-1.2522733600091343
-0.29381533351142536,0.30277973896875215,-1.2488092566619442
-0.2991032674047254,0.29831789060155306,-1.2453451533147544
-0.3043289535415276,0.29371493123038267,-1.2418810499675648
-0.3094890031431723,0.28897166334376134,-1.238416946620375
-0.3145800355003093,0.2840889686346439,-1.2349528432731849
-0.3195986797238207,0.27906780797266184,-1.2314887399259953
-0.324541576497478,0.2739092213377038,-1.2280246365788052
-0.329405379831512,0.26861432771476096,-1.2245605332316152
-0.33418675881627724,0.26318432494997945,-1.2210964298844256
-0.3388823993751837,0.25762048956788125,-1.2176323265372355
-0.34348900601607135,0.25192417654973354,-1.2141682231900457
-0.3480033035802038,0.24609681907306039,-1.210704119842856
-0.35242203898805036,0.24013992821231325,-1.207240016495666
-0.3567419829810325,0.2340550926007307,-1.2037759131484762
-0.36095993185840725,0.22784397805343642,-1.2003118098012862
-0.3650727092084584,0.2215083271518452,-1.1968477064540963
-0.3690771676331738,0.21504995878945904,-1.1933836031069065
-0.3729701904655808,0.20847076767915731,-1.1899194997597167
-0.3767486934789182,0.2017727238221029,-1.1864553964125268
-0.3804096265868246,0.1949578719384,-1.182991293065337
-0.383949975533722,0.1880283308596606,-1.1795271897181472
-0.38736676357458,0.18098629288365478,-1.1760630863709576
-0.39065705314324806,0.1738340230912323,-1.1725989830237675
-0.39381794750854493,0.16657385862572824,-1.1691348796765775
-0.39684659241729864,0.15920820793507542,-1.1656707763293879
-0.39974017772353804,0.15173954997686856,-1.1622066729821978
-0.40249593900303515,0.1441704333866423,-1.158742569635008
-0.4051111591524078,0.13650347560963846,-1.1552784662878182
-0.4075831699719951,0.12874136199635902,-1.1518143629406283
-0.4099093537317224,0.12088684486221885,-1.1483502595934385
-0.41208714471918234,0.1129427425116242,-1.1448861562462487
-0.4141140307691609,0.10491193822682456,-1.1414220528990586
-0.4159875547738443,0.09679737922190222,-1.1379579495518688
-0.4177053161729537,0.0886020755622758,-1.134493846204679
-0.41926497242305655,0.08032909905011461,-1.1310297428574891
-0.42066424044531475,0.07198158207607869,-1.1275656395102993
-0.4219008980509356,0.06356271643780677,-1.1241015361631095
-0.42297278534360205,0.05507575212560309,-1.1206374328159199
-0.4238778060981652,0.046523996075777785,-1.1171733294687296
-0.424613929114893,0.03791081089211801,-1.1137092261215398
-0.4251791895485755,0.02923961353598367,-1.11024512277435
-0.42557169021180197,0.02051387398552929,-1.1067810194271601
-0.4257896028517278,0.011737113864576099,-1.1033169160799703
-0.4258311693996666,0.002912905041672022,-1.0998528127327802
-0.42569470319284985,-0.005955131800112811,-1.0963887093855904
-0.4253785901677046,-0.014863328622088546,-1.0929246060384008
-0.4248812900240195,-0.023807971516963105,-1.0894605026912108
-0.4242013373593721,-0.032785302223387006,-1.085996399344021
-0.4233373427732056,-0.04179151966741392,-1.082532295996831
-0.42228799393995803,-0.05082278153025551,-1.0790681926496413
-0.42105205665065354,-0.05987520584170116,-1.0756040893024514
-0.4196283758223848,-0.06894487259854881,-1.0721399859552612
-0.41801587647512145,-0.07802782540739238,-1.0686758826080716
-0.41621356467529846,-0.08712007315109109,-1.0652117792608817
-0.41422052844565,-0.09621759167823442,-1.061747675913692
-0.4120359386407653,-0.10531632551490888,-1.058283572566502
-0.40965904978786216,-0.11441218959805734,-1.0548194692193122
-0.407089200892284,-0.12350107102970867,-1.0513553658721224
-0.40432581620724184,-0.13257883085135078,-1.0478912625249324
-0.40136840596733936,-0.14164130583770346,-1.0444271591777425
-0.3982165670854296,-0.15068431030913684,-1.0409630558305527
-0.39486998381237304,-0.15970363796197812,-1.0374989524833627
-0.3913284283592779,-0.16869506371592854,-1.034034849136173
-0.38759176148181923,-0.17765434557781376,-1.0305707457889832
-0.3836599330262516,-0.1865772265208744,-1.0271066424417934
-0.3795329824367453,-0.19545943637879484,-1.0236425390946036
-0.3752110392236913,-0.20429669375366677,-1.0201784357474137
-0.3706943233926353,-0.21308470793706621,-1.0167143324002235
-0.3659831458335249,-0.22181918084342145,-1.0132502290530339
-0.3610779086699597,-0.2304958089548391,-1.009786125705844
-0.3559791055681597,-0.23911028527654998,-1.0063220223586542
-0.35068732200538255,-0.24765830130212618,-1.0028579190114644
-0.3452032354975353,-0.25613554898761925,-0.9993938156642744
-0.3395276157857436,-0.26453772273375914,-0.9959297123170847
-0.3336613249816644,-0.2728605213753481,-0.9924656089698947
-0.3276053176713363,-0.28109965017698385,-0.9890015056227046
-0.32136064097739114,-0.28925082283422854,-0.985537402275515
-0.31492843457945524,-0.2973097634793551,-0.9820732989283251
-0.30830993069259927,-0.30527220869077554,-0.9786091955811352
-0.30150645400370707,-0.31313390950526876,-0.9751450922339454
-0.2945194215656483,-0.3208906334321187,-0.9716809888867556
-0.28735034264917086,-0.32853816646826156,-0.9682168855395658
-0.280000818552432,-0.3360723151135477,-0.9647527821923758
-0.2724725423681202,-0.3434889083852186,-0.9612886788451858
-0.26476729870812116,-0.3507837998306991,-0.9578245754979962
-0.256886963385722,-0.3579528695377925,-0.9543604721508062
-0.24883350305534452,-0.3649920261413833,-0.9508963688036164
-0.24060897480983107,-0.3718972088257385,-0.9474322654564266
-0.2322155257353193,-0.37866438932149704,-0.9439681621092367
-0.2236553924237666,-0.38528957389644586,-0.9405040587620469
-0.21493090044319085,-0.3917688053391761,-0.937039955414857
-0.20604446376573105,-0.3980981649347112,-0.9335758520676671
-0.19699858415363672,-0.4042737744312034,-0.9301117487204773
-0.18779585050331374,-0.41029179799679943,-0.9266476453732873
-0.17843893814758427,-0.4161484441657693,-0.9231835420260975
-0.16893060811632662,-0.4218399677730011,-0.9197194386789077
-0.15927370635567786,-0.42736267187596955,-0.9162553353317179
-0.14947116290601464,-0.43271290966327963,-0.9127912319845277
-0.1395259910389315,-0.4378870863488974,-0.9093271286373381
-0.1294412863534573,-0.44288166105118826,-0.9058630252901482
-0.11922022583177953,-0.44769314865587057,-0.9023989219429582
-0.10886606685475178,-0.45231812166201657,-0.8989348185957685
-0.09838214617748002,-0.4567532120102253,-0.8954707152485787
-0.08777187886531156,-0.4609951128921024,-0.8920066119013889
-0.07703875719055847,-0.46504058054018216,-0.8885425085541988
-0.06618634949030294,-0.4688864359974446,-0.8850784052070091
-0.05521829898566567,-0.47252956686557285,-0.8816143018598191
-0.04413832256291682,-0.4759669290311135,-0.8781501985126293
-0.0329502095168429,-0.4791955483687047,-0.8746860951654396
-0.021657820256784435,-0.48221252242054763,-0.8712219918182497
-0.010265084975795485,-0.48501502205130076,-0.8677578884710597
0.0012239977166209678,-0.48760029307759045,-0.8642937851238699
0.012805362197731528,-0.48996565787133367,-0.8608296817766802
0.02447487727024258,-0.49210851693608537,-0.8573655784294901
0.03622834763591797,-0.4940263504556236,-0.8539014750823003
0.048061515403623405,-0.49571671981400456,-0.8504373717351105
0.059970061631245866,-0.4971772690863224,-0.8469732683879205
0.0719496079009346,-0.4984057264994234,-0.8435091650407308
0.08399571792709469,-0.49939990586183486,-0.8400450616935409
0.09610389919653307,-0.500157707962178,-0.836580958346351
0.10826960464015689,-0.500677121935347,-0.8331168549991613
0.1204882343356081,-0.5009562265957503,-0.8296527516519714
0.1327551372401886,-0.5009931917369187,-0.8261886483047814
0.14506561295342985,-0.5007862793967995,-0.8227245449575917
0.15741491350864753,-0.5003338450880699,-0.8192604416104019
0.1697982451927902,-0.49963433899281295,-0.8157963382632119
0.1822107703938942,-0.49868630712091766,-0.812332234916022
0.1946476094754417,-0.4974883924315708,-0.8088681315688322
0.20710384267689105,-0.49603933591723265,-0.8054040282216423
0.21957451203964903,-0.49433797764949433,-0.8019399248744524
0.23205462335774354,-0.49238325778623254,-0.7984758215272626
0.24453914815242545,-0.49017421753949403,-0.7950117181800728
0.2570230256699354,-0.48771000010355425,-0.7915476148328828
0.26950116490164483,-0.48498985154261415,-0.788083511485693
0.2819684466257826,-0.482013121637608,-0.7846194081385032
0.2944197254699301,-0.47877926469162085,-0.7811553047913131
0.3068498319934678,-0.47528784029342197,-0.7776912014441235
0.3192535747891505,-0.47153851403864205,-0.7742270980969338
0.33162574260296,-0.4675310582081361,-0.7707629947497437
0.34396110647138683,-0.463265352403095,-0.7672988914025539
0.3562544218752896,-0.45874138413647786,-0.7638347880553641
0.36850043090944695,-0.4539592493803666,-0.7603706847081741
0.38069386446693004,-0.4489191530688511,-0.7569065813609843
0.3928294444374123,-0.44362140955607493,-0.7534424780137945
0.4049018859185079,-0.43806644302909453,-0.7499783746666044
0.4169058994392397,-0.43225478787521576,-0.7465142713194147
0.4288361931947301,-0.4261870890034905,-0.7430501679722249
0.44068747529118124,-0.41986410212008496,-0.7395860646250348
0.45245445600022627,-0.41328669395723644,-0.736121961277845
0.46413185002172014,-0.40645584245554095,-0.7326578579306553
0.47571437875402023,-0.39937263689933444,-0.7291937545834655
0.48719677257081667,-0.3920382780049513,-0.7257296512362756
0.4985737731035644,-0.38445407796164993,-0.7222655478890858
0.509840135528552,-0.37662146042503525,-0.7188014445418958
0.5209906308576492,-0.3685419604628136,-0.715337341194706
0.5320200482317732,-0.36021722445273296,-0.7118732378475162
0.5429231972160945,-0.3516490099325992,-0.7084091345003264
0.5536949100960155,-0.3428391854022546,-0.7049450311531363
0.5643300441729421,-0.33378973007744805,-0.7014809278059466
0.5748234840588743,-0.32450273359552667,-0.6980168244587568
0.5851701439688292,-0.31498039567291547,-0.6945527211115667
0.5953649700101121,-0.3052250257143622,-0.6910886177643769
0.6054029424674612,-0.295239042373944,-0.6876245144171872
0.6152790780830658,-0.2850249730678615,-0.6841604110699971
0.6249884323304812,-0.27458545343906116,-0.6806963077228073
0.6345261016814532,-0.26392322677373864,-0.6772322043756175
0.643887225864659,-0.2530411433698172,-0.6737681010284277
0.653066990115385,-0.24194215985749803,-0.6703039976812377
0.6620606274151557,-0.23062933847200018,-0.6668398943340481
0.6708634207203255,-0.21910584627864405,-0.6633757909868581
0.6794707051786547,-0.207374954350437,-0.6599116876396682
0.6878778703328937,-0.19544003689834175,-0.6564475842924785
0.6960803623103905,-0.18330457035444137,-0.6529834809452885
0.7040736859977521,-0.17097213240822184,-0.6495193775980986
0.7118534071995929,-0.15844640099621451,-0.6460552742509088
0.7194151547803945,-0.14573115324527205,-0.6425911709037189
0.7267546227885225,-0.13283026436976242,-0.639127067556529
0.7338675725614409,-0.1197477065229797,-0.6356629642093392
0.740749834811169,-0.10648754760311245,-0.6321988608621492
0.747397311689036,-0.09305395001410811,-0.6287347575149594
0.7538059788287937,-0.07945116938179696,-0.6252706541677696
0.7599718873671506,-0.06568355322567382,-0.6218065508205798
0.7658911659408005,-0.05175553958673389,-0.61834244747339
0.7715600226590228,-0.03767165561179645,-0.6148783441262001
0.7769747470509486,-0.0234365160947525,-0.6114142407790104
0.7821317119865773,-0.009054821975212846,-0.6079501374318204
0.7870273755706549,0.0054686412049639735,-0.6044860340846305
0.7916582830085238,0.02012900488676732,-0.6010219307374407
0.7960210684430639,0.03492131912021895,-0.5975578273902508
0.8001124567618567,0.049840554231111736,-0.5940937240430609
0.8039292653737152,0.06488160252774863,-0.5906296206958711
0.8074684059537274,0.08003928004709274,-0.587165517348681
0.8107268861559759,0.09530832833973747,-0.5837014140014913
0.8137018112931093,0.11068341629308986,-0.5802373106543015
0.8163903859819456,0.12615914199212264,-0.5767732073071115
0.8187899157543058,0.14173003461705136,-0.5733091039599216
0.8208978086322868,0.157390556377278,-0.5698450006127319
0.822711576667191,0.17313510448090258,-0.5663808972655421
0.8242288374413508,0.18895801313911023,-0.5629167939183523
0.8254473155320908,0.20485355560472293,-0.5594526905711624
0.8263648439370912,0.22081594624416898,-0.5559885872239724
0.8269793654604235,0.23683934264212778,-0.5525244838767827
0.827288934058552,0.2529178477380911,-0.5490603805295928
0.8272917161455987,0.2690455119940475,-0.5455962771824028
0.8269859918571942,0.2852163355924995,-0.542132173835213
0.8263701562722455,0.3014242706640103,-0.5386680704880232
0.8254427205919709,0.3176632235434409,-0.5352039671408332
0.824202313275566,0.3339270570540443,-0.5317398637936434
0.8226476811318815,0.3502095928185699,-0.5282757604464535
0.8207776903665125,0.36650461359649605,-0.5248116570992637
0.8185913275837093,0.3828058656465231,-0.5213475537520738
0.8160877007425459,0.39910706111342104,-0.5178834504048839
0.8132660400667896,0.41540188043834136,-0.5144193470576941
0.8101256989079404,0.4316839747916561,-0.5109552437105043
0.8066661545609282,0.44794696852740157,-0.5074911403633146
0.8028870090319574,0.46418446165839083,-0.5040270370161245
0.798787989758036,0.4803900323510277,-0.5005629336689347
0.7943689502777134,0.49655723943886226,-0.4970988303217449
0.7896298708525943,0.5126796249539219,-0.49363472697455507
0.7845708590391987,0.528750716674817,-0.4901706236273651
0.7791921502107729,0.5447640306906325,-0.48670652028017525
0.7734941080286551,0.5607130739796095,-0.4832424169329855
0.7674772248628424,0.5765913470015843,-0.4797783135857954
0.7611421221614086,0.5923923463031769,-0.47631421023860565
0.7544895507684471,0.608109567134697,-0.4728501068914156
0.7475203911902387,0.6237365060777207,-0.4693860035442258
0.7402356538093589,0.6392666636822969,-0.465921900197036
0.732636479046457,0.6546935471127374,-0.4624577968498462
0.7247241374694724,0.6700106728009156,-0.4589936935026564
0.7165000298500616,0.68521156910602,-0.45552959015546657
0.7079656871670322,0.7002897789796897,-0.4520654868082768
0.6991227705566145,0.7152388626354508,-0.44860138346108674
0.6899730712094039,0.7300524002213702,-0.44513728011389675
0.6805185102138392,0.7447239944948529,-0.44167317676670714
0.6707611383461073,0.7592472734984772,-0.43820907341951737
0.6607031358063721,0.7736158932357816,-0.4347449700723273
0.6503468119012678,0.7878235403459066,-0.43128086672513755
0.639694604672593,0.8018639347759919,-0.4278167633779477
0.6287490804721901,0.8157308324502238,-0.4243526600307577
0.6175129334830006,0.8294180279344274,-0.4208885566835679
0.6059889851863056,0.8429193570951106,-0.4174244533363777
0.5941801837752015,0.8562286997518364,-0.41396034998918807
0.5820896035143663,0.8693399823218274,-0.4104962466419983
0.5697204440461937,0.8822471804556989,-0.40703214329480847
0.557076029643409,0.8949443216632021,-0.40356803994761864
0.5441598084082938,0.9074254879278825,-0.40010393660042887
0.5309753514186552,0.9196848183095476,-0.39663983325323904
0.5175263518207313,0.9317165115334395,-0.39317572990604904
0.5038166238692124,0.943514828565008,-0.3897116265588592
0.48985010191459766,0.9550740951692032,-0.38624752321166944
0.47563083933812467,0.9663887044531708,-0.3827834198644794
0.4611630074345409,0.9774531193912773,-0.3793193165172896
0.44645089424297923,0.9882618753313731,-0.3758552131700998
0.43149890332626356,0.9988095824812072,-0.3723911098229098
0.41631155249896074,1.0090909283739222,-0.36892700647571997
0.40089347250452,1.0191006803115572,-0.3654629031285302
0.38524940564188365,1.0288336877854898,-0.36199879978134014
0.3693842043419541,1.038284884872759,-0.35853469643415037
0.35330282969432203,1.0474492926072214,-0.35507059308696054
0.33701034992470547,1.0563220213244853,-0.3516064897397707
0.3205119388235429,1.064898272979595,-0.34814238639258094
0.30381287412622676,1.073173343436429,-0.3446782830453911
0.28691853584546195,1.0811426247277924,-0.34121417969820134
0.2698344045562844,1.0888016072851971,-0.3377500763510113
0.2525660596342704,1.0961458821373136,-0.3342859730038213
0.23511917744749142,1.103171143076118,-0.3308218696566317
0.21749952950280746,1.10987318878974,-0.3273577663094417
0.1997129805470939,1.1162479249610402,-0.32389366296225186
0.18176548662401432,1.1222913663309655,-0.3204295596150621
0.16366309308699517,1.1279996387257223,-0.31696545626787204
0.14541193256905385,1.1333689810468346,-0.31350135292068226
0.12701822291015374,1.1383957472231634,-0.31003724957349243
0.10848826504279845,1.1430764081239728,-0.30657314622630244
0.08982844083657675,1.147407553432144,-0.3031090428791126
0.071045210902385,1.151385893476652,-0.29964493953192284
0.05214511235709875,1.1550082610234356,-0.296180836184733
0.03313475654945803,1.1582716130237962,-0.2927167328375432
0.0140208267479488,1.1611730323194929,-0.2892526294903534
-0.005189924208494561,1.1637097293036986,-0.28578852614316336
-0.024490676296148286,1.1658790435370072,-0.2823244227959736
-0.04387454472768499,1.1676784453176992,-0.2788603194487836
-0.06333458240801061,1.1691055372054788,-0.27539621610159376
-0.08286378242388423,1.1701580554979274,-0.27193211275440393
-0.10245508056643726,1.1708338716589184,-0.26846800940721416
-0.12210135788566655,1.1711309936982717,-0.26500390606002433
-0.14179544327599247,1.1710475675019307,-0.26153980271283434
-0.16153011609193346,1.1705818781119721,-0.2580756993656443
-0.18129810879295177,1.1697323509557678,-0.25461159601845473
-0.20109210961650448,1.1684975530236503,-0.2511474926712647
-0.22090476527829417,1.1668761939944328,-0.24768338932407488
-0.24072868369875888,1.1648671273081759,-0.24421928597688508
-0.2605564367547738,1.162469351185591,-0.24075518262969528
-0.2803805630555275,1.159682009593513,-0.23729107928250526
-0.30019357074156966,1.1565043931558683,-0.23382697593531565
-0.3199879403059687,1.152935940009611,-0.23036287258812566
-0.33975612743650063,1.1489762366051044,-0.22689876924093563
-0.35949056587783496,1.1446250184504467,-0.22343466589374625
-0.37918367031261807,1.1398821707992675,-0.21997056254655603
-0.39882783926034293,1.1347477292815429,-0.21650645919936642
-0.4184154579929512,1.129221880476986,-0.2130423558521764
-0.43793890146599695,1.1233049624306128,-0.2095782525049864
-0.4573905372642989,1.1169974651100836,-0.2061141491577968
-0.4767627285609316,1.110300030804454,-0.20265004581060678
-0.49604783708839917,1.1032134544640009,-0.19918594246341678
-0.5152382261208781,1.095738683980784,-0.19572183911622695
-0.5343262634663575,1.0878768204096527,-0.19225773576903715
-0.5533043244674979,1.0796291181294273,-0.18879363242184735
-0.5721647950100727,1.0709969849439862,-0.18532952907465755
-0.5909000745378006,1.0619819821230385,-0.18186542572746772
-0.6095025790723723,1.0525858243823805,-0.17840132238027773
-0.6279647442375155,1.0428103798034378,-0.17493721903308812
-0.6462790282858928,1.032657669691944,-0.1714731156858981
-0.6644379151276182,1.022129868375625,-0.1680090123387081
-0.6824339173592271,1.0112293029407649,-0.1645449089915185
-0.7002595792918759,0.9999584529075708,-0.16108080564432847
-0.7179074799775547,0.9883199498442858,-0.15761670229713848
-0.7353702362321293,0.9763165769199902,-0.15415259894994887
-0.7526405056539884,0.9639512683960887,-0.15068849560275885
-0.76971098963707,0.9512271090565005,-0.14722439225556885
-0.7865744363770775,0.9381473335765691,-0.14376028890837925
-0.803223643869661,0.9247153258307599,-0.14029618556118922
-0.8196514628993303,0.9109346181392394,-0.13683208221399942
-0.8358508000179171,0.8968088904534255,-0.13336797886680962
-0.8518146205113548,0.882341969480647,-0.12990387551961982
-0.8675359513535523,0.8675378277480879,-0.1264397721724298
-0.8830078841461754,0.8524005826061711,-0.12297566882524019
-0.8982235780431163,0.8369344951715995,-0.11951156547805018
-0.9131762626584299,0.8211439692103023,-0.11604746213086017
-0.927859240956561,0.8050335499605136,-0.11258335878367057
-0.9422658921236515,0.7886079228962763,-0.10911925543648056
-0.9563896744187161,0.7718719124316934,-0.10565515208929055
-0.9702241280035276,0.7548304805662237,-0.10219104874210094
-0.9837628777500079,0.7374887254713935,-0.09872694539491093
-0.9969996360239374,0.7198518800193134,-0.09526284204772092
-1.009928205443832,0.7019253102533781,-0.09179873870053132
-1.022542481613809,0.6837145138015803,-0.08833463535334131
-1.03483645582927,0.6652251182329173,-0.0848705320061515
-1.0468042177542756,0.6464628793573214,-0.0814064286589617
-1.0584399580694481,0.6274336794696362,-0.07794232531177189
-1.0697379710892678,0.608143525538168,-0.07447822196458168
-1.0806926573476454,0.5885985473383335,-0.07101411861739247
-1.091298526150653,0.5688049955319802,-0.06755001527020225
-1.1015501980952889,0.5487692396929906,-0.06408591192301225
-1.1114424075532077,0.5284977662797532,-0.060621808575822854
-1.1209700051183085,0.5079971765551472,-0.05715770522863284
-1.1301279600171092,0.48727418445472376,-0.05369360188144283
-1.138911362480857,0.46633561440372734,-0.05022949853425302
-1.1473154260783112,0.44518839908367885,-0.04676539518706321
-1.1553354900081623,0.4238395771492667,-0.043301291839873204
-1.1629670213500742,0.4022962908962421,-0.0398371884926834
-1.1702056172733164,0.38056578388114787,-0.03637308514549338
-1.177047007202015,0.3586553984936209,-0.03290898179830358
-1.183487054936021,0.3365725734820977,-0.029444878451113564
-1.1895217607264306,0.31432484143377415,-0.025980775103924166
-1.1951472633048126,0.2919198262096337,-0.022516671756734156
-1.2003598418652026,0.2693652403354334,-0.01905256840954435
-1.2051559179979343,0.24666888234956053,-0.015588465062354336
-1.2095320575744166,0.22383863410862986,-0.012124361715164528
-1.213484972581963,0.20088245805177368,-0.008660258367974518
-1.2170115229077987,0.17780839442459054,-0.005196155020784711
-1.220108718071401,0.1546245584636833,-0.0017320516735949037
-1.222773718904336,0.13133913754279014,0.0017320516735951077
-1.2250038391767644,0.10796038828153265,0.0051961550207851185
-1.2267965471698423,0.08449663361776238,0.008660258367974518
-1.2281494671932134,0.06095625984456331,0.012124361715164528
-1.2290603810468528,0.037347713612985195,0.015588465062354541
-1.2295272294265112,0.013679498901539534,0.01905256840954394
-1.2295481132720485,-0.0100398260464356,0.022516671756734156
-1.2291212950579566,-0.033801651816418185,0.025980775103924166
-1.2282452000253912,-0.05759732094627466,0.029444878451113564
-1.226918417355059,-0.08141813107861018,0.03290898179830358
-1.225139701280327,-0.10525533814072763,0.03637308514549379
-1.2229079721399396,-0.12910015955107654,0.03983718849268299
-1.220222317369748,-0.1529437774509956,0.043301291839873204
-1.217081992432895,-0.1767773419605416,0.04676539518706321
-1.2134864216878958,-0.20059197445724444,0.05022949853425261
-1.2094351991941032,-0.22437877087655556,0.05369360188144262
-1.20492808945405,-0.24812880503274476,0.05715770522863284
-1.199965028092196,-0.2718331319590497,0.060621808575822445
-1.1945461224696265,-0.29548279126581356,0.06408591192301225
-1.1886716522342753,-0.31906881051532865,0.06755001527020225
-1.1823420698062592,-0.3425822086121657,0.07101411861739207
-1.1755580007979574,-0.36601399920768607,0.07447822196458208
-1.1683202443684706,-0.38935519411743647,0.07794232531177189
-1.1606297735121303,-0.4125968067501671,0.0814064286589619
-1.152487735280753,-0.4357298555471562,0.0848705320061513
-1.1438954509393633,-0.4587453674305105,0.08833463535334131
-1.1348544160551222,-0.48163438125915853,0.09179873870053111
-1.1253663005192331,-0.5043879512912056,0.09526284204772113
-1.1154329485016299,-0.5269971506512892,0.09872694539491114
-1.1050563783382557,-0.5494530748016496,0.10219104874210094
-1.0942387823507813,-0.5717468450155501,0.10565515208929076
-1.0829825265986535,-0.5938696118516846,0.10911925543648056
-1.0712901505633474,-0.615812558628267,0.11258335878367037
-1.059164366764763,-0.6375669048954254,0.11604746213086017
-1.0466080603097239,-0.6591239099045328,0.1195115654780508
-1.0336242883725397,-0.6804748760731519,0.12297566882524019
-1.0202162796076446,-0.7016111524442191,0.12643977217243
-1.0063874334943568,-0.7225241381380866,0.12990387551961982
-0.9921413196137934,-0.7432052857960998,0.13336797886680962
-0.977481676858035,-0.7636461050143305,0.13683208221399942
-0.9624124125716703,-0.7838381657660852,0.14029618556118922
-0.9469376016258167,-0.803773101811876,0.14376028890837905
-0.9310614854248308,-0.8234426140954378,0.14722439225556924
-0.9147884708458613,-0.8428384741244852,0.15068849560275865
-0.8981231291114752,-0.8619525273348297,0.15415259894994887
-0.8810701945956191,-0.8807766964364938,0.15761670229713867
-0.8636345635631594,-0.8993029847405066,0.16108080564432847
-0.8458212928433086,-0.9175234794650138,0.1645449089915183
-0.8276355984372841,-0.9354303550193568,0.16800901233870852
-0.8090828540605133,-0.9530158762648073,0.1714731156858979
-0.7901685896197855,-0.9702724017506206,0.1749372190330877
-0.7708984896257612,-0.9871923869240632,0.17840132238027792
-0.7512783915412465,-1.0037683873131338,0.18186542572746692
-0.7313142840656955,-1.0199930616806498,0.18532952907465755
-0.7110123053564478,-1.0358591751483823,0.18879363242184735
-0.6903787411871686,-1.0513596022899825,0.19225773576903674
-0.6694200230440467,-1.0664873301913897,0.19572183911622737
-0.6481427261603258,-1.0812354614774422,0.19918594246341717
-0.6265535674897175,-1.0955972173034445,0.20265004581060658
-0.6046594036193254,-1.1095659403104303,0.2061141491577968
-0.5824672286227326,-1.1231350975428567,0.2095782525049866
-0.559984171853878,-1.136298283327526,0.2130423558521764
-0.5372174956824203,-1.149049222112503,0.21650645919936662
-0.5141745931713221,-1.1613817712648031,0.21997056254655603
-0.49086298569734954,-1.173289923825681,0.22343466589374583
-0.46729032051525965,-1.1847678112223279,0.22689876924093563
-0.44346436826648106,-1.1958097059347919,0.23036287258812627
-0.41939302043305277,-1.2064100241169968,0.23382697593531526
-0.3950842867376678,-1.2165633281707022,0.23729107928250548
-0.37054629249069193,-1.2262643292712745,0.24075518262969528
-0.34578727588499647,-1.2355078898441791,0.24421928597688508
-0.3208155852395151,-1.2442890259910924,0.2476833893240745
-0.2956396761924698,-1.252602909864547,0.2511474926712651
-0.270268108845162,-1.2604448719900743,0.2546115960184545
-0.24470954485731153,-1.2678104035347912,0.25807569936564473
-0.21897274449495133,-1.2746951585213986,0.2615398027128345
-0.1930665636318361,-1.2810949559866094,0.26500390606002433
-0.16699995070541296,-1.2870057820830099,0.26846800940721416
-0.1407819436284207,-1.2924237921233774,0.2719321127544044
-0.11442166665713903,-1.2973453125665328,0.27539621610159376
-0.0879283272173939,-1.3017668429437819,0.2788603194487836
-0.061311212689445116,-1.3056850577250443,0.28232442279597375
-0.03457968715283396,-1.3090968081238001,0.2857885261431632
-0.00774318809235333,-1.3119991238399678,0.28925262949035296
0.019188776933677522,-1.3143892147398897,0.2927167328375432
0.04620663366170344,-1.3162644724726051,0.296180836184733
0.07330074452657277,-1.317622472021603,0.29964493953192284
0.10046141209929302,-1.3184609731912957,0.3031090428791126
0.12767888255772183,-1.3187779220274534,0.30657314622630244
0.15494334918892902,-1.3185714521708765,0.31003724957349266
0.18224495592194626,-1.3178398861436018,0.31350135292068204
0.20957380088969532,-1.3165817365669672,0.31696545626787226
0.2369199400187328,-1.3147957073108771,0.3204295596150621
0.2642733906455726,-1.3124806945736436,0.32389366296225186
0.29162413515824775,-1.3096357878917935,0.3273577663094421
0.3189621246617594,-1.3062602710792728,0.3308218696566311
0.3462772826661207,-1.3023536230954875,0.3342859730038213
0.37355950879561917,-1.2979155188416542,0.3377500763510111
0.40079868251791156,-1.2929458298849708,0.3412141796982017
0.4279846668916205,-1.2874446251101206,0.3446782830453907
0.4551073123310286,-1.2814121712976698,0.34814238639258094
0.48215646038644605,-1.27484893362894,0.3516064897397707
0.5091219475388973,-1.2677555761169619,0.35507059308696054
0.5359936090076873,-1.260132961963136,0.35853469643415037
0.562761282569402,-1.2519821538392848,0.3619987997813406
0.5894148123869589,-1.243304414094764,0.36546290312852997
0.6159440528472463,-1.234101204888361,0.3689270064757202
0.6423388724058839,-1.2243741882447359,0.37239110982291
0.6685891574376982,-1.2141252260351647,0.3758552131700998
0.6946848160914336,-1.2033563798823952,0.3793193165172896
0.7206157821472139,-1.1920699109894604,0.38278341986447983
0.7463720188753313,-1.1802682798922826,0.3862475232116692
0.7719435228948717,-1.1679541461359868,0.38971162655885944
0.7973203280306743,-1.1551303678748326,0.39317572990604926
0.8224925091671992,-1.1418000013957055,0.39663983325323865
0.8474501860977917,-1.127966300565149,0.4001039366004284
0.8721835273678463,-1.113632716199963,0.40356803994761864
0.8966827541104273,-1.0988028953613742,0.40703214329480847
0.9209381438728397,-1.0834806805728603,0.4104962466419983
0.9449400344326431,-1.0676701089617364,0.41396034998918807
0.9686788276016725,-1.051375411324603,0.4174244533363779
0.9921449930165519,-1.0346010111168187,0.4208885566835681
1.015329071914209,-1.0173515233662016,0.4243526600307579
1.0382216808909426,-0.9996317535111406,0.4278167633779477
1.0608135156435523,-0.9814466961633767,0.43128086672513755
1.0830953546910325,-0.9628015337957383,0.4347449700723273
1.1050580630754012,-0.9437016353551065,0.43820907341951754
1.1266925960401803,-0.9241525548009538,0.44167317676670653
1.1479900026850436,-0.9041600295698332,0.44513728011389714
1.1689414295952196,-0.8837299789661791,0.4486013834610866
1.1895381244441774,-0.8628685024798494,0.4520654868082772
1.2097714395681374,-0.8415818780308797,0.4555295901554662
1.229632835511007,-0.8198765601418894,0.4589936935026564
1.249113884538297,-0.7977591780386648,0.4624577968498462
1.268206274118578,-0.7752365336794694,0.46592190019703644
1.2869018103711096,-0.7523155997136144,0.4693860035442258
1.3051924214782165,-0.7290035173698917,0.47285010689141604
1.32307016106101,-0.705307594275516,0.4763142102386058
1.3405272115171023,-0.6812353022061812,0.47977831358579565
1.357555887318935,-0.6567942747679298,0.4832424169329855
1.3741486382713468,-0.6319923050115588,0.48670652028017525
1.3902980527270699,-0.6068373429802402,0.4901706236273651
1.4059968607587854,-0.5813374931911809,0.4936347269745553
1.4212379372864536,-0.555501012052053,0.4970988303217443
1.4360143051585965,-0.5293363052130281,0.5005629336689345
1.4503191381862337,-0.5028519248552764,0.5040270370161247
1.4641457641282223,-0.47605656691675613,0.5074911403633141
1.4774876676267241,-0.4489590682562027,0.5109552437105039
1.4903384930915498,-0.4215684037562597,0.5144193470576941
1.5026920475321734,-0.39389368336665176,0.5178834504048839
1.5145423033361953,-0.365944149088384,0.5213475537520738
1.5258834009930522,-0.3377291718999908,0.5248116570992636
1.5367096517618188,-0.3092582486268008,0.5282757604464537
1.5470155402819377,-0.2805409987542849,0.5317398637936431
1.5567957271257244,-0.25158716118657587,0.5352039671408334
1.56604505129156,-0.22240659095120155,0.5386680704880232
1.5747585326366484,-0.19300925585116724,0.542132173835213
1.5829313742482725,-0.1634052330655464,0.5455962771824028
1.5905589647524896,-0.13360470569969002,0.549060380529593
1.5976368805592378,-0.10361795928625442,0.552524483876782
1.604160888042826,-0.07345537823827808,0.5559885872239726
1.610126945656829,-0.043127442255476156,0.559452690571162
1.6155312059824223,-0.01264472268502162,0.5629167939183527
1.6203700177091902,0.01798212116189819,0.5663808972655416
1.624639927547509,0.048742345736517804,0.5698450006127319
1.6283376820715991,0.07962512702059521,0.5733091039599216
1.631460229492364,0.11061956433483097,0.5767732073071119
1.6340047213591775,0.14171468418631677,0.5802373106543013
1.6359685141897957,0.17289944415363023,0.5837014140014914
1.6373491710275827,0.20416273680817337,0.5871655173486809
1.638144462925291,0.23549339367041558,0.5906296206958711
1.6383523703546456,0.2668801891996047,0.5940937240430609
1.6379710845410058,0.298311844815496,0.5975578273902508
1.6369990087224189,0.32977703295070915,0.6010219307374405
1.6354347593323955,0.3612643811322335,0.6044860340846308
1.633277167105768,0.3927624760905818,0.6079501374318206
1.6305252781070236,0.424259867895164,0.61141424077901
1.6271783546805214,0.4557450741143552,0.6148783441262001
1.6232358763220507,0.48720658399871974,0.6183424474733904
1.6186975404711939,0.5186328626859239,0.6218065508205793
1.613563263223997,0.5500123554257735,0.6252706541677696
1.6078331799654912,0.581333491823804,0.6287347575149598
1.6015076459216115,0.6125846901019214,0.6321988608621492
1.5945872366301106,0.643754361374497,0.635662964209339
1.587072748330092,0.6748309139383161,0.6391270675565293
1.5789651982698039,0.7058027575748461,0.642591170903719
1.5702658249323806,0.736658307863205,0.6460552742509093
1.5609760881792463,0.7673859905022017,0.6495193775980986
1.5510976693109104,0.7979742456398907,0.6529834809452885
1.5406324710449395,0.8284115322090025,0.6564475842924783
1.529582617410905,0.8586863322665987,0.6599116876396685
1.51795045356214,0.8887871553363795,0.6633757909868575
1.505738545504164,0.918702542751985,0.6668398943340481
1.4929496797396986,0.9484210719996256,0.6703039976812375
1.4795868628301578,0.9779313610584736,0.6737681010284277
1.4656533208736253,1.0072220727370906,0.6772322043756172
1.4511524988992643,1.0362819190043124,0.6806963077228073
1.4360880601782076,1.0650996653129206,0.6841604110699971
1.4204638854509863,1.0936641349144274,0.6876245144171873
1.4042840720715632,1.1219642131633747,0.6910886177643767
1.3875529330681007,1.149988851809476,0.694552721111567
1.3702749961206269,1.177727073275931,0.6980168244587568
1.352455002455756,1.2051679749223114,0.7014809278059466
1.3340979056586877,1.2323007332903548,0.7049450311531363
1.3152088704027483,1.2591146083310032,0.7084091345003262
1.2957932710967204,1.2855989476110896,0.711873237847516
1.2758566904502864,1.3117431904980235,0.7153373411947062
1.2554049179579412,1.3375368723208152,0.718801444541896
1.2344439483017142,1.3629696285058714,0.7222655478890858
1.2129799796731267,1.3880311986859082,0.7257296512362756
1.1910194120148239,1.4127114307803623,0.7291937545834655
1.168568845182334,1.4370002850457309,0.7326578579306549
1.1456350770264503,1.4608878380942172,0.736121961277845
1.1222251013967968,1.484364286879092,0.7395860646250353
1.0983461060670974,1.5074199526452103,0.7430501679722247
1.0740054705827555,1.530045284843106,0.7465142713194148
1.049210764031392,1.5522308650050851,0.7499783746666047
1.02396974273695,1.5739674105818033,0.7534424780137945
0.9982903478780695,1.5952457787377705,0.7569065813609843
0.9721807030314684,1.616056970104248,0.7603706847081741
0.9456491116410314,1.6363921324880482,0.7638347880553639
0.9187040544133968,1.6562425645347314,0.7672988914025537
0.8913541866408687,1.6755997193446919,0.770762994749744
0.8636083354524453,1.6944552080406927,0.7742270980969329
0.8354754969938374,1.7128008032853856,0.7776912014441235
0.8069648335373985,1.7306284427473482,0.7811553047913133
0.7780856705228352,1.7479302325142556,0.7846194081385036
0.7488474935296642,1.7646984504517602,0.7880835114856926
0.7192599451824195,1.780925549506665,0.7915476148328832
0.68933282198956,1.7966041609530647,0.7950117181800725
0.6590760711171305,1.811727097580075,0.7984758215272628
0.6284997870982586,1.8262873568197981,0.8019399248744526
0.5976142084795194,1.8402781238142514,0.8054040282216424
0.566429714405302,1.8536927744199299,0.8088681315688319
0.5349568211413364,1.8665248781487318,0.8123322349160225
0.5032061785384929,1.8787682010440154,0.8157963382632119
0.471188566438062,1.8904167084905308,0.8192604416104017
0.438914891019752,1.9014645679570237,0.8227245449575923
0.4063961810935876,1.9119061516703344,0.8261886483047817
0.37364358433699013,1.9217360392198184,0.8296527516519715
0.34066836347835316,1.9309490200909425,0.8331168549991613
0.30748189242836,1.9395400961269562,0.836580958346351
0.2740956523603987,1.9475044839175413,0.8400450616935413
0.2405212277414562,1.9548376171133577,0.8435091650407303
0.20677030231478355,1.9615351486654713,0.8469732683879205
0.1728546550358187,1.9675929529886271,0.8504373717351107
0.1387861559627017,1.9730071280473902,0.8539014750823001
0.10457676210284683,1.9777739973641917,0.8573655784294903
0.07023851321705289,1.9818901119483396,0.8608296817766802
0.035783527582567184,1.985352252145094,0.8642937851238703
0.0012239977166220919,1.98815742940393,0.8677578884710597
-0.03342781393801712,1.9903028879651268,0.8712219918182496
-0.0681595793640249,1.9917861064638769,0.8746860951654394
-0.10295890935543578,1.9926047994511105,0.8781501985126292
-0.1378133579369222,1.9927569188302814,0.881614301859819
-0.1727104268149127,1.9922406552093765,0.8850784052070084
-0.20763756985892906,1.9910544391674503,0.888542508554199
-0.2425821976115064,1.9891969424350104,0.8920066119013889
-0.2775316818251335,1.986667078987617,0.8954707152485795
-0.3124733600245508,1.9834640060520778,0.8989348185957684
-0.3473945400927266,1.9795871250246755,0.9023989219429587
-0.38228250487891247,1.975036082300867,0.9058630252901481
-0.417124516827074,1.9698107700159462,0.9093271286373382
-0.4519078226229851,1.9639113266961958,0.912791231984528
-0.4866196578583509,1.9573381378200645,0.9162553353317179
-0.5212472517102231,1.9500918362889643,0.9197194386789082
-0.5557778316339688,1.942173302807301,0.9231835420260979
-0.5901986280681222,1.9335836661713939,0.9266476453732873
-0.6244968791493687,1.924324303466947,0.9301117487204771
-0.6586598354358825,1.914396840174827,0.9335758520676677
-0.6926747646373389,1.9038031501848582,0.9370399554148567
-0.7265289563498187,1.8925453557174434,0.9405040587620469
-0.7602097267938146,1.8806258271528327,0.9439681621092367
-0.7937044235536415,1.8680471827678724,0.9474322654564266
-0.8270004303164482,1.8548122883801392,0.9508963688036164
-0.8600851716090386,1.8409242568993858,0.954360472150807
-0.8929461175307801,1.8263864477862355,0.9578245754979959
-0.9255707884807982,1.8112024664181305,0.9612886788451862
-0.9579467598776524,1.7953761633625671,0.964752782192376
-0.9900616668697684,1.7789116335576627,0.9682168855395658
-1.0219032090348217,1.7618132154001538,0.9716809888867556
-1.0534591550662669,1.7440854897409794,0.975145092233945
-1.0847173474452887,1.725733278788578,0.9786091955811357
-1.1156657070963725,1.7067616449201235,0.9820732989283251
-1.1462922380246932,1.687175889400945,0.9855374022755152
-1.1765850319336086,1.666981551012369,0.9890015056227046
-1.2065322728204562,1.646184404588313,0.9924656089698944
-1.2361222415488755,1.6247904594609797,0.9959297123170847
-1.265343320395941,1.6028059578160003,0.9993938156642744
-1.2941839975723333,1.5802373729574475,1.0028579190114646
-1.3226328717137747,1.5570914074831872,1.0063220223586542
-1.3506786563420456,1.5333749913710089,1.0097861257058438
-1.378310184293821,1.509095279976069,1.013250229053034
-1.405516412115582,1.4842596519402065,1.016714332400224
-1.432286424422939,1.458875707013692,1.0201784357474137
-1.4586094382226384,1.4329512637900235,1.0236425390946036
-1.484474807195533,1.4064943573544642,1.0271066424417934
-1.509872025938893,1.3795132368469296,1.0305707457889832
-1.5347907341663263,1.3520163629400253,1.0340348491361733
-1.5592207208636923,1.3240124052329199,1.0374989524833627
-1.583151928399355,1.2955102395618616,1.0409630558305525
-1.6065744565871103,1.2665189452281829,1.0444271591777432
-1.6294785667002274,1.237047802144587,1.0478912625249321
-1.6518546854349623,1.2071062879006327,1.0513553658721224
-1.6736934088219486,1.176704074748344,1.0548194692193122
-1.6949855060839363,1.1458510265088524,1.0582835725665025
-1.7157219234382926,1.1145571954010642,1.0617476759136923
-1.73589378784272,1.0828328187933929,1.0652117792608824
-1.7554924106827061,1.05068831587954,1.0686758826080713
-1.7745092913991884,1.0181342842794259,1.0721399859552616
-1.7929361210549308,0.9851814965663903,1.0756040893024514
-1.810764785838191,0.9518408967217448,1.0790681926496413
-1.8279873705022196,0.9181235965178586,1.082532295996831
-1.8445961617391502,0.8840408718310007,1.0859963993440205
-1.8605836514869185,0.8496041588850921,1.0894605026912103
-1.8759425401678222,0.814825050427647,1.0929246060384006
-1.8906657398573448,0.7797152918392057,1.0963887093855906
-1.904746377381945,0.7442867771774988,1.09985281273278
-1.9181777973444964,0.7085515451577036,1.1033169160799698
-1.9309535650760732,0.6725217750701755,1.1067810194271601
-1.943067469512861,0.6362097826369782,1.11024512277435
-1.9545135259969346,0.5996280158086434,1.1137092261215393
-1.965285978999697,0.5627890505026327,1.1171733294687296
-1.97537930476682,0.5257055862848871,1.1206374328159194
-1.9847882138835147,0.48839044199598197,1.1241015361631095
-1.9935076537590033,0.45085655132342306,1.1275656395102993
-2.0015328110291195,0.41311695832154643,1.1310297428574891
-2.0088591138759417,0.37518481288060684,1.134493846204679
-2.015482234263425,0.3370733661466586,1.1379579495518688
-2.0213980900880326,0.2987959658937601,1.141422052899059
-2.0266028472433733,0.2603660518501494,1.144886156246248
-2.0310929215978923,0.22179715098005862,1.1483502595934383
-2.0348649808846986,0.183102872722761,1.1518143629406281
-2.037915946502644,0.1442969041905552,1.1552784662878186
-2.040242995227778,0.10539300532741658,1.1587425696350075
-2.041843560834367,0.06640500402996131,1.1622066729821978
-2.042715335624678,0.02734679123248578,1.1656707763293876
-2.0428562718667584,-0.011767684042138057,1.169134879676578
-2.0422645831394846,-0.05092441966401445,1.1725989830237677
-2.0409387455841883,-0.0901093654084109,1.1760630863709571
-2.038877499062185,-0.12930842799675255,1.1795271897181474
-2.036079848217584,-0.16850747616468312,1.182991293065337
-2.03254506344478,-0.20769234575533554,1.1864553964125268
-2.0282726817600647,-0.2468488448359443,1.1899194997597167
-2.02326250757683,-0.28596275883601835,1.1933836031069065
-2.017514613383874,-0.3250198557051815,1.1968477064540963
-2.0110293403263486,-0.3640058910887726,1.2003118098012862
-2.0038072986889284,-0.40290661351941665,1.203775913148476
-1.9958493682808154,-0.44170776962256514,1.2072400164956663
-1.9871566987222276,-0.4803951093341983,1.2107041198428556
-1.9777307096320533,-0.5189543911287466,1.2141682231900461
-1.9675730907164077,-0.5573713872552585,1.2176323265372355
-1.9566858017578235,-0.5956318889800322,1.2210964298844253
-1.9450710725048905,-0.6337217118336265,1.2245605332316156
-1.9327314024621847,-0.6716267008603851,1.228024636578805
-1.919669560580309,-0.7093327358685982,1.2314887399259948
-1.905888584846005,-0.7468257366792305,1.234952843273185
-1.8913917817722552,-0.7840916683713299,1.238416946620375
-1.876182725788329,-0.821116546522234,1.2418810499675648
-1.8602652585298303,-0.8578864424404918,1.2453451533147548
-1.8436434880287933,-0.8943874883896142,1.2488092566619442
-1.826321787803869,-0.9306058828007597,1.2522733600091334
-1.8083047958508,-0.9665278954722789,1.2557374633563243
-1.7895974135333121,-1.0021398727542254,1.2592015667035141
-1.7702048043746048,-1.0374282427159454,1.2626656700507035
-1.7501323927497288,-1.0723795202946755,1.2661297733978945
-1.7293858624791105,-1.1069803124232624,1.2695938767450832
-1.7079711553234955,-1.1412173231351244,1.2730579800922732
-1.6858944693807316,-1.1750773586443977,1.2765220834394635
-1.663162257384753,-1.2085473323993963,1.2799861867866533
-1.639781224907149,-1.2416142701075195,1.2834502901338423
-1.615758328461856,-1.2742653147295613,1.2869143934810325
-1.591100773513417,-1.3064877314416177,1.2903784968282228
-1.565816012389389,-1.338268912562612,1.2938426001754126
-1.5399117420973993,-1.369596382445642,1.2973067035226016
-1.5133959020475538,-1.4004578023311507,1.3007708068697923
-1.4862766716808031,-1.430840975160096,1.304234910216982
-1.4585624680038973,-1.4607338503453229,1.3076990135641717
-1.4302619430317418,-1.4901245284991635,1.311163116911362
-1.4013839811378723,-1.5190012661154948,1.3146272202585514
-1.3719376963137793,-1.5473524802044731,1.3180913236057412
-1.341932429338007,-1.5751667528780309,1.3215554269529315
-1.3113777448558481,-1.6024328358843984,1.3250195303001209
-1.280283428370468,-1.6291396550899078,1.3284836336473107
-1.2486594831464997,-1.6552763149062266,1.3319477369945012
-1.2165161270270162,-1.6808321026613156,1.3354118403416904
-1.1838637891648374,-1.7057964929124294,1.3388759436888809
-1.1507131066692917,-1.73015915169935,1.3423400470360707
-1.1170749211694697,-1.7539099407362182,1.3458041503832605
-1.0829602752949938,-1.7770389215403148,1.3492682537304503
-1.0483804090755542,-1.7995363594960676,1.3527323570776402
-1.0133467562603236,-1.8213927278526771,1.35619646042483
-0.9778709405583857,-1.8425987116538114,1.3596605637720198
-0.9419647718015187,-1.8631452115976725,1.3631246671192099
-0.9056402420305412,-1.8830233478259357,1.3665887704663993
-0.8689095215064463,-1.902224463640035,1.370052873813589
-0.8317849546477678,-1.9207401291432022,1.3735169771607794
-0.7942790558954648,-1.93856214480682,1.3769810805079692
-0.7564045055066474,-1.9556825449596278,1.3804451838551586
-0.718174145278673,-1.9720936011982841,1.3839092872023493
-0.6796009742049923,-1.987787825717898,1.3873733905495387
-0.6406981440641437,-2.002757974561168,1.390837493896728
-0.6014789549435179,-2.0169970507847017,1.3943015972439186
-0.5619568506993533,-2.030498307541218,1.3977657005911084
-0.5221454143544381,-2.0432552510763413,1.4012298039382978
-0.48205836343522646,-2.0552616436386675,1.404693907285488
-0.4417095452499028,-2.066511506301877,1.4081580106326779
-0.40111293210894844,-2.07699912169769,1.4116221139798677
-0.36028261648999466,-2.086719036658443,1.4150862173270582
-0.31923280614856653,-2.095666064768156,1.418550320674247
-0.2779778191763444,-2.103835288820966,1.4220144240214372
-0.2365320790087977,-2.111222063185818,1.4254785273686268
-0.19491010938386416,-2.117822016076363,1.428942630715817
-0.15312652925336342,-2.123631051725046,1.4324067340630064
-0.11119604764906998,-2.128645352460376,1.4358708374101972
-0.06913345850517688,-2.132861380686417,1.4393349407573865
-0.026953635438901426,-2.136275880763605,1.4427990441045764
0.015328473508783027,-2.1388858807899522,1.4462631474517667
0.05769785117050128,-2.1406886942818315,1.4497272507989563
0.10013941658611059,-2.141681921753492,1.4531913541461459
0.1426380303705774,-2.1418634521945297,1.4566554574933364
0.18517850011425777,-2.141231464444578,1.4601195608405257
0.2277455858137268,-2.139784428464487,1.4635836641877156
0.2703240053310722,-2.1375211065033333,1.4670477675349058
0.3128984398797687,-2.134440554160623,1.4705118708820952
0.35545353953523495,-2.130542121343078,1.4739759742292846
0.3979739287679494,-2.125825453115468,1.4774400775764753
0.44044421199719963,-2.120290490444934,1.4809041809236654
0.48284897916353536,-2.113937470838344,1.4843682842708543
0.5251728113177617,-2.1067669288722297,1.4878323876180455
0.5674002862245209,-2.0987796966148977,1.491296490965234
0.6095159839784964,-2.089976903940328,1.4947605943124243
0.6515044926310544,-2.0803599787335734,1.4982246976596145
0.6933504138253417,-2.069930646987336,1.5016888010068044
0.7350383684378505,-2.058690932789474,1.5051529043539937
0.7765530022242482,-2.0466431582012543,1.5086170077011838
0.8178789914674638,-2.0337899430261626,1.512081111048374
0.8590010486260374,-2.0201342044691364,1.5155452143955634
0.8999039279805026,-2.00567915668615,1.5190093177427537
0.9405724312757964,-1.9904283102241032,1.522473421089943
0.9809914133576767,-1.974385471350974,1.525937524437133
1.0211457878009256,-1.9575547412763155,1.5294016277843228
1.0610205325273194,-1.9399405152621447,1.532865731131513
1.1006006954113419,-1.921547481624318,1.5363298344787024
1.1398713998714256,-1.9023806206245935,1.539793937825893
1.1788178504446933,-1.882445203253554,1.5432580411730823
1.2174253383431948,-1.8617467899045914,1.5467221445202721
1.255679246989414,-1.840291228939302,1.5501862478674624
1.2935650575290436,-1.8180846551445589,1.5536503512146522
1.3310683543190158,-1.7951334880816097,1.5571144545618416
1.3681748303885974,-1.771444430327645,1.5605785579090319
1.4048702928715462,-1.7470244656102625,1.5640426612562217
1.4411406684073442,-1.7218808568352468,1.5675067646034118
1.4769720085093336,-1.6960211440082822,1.570970867950602
1.5123504948977735,-1.6694531420511034,1.574434971297791
1.5472624447958652,-1.6421849385126537,1.5778990746449808
1.5816943161865855,-1.6142248911759667,1.5813631779921706
1.6156327130283978,-1.585581625561415,1.5848272813393613
1.6490643904278939,-1.5562640323269945,1.5882913846865507
1.6819762597672652,-1.526281264566496,1.591755488033741
1.7143553937846927,-1.4956427350063233,1.5952195913809304
1.7461890316057553,-1.4643581131017251,1.59868369472812
1.7774645837237941,-1.4324373220334385,1.6021477980753103
1.8081696369273699,-1.3998905356055957,1.6056119014224997
1.8382919591729472,-1.3667281750457876,1.60907600476969
1.867819504400809,-1.3329609057083933,1.6125401081168798
1.8967404172923699,-1.2985996336821406,1.6160042114640691
1.9250430379670855,-1.2636555023029048,1.6194683148112599
1.9527159066170159,-1.2281398885729662,1.6229324181584492
1.9797477680772637,-1.1920643994878037,1.626396521505639
2.006127576330545,-1.1554408682715325,1.6298606248528296
2.0318444989440048,-1.1182813505223335,1.633324728200019
2.0568879214365836,-1.0805981202690358,1.6367888315472092
2.081247451575227,-1.0424036659400917,1.6402529348943977
2.1049129235981345,-1.0037106862463754,1.6437170382415884
2.1278744023634495,-0.9645320859790518,1.6471811415887783
2.150122187421652,-0.9248809717239822,1.650645244935968
2.171646817010098,-0.8847706474939634,1.6541093482831575
2.192439071968,-0.844214610280391,1.657573451630348
2.2124899795703095,-0.8032265455257654,1.6610375549775374
2.2317908172789696,-0.7618203225184788,1.6645016583247276
2.2503331164099345,-0.720009989711571,1.6679657616719175
2.268108665714488,-0.6778097699669585,1.6714298650191077
2.285109514873422,-0.6352340557266717,1.6748939683662971
2.3013279779025515,-0.5922974041128789,1.6783580717134865
2.3167566364681997,-0.5490145319582906,1.6818221750606772
2.3313883431112763,-0.5054003107685666,1.6852862784078666
2.3452162243785546,-0.4614697616185887,1.6887503817550575
2.3582336838598477,-0.41723804998428293,1.692214485102246
2.3704344051298065,-0.37272048051168627,1.6956785884494359
2.3818123545930496,-0.327932491725213,1.6991426917966252
2.392361784231423,-0.28288965067687366,1.702606795143816
2.402077234252203,-0.23760764753822486,1.7060708984910058
2.410953535636061,-0.1921022901370773,1.709535001838196
2.418985812583691,-0.14638949844078994,1.712999105185386
2.42616948486002,-0.10048529898799734,1.7164632085325753
2.432500270034915,-0.05440581927086988,1.7199273118797653
2.4379741856194146,-0.008167282069800882,1.7233914152269552
2.4425875510964814,0.038214000257568964,1.726855518574145
2.4463369898453475,0.08472163153082372,1.7303196219213344

